[2025-08-26T08:56:50.419+0000] {processor.py:161} INFO - Started process (PID=163) to work on /opt/airflow/dags/ml_pipeline.py
[2025-08-26T08:56:50.422+0000] {processor.py:830} INFO - Processing file /opt/airflow/dags/ml_pipeline.py for tasks to queue
[2025-08-26T08:56:50.424+0000] {logging_mixin.py:188} INFO - [2025-08-26T08:56:50.424+0000] {dagbag.py:538} INFO - Filling up the DagBag from /opt/airflow/dags/ml_pipeline.py
[2025-08-26T08:56:50.478+0000] {processor.py:840} INFO - DAG(s) 'ml_pipeline' retrieved from /opt/airflow/dags/ml_pipeline.py
[2025-08-26T08:56:50.533+0000] {logging_mixin.py:188} INFO - [2025-08-26T08:56:50.533+0000] {dag.py:3036} INFO - Sync 1 DAGs
[2025-08-26T08:56:50.564+0000] {logging_mixin.py:188} INFO - [2025-08-26T08:56:50.563+0000] {dag.py:3823} INFO - Setting next_dagrun for ml_pipeline to None, run_after=None
[2025-08-26T08:56:50.605+0000] {processor.py:183} INFO - Processing /opt/airflow/dags/ml_pipeline.py took 0.195 seconds
[2025-08-26T08:57:21.003+0000] {processor.py:161} INFO - Started process (PID=168) to work on /opt/airflow/dags/ml_pipeline.py
[2025-08-26T08:57:21.005+0000] {processor.py:830} INFO - Processing file /opt/airflow/dags/ml_pipeline.py for tasks to queue
[2025-08-26T08:57:21.008+0000] {logging_mixin.py:188} INFO - [2025-08-26T08:57:21.007+0000] {dagbag.py:538} INFO - Filling up the DagBag from /opt/airflow/dags/ml_pipeline.py
[2025-08-26T08:57:21.086+0000] {processor.py:840} INFO - DAG(s) 'ml_pipeline' retrieved from /opt/airflow/dags/ml_pipeline.py
[2025-08-26T08:57:21.438+0000] {logging_mixin.py:188} INFO - [2025-08-26T08:57:21.438+0000] {dag.py:3036} INFO - Sync 1 DAGs
[2025-08-26T08:57:21.474+0000] {logging_mixin.py:188} INFO - [2025-08-26T08:57:21.474+0000] {dag.py:3823} INFO - Setting next_dagrun for ml_pipeline to None, run_after=None
[2025-08-26T08:57:21.544+0000] {processor.py:183} INFO - Processing /opt/airflow/dags/ml_pipeline.py took 0.555 seconds
[2025-08-26T08:57:52.149+0000] {processor.py:161} INFO - Started process (PID=173) to work on /opt/airflow/dags/ml_pipeline.py
[2025-08-26T08:57:52.163+0000] {processor.py:830} INFO - Processing file /opt/airflow/dags/ml_pipeline.py for tasks to queue
[2025-08-26T08:57:52.165+0000] {logging_mixin.py:188} INFO - [2025-08-26T08:57:52.165+0000] {dagbag.py:538} INFO - Filling up the DagBag from /opt/airflow/dags/ml_pipeline.py
[2025-08-26T08:57:52.219+0000] {processor.py:840} INFO - DAG(s) 'ml_pipeline' retrieved from /opt/airflow/dags/ml_pipeline.py
[2025-08-26T08:57:52.285+0000] {logging_mixin.py:188} INFO - [2025-08-26T08:57:52.284+0000] {dag.py:3036} INFO - Sync 1 DAGs
[2025-08-26T08:57:52.314+0000] {logging_mixin.py:188} INFO - [2025-08-26T08:57:52.314+0000] {dag.py:3823} INFO - Setting next_dagrun for ml_pipeline to None, run_after=None
[2025-08-26T08:57:52.361+0000] {processor.py:183} INFO - Processing /opt/airflow/dags/ml_pipeline.py took 0.254 seconds
[2025-08-26T08:58:22.594+0000] {processor.py:161} INFO - Started process (PID=178) to work on /opt/airflow/dags/ml_pipeline.py
[2025-08-26T08:58:22.596+0000] {processor.py:830} INFO - Processing file /opt/airflow/dags/ml_pipeline.py for tasks to queue
[2025-08-26T08:58:22.598+0000] {logging_mixin.py:188} INFO - [2025-08-26T08:58:22.597+0000] {dagbag.py:538} INFO - Filling up the DagBag from /opt/airflow/dags/ml_pipeline.py
[2025-08-26T08:58:22.636+0000] {processor.py:840} INFO - DAG(s) 'ml_pipeline' retrieved from /opt/airflow/dags/ml_pipeline.py
[2025-08-26T08:58:22.659+0000] {logging_mixin.py:188} INFO - [2025-08-26T08:58:22.658+0000] {dag.py:3036} INFO - Sync 1 DAGs
[2025-08-26T08:58:22.685+0000] {logging_mixin.py:188} INFO - [2025-08-26T08:58:22.685+0000] {dag.py:3823} INFO - Setting next_dagrun for ml_pipeline to None, run_after=None
[2025-08-26T08:58:22.726+0000] {processor.py:183} INFO - Processing /opt/airflow/dags/ml_pipeline.py took 0.135 seconds
[2025-08-26T08:58:52.813+0000] {processor.py:161} INFO - Started process (PID=183) to work on /opt/airflow/dags/ml_pipeline.py
[2025-08-26T08:58:52.814+0000] {processor.py:830} INFO - Processing file /opt/airflow/dags/ml_pipeline.py for tasks to queue
[2025-08-26T08:58:52.816+0000] {logging_mixin.py:188} INFO - [2025-08-26T08:58:52.815+0000] {dagbag.py:538} INFO - Filling up the DagBag from /opt/airflow/dags/ml_pipeline.py
[2025-08-26T08:58:52.846+0000] {processor.py:840} INFO - DAG(s) 'ml_pipeline' retrieved from /opt/airflow/dags/ml_pipeline.py
[2025-08-26T08:58:53.073+0000] {logging_mixin.py:188} INFO - [2025-08-26T08:58:53.073+0000] {dag.py:3036} INFO - Sync 1 DAGs
[2025-08-26T08:58:53.096+0000] {logging_mixin.py:188} INFO - [2025-08-26T08:58:53.096+0000] {dag.py:3823} INFO - Setting next_dagrun for ml_pipeline to None, run_after=None
[2025-08-26T08:58:53.136+0000] {processor.py:183} INFO - Processing /opt/airflow/dags/ml_pipeline.py took 0.330 seconds
[2025-08-26T08:59:23.355+0000] {processor.py:161} INFO - Started process (PID=188) to work on /opt/airflow/dags/ml_pipeline.py
[2025-08-26T08:59:23.357+0000] {processor.py:830} INFO - Processing file /opt/airflow/dags/ml_pipeline.py for tasks to queue
[2025-08-26T08:59:23.359+0000] {logging_mixin.py:188} INFO - [2025-08-26T08:59:23.358+0000] {dagbag.py:538} INFO - Filling up the DagBag from /opt/airflow/dags/ml_pipeline.py
[2025-08-26T08:59:23.383+0000] {processor.py:840} INFO - DAG(s) 'ml_pipeline' retrieved from /opt/airflow/dags/ml_pipeline.py
[2025-08-26T08:59:23.416+0000] {logging_mixin.py:188} INFO - [2025-08-26T08:59:23.416+0000] {dag.py:3036} INFO - Sync 1 DAGs
[2025-08-26T08:59:23.431+0000] {logging_mixin.py:188} INFO - [2025-08-26T08:59:23.430+0000] {dag.py:3823} INFO - Setting next_dagrun for ml_pipeline to None, run_after=None
[2025-08-26T08:59:23.455+0000] {processor.py:183} INFO - Processing /opt/airflow/dags/ml_pipeline.py took 0.104 seconds
[2025-08-26T08:59:53.565+0000] {processor.py:161} INFO - Started process (PID=193) to work on /opt/airflow/dags/ml_pipeline.py
[2025-08-26T08:59:53.567+0000] {processor.py:830} INFO - Processing file /opt/airflow/dags/ml_pipeline.py for tasks to queue
[2025-08-26T08:59:53.569+0000] {logging_mixin.py:188} INFO - [2025-08-26T08:59:53.569+0000] {dagbag.py:538} INFO - Filling up the DagBag from /opt/airflow/dags/ml_pipeline.py
[2025-08-26T08:59:53.616+0000] {processor.py:840} INFO - DAG(s) 'ml_pipeline' retrieved from /opt/airflow/dags/ml_pipeline.py
[2025-08-26T08:59:53.666+0000] {logging_mixin.py:188} INFO - [2025-08-26T08:59:53.665+0000] {dag.py:3036} INFO - Sync 1 DAGs
[2025-08-26T08:59:53.685+0000] {logging_mixin.py:188} INFO - [2025-08-26T08:59:53.685+0000] {dag.py:3823} INFO - Setting next_dagrun for ml_pipeline to None, run_after=None
[2025-08-26T08:59:53.710+0000] {processor.py:183} INFO - Processing /opt/airflow/dags/ml_pipeline.py took 0.152 seconds
[2025-08-26T09:00:24.019+0000] {processor.py:161} INFO - Started process (PID=201) to work on /opt/airflow/dags/ml_pipeline.py
[2025-08-26T09:00:24.023+0000] {processor.py:830} INFO - Processing file /opt/airflow/dags/ml_pipeline.py for tasks to queue
[2025-08-26T09:00:24.025+0000] {logging_mixin.py:188} INFO - [2025-08-26T09:00:24.025+0000] {dagbag.py:538} INFO - Filling up the DagBag from /opt/airflow/dags/ml_pipeline.py
[2025-08-26T09:00:24.120+0000] {processor.py:840} INFO - DAG(s) 'ml_pipeline' retrieved from /opt/airflow/dags/ml_pipeline.py
[2025-08-26T09:00:24.191+0000] {logging_mixin.py:188} INFO - [2025-08-26T09:00:24.190+0000] {dag.py:3036} INFO - Sync 1 DAGs
[2025-08-26T09:00:24.239+0000] {logging_mixin.py:188} INFO - [2025-08-26T09:00:24.238+0000] {dag.py:3823} INFO - Setting next_dagrun for ml_pipeline to None, run_after=None
[2025-08-26T09:00:24.287+0000] {processor.py:183} INFO - Processing /opt/airflow/dags/ml_pipeline.py took 0.276 seconds
[2025-08-26T09:00:54.731+0000] {processor.py:161} INFO - Started process (PID=275) to work on /opt/airflow/dags/ml_pipeline.py
[2025-08-26T09:00:54.740+0000] {processor.py:830} INFO - Processing file /opt/airflow/dags/ml_pipeline.py for tasks to queue
[2025-08-26T09:00:54.757+0000] {logging_mixin.py:188} INFO - [2025-08-26T09:00:54.746+0000] {dagbag.py:538} INFO - Filling up the DagBag from /opt/airflow/dags/ml_pipeline.py
[2025-08-26T09:00:54.974+0000] {processor.py:840} INFO - DAG(s) 'ml_pipeline' retrieved from /opt/airflow/dags/ml_pipeline.py
[2025-08-26T09:00:55.185+0000] {logging_mixin.py:188} INFO - [2025-08-26T09:00:55.185+0000] {dag.py:3036} INFO - Sync 1 DAGs
[2025-08-26T09:00:55.283+0000] {logging_mixin.py:188} INFO - [2025-08-26T09:00:55.283+0000] {dag.py:3823} INFO - Setting next_dagrun for ml_pipeline to None, run_after=None
[2025-08-26T09:00:55.421+0000] {processor.py:183} INFO - Processing /opt/airflow/dags/ml_pipeline.py took 0.731 seconds
[2025-08-26T09:01:25.765+0000] {processor.py:161} INFO - Started process (PID=332) to work on /opt/airflow/dags/ml_pipeline.py
[2025-08-26T09:01:25.767+0000] {processor.py:830} INFO - Processing file /opt/airflow/dags/ml_pipeline.py for tasks to queue
[2025-08-26T09:01:25.770+0000] {logging_mixin.py:188} INFO - [2025-08-26T09:01:25.769+0000] {dagbag.py:538} INFO - Filling up the DagBag from /opt/airflow/dags/ml_pipeline.py
[2025-08-26T09:01:25.838+0000] {processor.py:840} INFO - DAG(s) 'ml_pipeline' retrieved from /opt/airflow/dags/ml_pipeline.py
[2025-08-26T09:01:25.910+0000] {logging_mixin.py:188} INFO - [2025-08-26T09:01:25.909+0000] {dag.py:3036} INFO - Sync 1 DAGs
[2025-08-26T09:01:25.945+0000] {logging_mixin.py:188} INFO - [2025-08-26T09:01:25.945+0000] {dag.py:3823} INFO - Setting next_dagrun for ml_pipeline to None, run_after=None
[2025-08-26T09:01:25.997+0000] {processor.py:183} INFO - Processing /opt/airflow/dags/ml_pipeline.py took 0.240 seconds
[2025-08-26T09:01:56.180+0000] {processor.py:161} INFO - Started process (PID=366) to work on /opt/airflow/dags/ml_pipeline.py
[2025-08-26T09:01:56.182+0000] {processor.py:830} INFO - Processing file /opt/airflow/dags/ml_pipeline.py for tasks to queue
[2025-08-26T09:01:56.184+0000] {logging_mixin.py:188} INFO - [2025-08-26T09:01:56.183+0000] {dagbag.py:538} INFO - Filling up the DagBag from /opt/airflow/dags/ml_pipeline.py
[2025-08-26T09:01:56.231+0000] {processor.py:840} INFO - DAG(s) 'ml_pipeline' retrieved from /opt/airflow/dags/ml_pipeline.py
[2025-08-26T09:01:56.297+0000] {logging_mixin.py:188} INFO - [2025-08-26T09:01:56.296+0000] {dag.py:3036} INFO - Sync 1 DAGs
[2025-08-26T09:01:56.324+0000] {logging_mixin.py:188} INFO - [2025-08-26T09:01:56.324+0000] {dag.py:3823} INFO - Setting next_dagrun for ml_pipeline to None, run_after=None
[2025-08-26T09:01:56.365+0000] {processor.py:183} INFO - Processing /opt/airflow/dags/ml_pipeline.py took 0.190 seconds
[2025-08-26T09:02:26.573+0000] {processor.py:161} INFO - Started process (PID=373) to work on /opt/airflow/dags/ml_pipeline.py
[2025-08-26T09:02:26.575+0000] {processor.py:830} INFO - Processing file /opt/airflow/dags/ml_pipeline.py for tasks to queue
[2025-08-26T09:02:26.576+0000] {logging_mixin.py:188} INFO - [2025-08-26T09:02:26.576+0000] {dagbag.py:538} INFO - Filling up the DagBag from /opt/airflow/dags/ml_pipeline.py
[2025-08-26T09:02:26.605+0000] {processor.py:840} INFO - DAG(s) 'ml_pipeline' retrieved from /opt/airflow/dags/ml_pipeline.py
[2025-08-26T09:02:26.637+0000] {logging_mixin.py:188} INFO - [2025-08-26T09:02:26.637+0000] {dag.py:3036} INFO - Sync 1 DAGs
[2025-08-26T09:02:26.652+0000] {logging_mixin.py:188} INFO - [2025-08-26T09:02:26.651+0000] {dag.py:3823} INFO - Setting next_dagrun for ml_pipeline to None, run_after=None
[2025-08-26T09:02:26.676+0000] {processor.py:183} INFO - Processing /opt/airflow/dags/ml_pipeline.py took 0.107 seconds
[2025-08-26T09:02:56.797+0000] {processor.py:161} INFO - Started process (PID=378) to work on /opt/airflow/dags/ml_pipeline.py
[2025-08-26T09:02:56.798+0000] {processor.py:830} INFO - Processing file /opt/airflow/dags/ml_pipeline.py for tasks to queue
[2025-08-26T09:02:56.799+0000] {logging_mixin.py:188} INFO - [2025-08-26T09:02:56.799+0000] {dagbag.py:538} INFO - Filling up the DagBag from /opt/airflow/dags/ml_pipeline.py
[2025-08-26T09:02:56.828+0000] {processor.py:840} INFO - DAG(s) 'ml_pipeline' retrieved from /opt/airflow/dags/ml_pipeline.py
[2025-08-26T09:02:56.879+0000] {logging_mixin.py:188} INFO - [2025-08-26T09:02:56.879+0000] {dag.py:3036} INFO - Sync 1 DAGs
[2025-08-26T09:02:56.906+0000] {logging_mixin.py:188} INFO - [2025-08-26T09:02:56.905+0000] {dag.py:3823} INFO - Setting next_dagrun for ml_pipeline to None, run_after=None
[2025-08-26T09:02:56.939+0000] {processor.py:183} INFO - Processing /opt/airflow/dags/ml_pipeline.py took 0.147 seconds
[2025-08-26T09:03:27.077+0000] {processor.py:161} INFO - Started process (PID=383) to work on /opt/airflow/dags/ml_pipeline.py
[2025-08-26T09:03:27.079+0000] {processor.py:830} INFO - Processing file /opt/airflow/dags/ml_pipeline.py for tasks to queue
[2025-08-26T09:03:27.080+0000] {logging_mixin.py:188} INFO - [2025-08-26T09:03:27.080+0000] {dagbag.py:538} INFO - Filling up the DagBag from /opt/airflow/dags/ml_pipeline.py
[2025-08-26T09:03:27.108+0000] {processor.py:840} INFO - DAG(s) 'ml_pipeline' retrieved from /opt/airflow/dags/ml_pipeline.py
[2025-08-26T09:03:27.140+0000] {logging_mixin.py:188} INFO - [2025-08-26T09:03:27.140+0000] {dag.py:3036} INFO - Sync 1 DAGs
[2025-08-26T09:03:27.154+0000] {logging_mixin.py:188} INFO - [2025-08-26T09:03:27.154+0000] {dag.py:3823} INFO - Setting next_dagrun for ml_pipeline to None, run_after=None
[2025-08-26T09:03:27.179+0000] {processor.py:183} INFO - Processing /opt/airflow/dags/ml_pipeline.py took 0.106 seconds
[2025-08-26T09:03:57.335+0000] {processor.py:161} INFO - Started process (PID=388) to work on /opt/airflow/dags/ml_pipeline.py
[2025-08-26T09:03:57.337+0000] {processor.py:830} INFO - Processing file /opt/airflow/dags/ml_pipeline.py for tasks to queue
[2025-08-26T09:03:57.338+0000] {logging_mixin.py:188} INFO - [2025-08-26T09:03:57.337+0000] {dagbag.py:538} INFO - Filling up the DagBag from /opt/airflow/dags/ml_pipeline.py
[2025-08-26T09:03:57.366+0000] {processor.py:840} INFO - DAG(s) 'ml_pipeline' retrieved from /opt/airflow/dags/ml_pipeline.py
[2025-08-26T09:03:57.399+0000] {logging_mixin.py:188} INFO - [2025-08-26T09:03:57.399+0000] {dag.py:3036} INFO - Sync 1 DAGs
[2025-08-26T09:03:57.417+0000] {logging_mixin.py:188} INFO - [2025-08-26T09:03:57.417+0000] {dag.py:3823} INFO - Setting next_dagrun for ml_pipeline to None, run_after=None
[2025-08-26T09:03:57.442+0000] {processor.py:183} INFO - Processing /opt/airflow/dags/ml_pipeline.py took 0.113 seconds
[2025-08-26T11:36:43.627+0000] {processor.py:161} INFO - Started process (PID=163) to work on /opt/airflow/dags/ml_pipeline.py
[2025-08-26T11:36:43.630+0000] {processor.py:830} INFO - Processing file /opt/airflow/dags/ml_pipeline.py for tasks to queue
[2025-08-26T11:36:43.634+0000] {logging_mixin.py:188} INFO - [2025-08-26T11:36:43.634+0000] {dagbag.py:538} INFO - Filling up the DagBag from /opt/airflow/dags/ml_pipeline.py
[2025-08-26T11:36:43.693+0000] {processor.py:840} INFO - DAG(s) 'ml_pipeline' retrieved from /opt/airflow/dags/ml_pipeline.py
[2025-08-26T11:36:43.762+0000] {logging_mixin.py:188} INFO - [2025-08-26T11:36:43.761+0000] {dag.py:3036} INFO - Sync 1 DAGs
[2025-08-26T11:36:43.793+0000] {logging_mixin.py:188} INFO - [2025-08-26T11:36:43.793+0000] {dag.py:3823} INFO - Setting next_dagrun for ml_pipeline to None, run_after=None
[2025-08-26T11:36:43.851+0000] {processor.py:183} INFO - Processing /opt/airflow/dags/ml_pipeline.py took 0.235 seconds
[2025-08-26T11:37:14.228+0000] {processor.py:161} INFO - Started process (PID=168) to work on /opt/airflow/dags/ml_pipeline.py
[2025-08-26T11:37:14.230+0000] {processor.py:830} INFO - Processing file /opt/airflow/dags/ml_pipeline.py for tasks to queue
[2025-08-26T11:37:14.231+0000] {logging_mixin.py:188} INFO - [2025-08-26T11:37:14.231+0000] {dagbag.py:538} INFO - Filling up the DagBag from /opt/airflow/dags/ml_pipeline.py
[2025-08-26T11:37:14.261+0000] {processor.py:840} INFO - DAG(s) 'ml_pipeline' retrieved from /opt/airflow/dags/ml_pipeline.py
[2025-08-26T11:37:14.386+0000] {logging_mixin.py:188} INFO - [2025-08-26T11:37:14.385+0000] {dag.py:3036} INFO - Sync 1 DAGs
[2025-08-26T11:37:14.398+0000] {logging_mixin.py:188} INFO - [2025-08-26T11:37:14.397+0000] {dag.py:3823} INFO - Setting next_dagrun for ml_pipeline to None, run_after=None
[2025-08-26T11:37:14.424+0000] {processor.py:183} INFO - Processing /opt/airflow/dags/ml_pipeline.py took 0.200 seconds
[2025-08-26T11:37:44.643+0000] {processor.py:161} INFO - Started process (PID=195) to work on /opt/airflow/dags/ml_pipeline.py
[2025-08-26T11:37:44.645+0000] {processor.py:830} INFO - Processing file /opt/airflow/dags/ml_pipeline.py for tasks to queue
[2025-08-26T11:37:44.646+0000] {logging_mixin.py:188} INFO - [2025-08-26T11:37:44.646+0000] {dagbag.py:538} INFO - Filling up the DagBag from /opt/airflow/dags/ml_pipeline.py
[2025-08-26T11:37:44.681+0000] {processor.py:840} INFO - DAG(s) 'ml_pipeline' retrieved from /opt/airflow/dags/ml_pipeline.py
[2025-08-26T11:37:44.722+0000] {logging_mixin.py:188} INFO - [2025-08-26T11:37:44.722+0000] {dag.py:3036} INFO - Sync 1 DAGs
[2025-08-26T11:37:44.742+0000] {logging_mixin.py:188} INFO - [2025-08-26T11:37:44.741+0000] {dag.py:3823} INFO - Setting next_dagrun for ml_pipeline to None, run_after=None
[2025-08-26T11:37:44.774+0000] {processor.py:183} INFO - Processing /opt/airflow/dags/ml_pipeline.py took 0.135 seconds
[2025-08-26T11:38:14.899+0000] {processor.py:161} INFO - Started process (PID=284) to work on /opt/airflow/dags/ml_pipeline.py
[2025-08-26T11:38:14.901+0000] {processor.py:830} INFO - Processing file /opt/airflow/dags/ml_pipeline.py for tasks to queue
[2025-08-26T11:38:14.902+0000] {logging_mixin.py:188} INFO - [2025-08-26T11:38:14.902+0000] {dagbag.py:538} INFO - Filling up the DagBag from /opt/airflow/dags/ml_pipeline.py
[2025-08-26T11:38:14.932+0000] {processor.py:840} INFO - DAG(s) 'ml_pipeline' retrieved from /opt/airflow/dags/ml_pipeline.py
[2025-08-26T11:38:14.972+0000] {logging_mixin.py:188} INFO - [2025-08-26T11:38:14.971+0000] {dag.py:3036} INFO - Sync 1 DAGs
[2025-08-26T11:38:14.988+0000] {logging_mixin.py:188} INFO - [2025-08-26T11:38:14.988+0000] {dag.py:3823} INFO - Setting next_dagrun for ml_pipeline to None, run_after=None
[2025-08-26T11:38:15.017+0000] {processor.py:183} INFO - Processing /opt/airflow/dags/ml_pipeline.py took 0.122 seconds
[2025-08-26T11:38:45.095+0000] {processor.py:161} INFO - Started process (PID=337) to work on /opt/airflow/dags/ml_pipeline.py
[2025-08-26T11:38:45.097+0000] {processor.py:830} INFO - Processing file /opt/airflow/dags/ml_pipeline.py for tasks to queue
[2025-08-26T11:38:45.099+0000] {logging_mixin.py:188} INFO - [2025-08-26T11:38:45.099+0000] {dagbag.py:538} INFO - Filling up the DagBag from /opt/airflow/dags/ml_pipeline.py
[2025-08-26T11:38:45.128+0000] {processor.py:840} INFO - DAG(s) 'ml_pipeline' retrieved from /opt/airflow/dags/ml_pipeline.py
[2025-08-26T11:38:45.172+0000] {logging_mixin.py:188} INFO - [2025-08-26T11:38:45.171+0000] {dag.py:3036} INFO - Sync 1 DAGs
[2025-08-26T11:38:45.191+0000] {logging_mixin.py:188} INFO - [2025-08-26T11:38:45.190+0000] {dag.py:3823} INFO - Setting next_dagrun for ml_pipeline to None, run_after=None
[2025-08-26T11:38:45.217+0000] {processor.py:183} INFO - Processing /opt/airflow/dags/ml_pipeline.py took 0.127 seconds
[2025-08-26T11:39:15.404+0000] {processor.py:161} INFO - Started process (PID=343) to work on /opt/airflow/dags/ml_pipeline.py
[2025-08-26T11:39:15.405+0000] {processor.py:830} INFO - Processing file /opt/airflow/dags/ml_pipeline.py for tasks to queue
[2025-08-26T11:39:15.406+0000] {logging_mixin.py:188} INFO - [2025-08-26T11:39:15.406+0000] {dagbag.py:538} INFO - Filling up the DagBag from /opt/airflow/dags/ml_pipeline.py
[2025-08-26T11:39:15.438+0000] {processor.py:840} INFO - DAG(s) 'ml_pipeline' retrieved from /opt/airflow/dags/ml_pipeline.py
[2025-08-26T11:39:15.475+0000] {logging_mixin.py:188} INFO - [2025-08-26T11:39:15.474+0000] {dag.py:3036} INFO - Sync 1 DAGs
[2025-08-26T11:39:15.492+0000] {logging_mixin.py:188} INFO - [2025-08-26T11:39:15.491+0000] {dag.py:3823} INFO - Setting next_dagrun for ml_pipeline to None, run_after=None
[2025-08-26T11:39:15.518+0000] {processor.py:183} INFO - Processing /opt/airflow/dags/ml_pipeline.py took 0.118 seconds
[2025-08-26T11:39:45.624+0000] {processor.py:161} INFO - Started process (PID=348) to work on /opt/airflow/dags/ml_pipeline.py
[2025-08-26T11:39:45.625+0000] {processor.py:830} INFO - Processing file /opt/airflow/dags/ml_pipeline.py for tasks to queue
[2025-08-26T11:39:45.627+0000] {logging_mixin.py:188} INFO - [2025-08-26T11:39:45.626+0000] {dagbag.py:538} INFO - Filling up the DagBag from /opt/airflow/dags/ml_pipeline.py
[2025-08-26T11:39:45.653+0000] {processor.py:840} INFO - DAG(s) 'ml_pipeline' retrieved from /opt/airflow/dags/ml_pipeline.py
[2025-08-26T11:39:45.699+0000] {logging_mixin.py:188} INFO - [2025-08-26T11:39:45.699+0000] {dag.py:3036} INFO - Sync 1 DAGs
[2025-08-26T11:39:45.718+0000] {logging_mixin.py:188} INFO - [2025-08-26T11:39:45.717+0000] {dag.py:3823} INFO - Setting next_dagrun for ml_pipeline to None, run_after=None
[2025-08-26T11:39:45.759+0000] {processor.py:183} INFO - Processing /opt/airflow/dags/ml_pipeline.py took 0.141 seconds
[2025-08-26T11:40:15.907+0000] {processor.py:161} INFO - Started process (PID=353) to work on /opt/airflow/dags/ml_pipeline.py
[2025-08-26T11:40:15.909+0000] {processor.py:830} INFO - Processing file /opt/airflow/dags/ml_pipeline.py for tasks to queue
[2025-08-26T11:40:15.910+0000] {logging_mixin.py:188} INFO - [2025-08-26T11:40:15.909+0000] {dagbag.py:538} INFO - Filling up the DagBag from /opt/airflow/dags/ml_pipeline.py
[2025-08-26T11:40:15.938+0000] {processor.py:840} INFO - DAG(s) 'ml_pipeline' retrieved from /opt/airflow/dags/ml_pipeline.py
[2025-08-26T11:40:15.972+0000] {logging_mixin.py:188} INFO - [2025-08-26T11:40:15.971+0000] {dag.py:3036} INFO - Sync 1 DAGs
[2025-08-26T11:40:15.986+0000] {logging_mixin.py:188} INFO - [2025-08-26T11:40:15.986+0000] {dag.py:3823} INFO - Setting next_dagrun for ml_pipeline to None, run_after=None
[2025-08-26T11:40:16.017+0000] {processor.py:183} INFO - Processing /opt/airflow/dags/ml_pipeline.py took 0.114 seconds
[2025-08-26T11:40:46.180+0000] {processor.py:161} INFO - Started process (PID=358) to work on /opt/airflow/dags/ml_pipeline.py
[2025-08-26T11:40:46.181+0000] {processor.py:830} INFO - Processing file /opt/airflow/dags/ml_pipeline.py for tasks to queue
[2025-08-26T11:40:46.183+0000] {logging_mixin.py:188} INFO - [2025-08-26T11:40:46.182+0000] {dagbag.py:538} INFO - Filling up the DagBag from /opt/airflow/dags/ml_pipeline.py
[2025-08-26T11:40:46.215+0000] {processor.py:840} INFO - DAG(s) 'ml_pipeline' retrieved from /opt/airflow/dags/ml_pipeline.py
[2025-08-26T11:40:46.261+0000] {logging_mixin.py:188} INFO - [2025-08-26T11:40:46.261+0000] {dag.py:3036} INFO - Sync 1 DAGs
[2025-08-26T11:40:46.281+0000] {logging_mixin.py:188} INFO - [2025-08-26T11:40:46.281+0000] {dag.py:3823} INFO - Setting next_dagrun for ml_pipeline to None, run_after=None
[2025-08-26T11:40:46.309+0000] {processor.py:183} INFO - Processing /opt/airflow/dags/ml_pipeline.py took 0.132 seconds
[2025-08-26T11:41:16.410+0000] {processor.py:161} INFO - Started process (PID=363) to work on /opt/airflow/dags/ml_pipeline.py
[2025-08-26T11:41:16.411+0000] {processor.py:830} INFO - Processing file /opt/airflow/dags/ml_pipeline.py for tasks to queue
[2025-08-26T11:41:16.412+0000] {logging_mixin.py:188} INFO - [2025-08-26T11:41:16.412+0000] {dagbag.py:538} INFO - Filling up the DagBag from /opt/airflow/dags/ml_pipeline.py
[2025-08-26T11:41:16.441+0000] {processor.py:840} INFO - DAG(s) 'ml_pipeline' retrieved from /opt/airflow/dags/ml_pipeline.py
[2025-08-26T11:41:16.476+0000] {logging_mixin.py:188} INFO - [2025-08-26T11:41:16.476+0000] {dag.py:3036} INFO - Sync 1 DAGs
[2025-08-26T11:41:16.491+0000] {logging_mixin.py:188} INFO - [2025-08-26T11:41:16.491+0000] {dag.py:3823} INFO - Setting next_dagrun for ml_pipeline to None, run_after=None
[2025-08-26T11:41:16.521+0000] {processor.py:183} INFO - Processing /opt/airflow/dags/ml_pipeline.py took 0.115 seconds
[2025-08-26T11:41:46.803+0000] {processor.py:161} INFO - Started process (PID=368) to work on /opt/airflow/dags/ml_pipeline.py
[2025-08-26T11:41:46.804+0000] {processor.py:830} INFO - Processing file /opt/airflow/dags/ml_pipeline.py for tasks to queue
[2025-08-26T11:41:46.805+0000] {logging_mixin.py:188} INFO - [2025-08-26T11:41:46.805+0000] {dagbag.py:538} INFO - Filling up the DagBag from /opt/airflow/dags/ml_pipeline.py
[2025-08-26T11:41:46.832+0000] {processor.py:840} INFO - DAG(s) 'ml_pipeline' retrieved from /opt/airflow/dags/ml_pipeline.py
[2025-08-26T11:41:46.872+0000] {logging_mixin.py:188} INFO - [2025-08-26T11:41:46.872+0000] {dag.py:3036} INFO - Sync 1 DAGs
[2025-08-26T11:41:46.888+0000] {logging_mixin.py:188} INFO - [2025-08-26T11:41:46.888+0000] {dag.py:3823} INFO - Setting next_dagrun for ml_pipeline to None, run_after=None
[2025-08-26T11:41:46.915+0000] {processor.py:183} INFO - Processing /opt/airflow/dags/ml_pipeline.py took 0.123 seconds
[2025-08-26T11:42:16.992+0000] {processor.py:161} INFO - Started process (PID=373) to work on /opt/airflow/dags/ml_pipeline.py
[2025-08-26T11:42:16.994+0000] {processor.py:830} INFO - Processing file /opt/airflow/dags/ml_pipeline.py for tasks to queue
[2025-08-26T11:42:16.995+0000] {logging_mixin.py:188} INFO - [2025-08-26T11:42:16.995+0000] {dagbag.py:538} INFO - Filling up the DagBag from /opt/airflow/dags/ml_pipeline.py
[2025-08-26T11:42:17.020+0000] {processor.py:840} INFO - DAG(s) 'ml_pipeline' retrieved from /opt/airflow/dags/ml_pipeline.py
[2025-08-26T11:42:17.056+0000] {logging_mixin.py:188} INFO - [2025-08-26T11:42:17.056+0000] {dag.py:3036} INFO - Sync 1 DAGs
[2025-08-26T11:42:17.071+0000] {logging_mixin.py:188} INFO - [2025-08-26T11:42:17.071+0000] {dag.py:3823} INFO - Setting next_dagrun for ml_pipeline to None, run_after=None
[2025-08-26T11:42:17.098+0000] {processor.py:183} INFO - Processing /opt/airflow/dags/ml_pipeline.py took 0.110 seconds
[2025-08-26T11:42:47.314+0000] {processor.py:161} INFO - Started process (PID=378) to work on /opt/airflow/dags/ml_pipeline.py
[2025-08-26T11:42:47.315+0000] {processor.py:830} INFO - Processing file /opt/airflow/dags/ml_pipeline.py for tasks to queue
[2025-08-26T11:42:47.317+0000] {logging_mixin.py:188} INFO - [2025-08-26T11:42:47.316+0000] {dagbag.py:538} INFO - Filling up the DagBag from /opt/airflow/dags/ml_pipeline.py
[2025-08-26T11:42:47.343+0000] {processor.py:840} INFO - DAG(s) 'ml_pipeline' retrieved from /opt/airflow/dags/ml_pipeline.py
[2025-08-26T11:42:47.385+0000] {logging_mixin.py:188} INFO - [2025-08-26T11:42:47.384+0000] {dag.py:3036} INFO - Sync 1 DAGs
[2025-08-26T11:42:47.406+0000] {logging_mixin.py:188} INFO - [2025-08-26T11:42:47.406+0000] {dag.py:3823} INFO - Setting next_dagrun for ml_pipeline to None, run_after=None
[2025-08-26T11:42:47.434+0000] {processor.py:183} INFO - Processing /opt/airflow/dags/ml_pipeline.py took 0.123 seconds
[2025-08-26T11:43:17.527+0000] {processor.py:161} INFO - Started process (PID=383) to work on /opt/airflow/dags/ml_pipeline.py
[2025-08-26T11:43:17.529+0000] {processor.py:830} INFO - Processing file /opt/airflow/dags/ml_pipeline.py for tasks to queue
[2025-08-26T11:43:17.530+0000] {logging_mixin.py:188} INFO - [2025-08-26T11:43:17.530+0000] {dagbag.py:538} INFO - Filling up the DagBag from /opt/airflow/dags/ml_pipeline.py
[2025-08-26T11:43:17.561+0000] {processor.py:840} INFO - DAG(s) 'ml_pipeline' retrieved from /opt/airflow/dags/ml_pipeline.py
[2025-08-26T11:43:17.601+0000] {logging_mixin.py:188} INFO - [2025-08-26T11:43:17.601+0000] {dag.py:3036} INFO - Sync 1 DAGs
[2025-08-26T11:43:17.617+0000] {logging_mixin.py:188} INFO - [2025-08-26T11:43:17.617+0000] {dag.py:3823} INFO - Setting next_dagrun for ml_pipeline to None, run_after=None
[2025-08-26T11:43:17.642+0000] {processor.py:183} INFO - Processing /opt/airflow/dags/ml_pipeline.py took 0.119 seconds
[2025-08-26T11:43:47.821+0000] {processor.py:161} INFO - Started process (PID=388) to work on /opt/airflow/dags/ml_pipeline.py
[2025-08-26T11:43:47.822+0000] {processor.py:830} INFO - Processing file /opt/airflow/dags/ml_pipeline.py for tasks to queue
[2025-08-26T11:43:47.823+0000] {logging_mixin.py:188} INFO - [2025-08-26T11:43:47.823+0000] {dagbag.py:538} INFO - Filling up the DagBag from /opt/airflow/dags/ml_pipeline.py
[2025-08-26T11:43:47.854+0000] {processor.py:840} INFO - DAG(s) 'ml_pipeline' retrieved from /opt/airflow/dags/ml_pipeline.py
[2025-08-26T11:43:47.895+0000] {logging_mixin.py:188} INFO - [2025-08-26T11:43:47.895+0000] {dag.py:3036} INFO - Sync 1 DAGs
[2025-08-26T11:43:47.912+0000] {logging_mixin.py:188} INFO - [2025-08-26T11:43:47.912+0000] {dag.py:3823} INFO - Setting next_dagrun for ml_pipeline to None, run_after=None
[2025-08-26T11:43:47.940+0000] {processor.py:183} INFO - Processing /opt/airflow/dags/ml_pipeline.py took 0.122 seconds
[2025-08-26T11:44:18.028+0000] {processor.py:161} INFO - Started process (PID=393) to work on /opt/airflow/dags/ml_pipeline.py
[2025-08-26T11:44:18.030+0000] {processor.py:830} INFO - Processing file /opt/airflow/dags/ml_pipeline.py for tasks to queue
[2025-08-26T11:44:18.031+0000] {logging_mixin.py:188} INFO - [2025-08-26T11:44:18.031+0000] {dagbag.py:538} INFO - Filling up the DagBag from /opt/airflow/dags/ml_pipeline.py
[2025-08-26T11:44:18.059+0000] {processor.py:840} INFO - DAG(s) 'ml_pipeline' retrieved from /opt/airflow/dags/ml_pipeline.py
[2025-08-26T11:44:18.093+0000] {logging_mixin.py:188} INFO - [2025-08-26T11:44:18.092+0000] {dag.py:3036} INFO - Sync 1 DAGs
[2025-08-26T11:44:18.108+0000] {logging_mixin.py:188} INFO - [2025-08-26T11:44:18.108+0000] {dag.py:3823} INFO - Setting next_dagrun for ml_pipeline to None, run_after=None
[2025-08-26T11:44:18.132+0000] {processor.py:183} INFO - Processing /opt/airflow/dags/ml_pipeline.py took 0.109 seconds
[2025-08-26T11:44:48.327+0000] {processor.py:161} INFO - Started process (PID=398) to work on /opt/airflow/dags/ml_pipeline.py
[2025-08-26T11:44:48.328+0000] {processor.py:830} INFO - Processing file /opt/airflow/dags/ml_pipeline.py for tasks to queue
[2025-08-26T11:44:48.330+0000] {logging_mixin.py:188} INFO - [2025-08-26T11:44:48.329+0000] {dagbag.py:538} INFO - Filling up the DagBag from /opt/airflow/dags/ml_pipeline.py
[2025-08-26T11:44:48.357+0000] {processor.py:840} INFO - DAG(s) 'ml_pipeline' retrieved from /opt/airflow/dags/ml_pipeline.py
[2025-08-26T11:44:48.390+0000] {logging_mixin.py:188} INFO - [2025-08-26T11:44:48.390+0000] {dag.py:3036} INFO - Sync 1 DAGs
[2025-08-26T11:44:48.406+0000] {logging_mixin.py:188} INFO - [2025-08-26T11:44:48.405+0000] {dag.py:3823} INFO - Setting next_dagrun for ml_pipeline to None, run_after=None
[2025-08-26T11:44:48.432+0000] {processor.py:183} INFO - Processing /opt/airflow/dags/ml_pipeline.py took 0.108 seconds
[2025-08-26T11:45:18.525+0000] {processor.py:161} INFO - Started process (PID=403) to work on /opt/airflow/dags/ml_pipeline.py
[2025-08-26T11:45:18.526+0000] {processor.py:830} INFO - Processing file /opt/airflow/dags/ml_pipeline.py for tasks to queue
[2025-08-26T11:45:18.528+0000] {logging_mixin.py:188} INFO - [2025-08-26T11:45:18.527+0000] {dagbag.py:538} INFO - Filling up the DagBag from /opt/airflow/dags/ml_pipeline.py
[2025-08-26T11:45:18.553+0000] {processor.py:840} INFO - DAG(s) 'ml_pipeline' retrieved from /opt/airflow/dags/ml_pipeline.py
[2025-08-26T11:45:18.587+0000] {logging_mixin.py:188} INFO - [2025-08-26T11:45:18.586+0000] {dag.py:3036} INFO - Sync 1 DAGs
[2025-08-26T11:45:18.601+0000] {logging_mixin.py:188} INFO - [2025-08-26T11:45:18.601+0000] {dag.py:3823} INFO - Setting next_dagrun for ml_pipeline to None, run_after=None
[2025-08-26T11:45:18.626+0000] {processor.py:183} INFO - Processing /opt/airflow/dags/ml_pipeline.py took 0.106 seconds
[2025-08-26T11:45:48.799+0000] {processor.py:161} INFO - Started process (PID=408) to work on /opt/airflow/dags/ml_pipeline.py
[2025-08-26T11:45:48.801+0000] {processor.py:830} INFO - Processing file /opt/airflow/dags/ml_pipeline.py for tasks to queue
[2025-08-26T11:45:48.802+0000] {logging_mixin.py:188} INFO - [2025-08-26T11:45:48.802+0000] {dagbag.py:538} INFO - Filling up the DagBag from /opt/airflow/dags/ml_pipeline.py
[2025-08-26T11:45:48.826+0000] {processor.py:840} INFO - DAG(s) 'ml_pipeline' retrieved from /opt/airflow/dags/ml_pipeline.py
[2025-08-26T11:45:48.858+0000] {logging_mixin.py:188} INFO - [2025-08-26T11:45:48.858+0000] {dag.py:3036} INFO - Sync 1 DAGs
[2025-08-26T11:45:48.873+0000] {logging_mixin.py:188} INFO - [2025-08-26T11:45:48.872+0000] {dag.py:3823} INFO - Setting next_dagrun for ml_pipeline to None, run_after=None
[2025-08-26T11:45:48.897+0000] {processor.py:183} INFO - Processing /opt/airflow/dags/ml_pipeline.py took 0.101 seconds
[2025-08-26T11:46:19.000+0000] {processor.py:161} INFO - Started process (PID=413) to work on /opt/airflow/dags/ml_pipeline.py
[2025-08-26T11:46:19.002+0000] {processor.py:830} INFO - Processing file /opt/airflow/dags/ml_pipeline.py for tasks to queue
[2025-08-26T11:46:19.004+0000] {logging_mixin.py:188} INFO - [2025-08-26T11:46:19.003+0000] {dagbag.py:538} INFO - Filling up the DagBag from /opt/airflow/dags/ml_pipeline.py
[2025-08-26T11:46:19.033+0000] {processor.py:840} INFO - DAG(s) 'ml_pipeline' retrieved from /opt/airflow/dags/ml_pipeline.py
[2025-08-26T11:46:19.071+0000] {logging_mixin.py:188} INFO - [2025-08-26T11:46:19.071+0000] {dag.py:3036} INFO - Sync 1 DAGs
[2025-08-26T11:46:19.087+0000] {logging_mixin.py:188} INFO - [2025-08-26T11:46:19.087+0000] {dag.py:3823} INFO - Setting next_dagrun for ml_pipeline to None, run_after=None
[2025-08-26T11:46:19.113+0000] {processor.py:183} INFO - Processing /opt/airflow/dags/ml_pipeline.py took 0.117 seconds
[2025-08-26T11:46:49.335+0000] {processor.py:161} INFO - Started process (PID=418) to work on /opt/airflow/dags/ml_pipeline.py
[2025-08-26T11:46:49.337+0000] {processor.py:830} INFO - Processing file /opt/airflow/dags/ml_pipeline.py for tasks to queue
[2025-08-26T11:46:49.339+0000] {logging_mixin.py:188} INFO - [2025-08-26T11:46:49.338+0000] {dagbag.py:538} INFO - Filling up the DagBag from /opt/airflow/dags/ml_pipeline.py
[2025-08-26T11:46:49.371+0000] {processor.py:840} INFO - DAG(s) 'ml_pipeline' retrieved from /opt/airflow/dags/ml_pipeline.py
[2025-08-26T11:46:49.425+0000] {logging_mixin.py:188} INFO - [2025-08-26T11:46:49.425+0000] {dag.py:3036} INFO - Sync 1 DAGs
[2025-08-26T11:46:49.453+0000] {logging_mixin.py:188} INFO - [2025-08-26T11:46:49.452+0000] {dag.py:3823} INFO - Setting next_dagrun for ml_pipeline to None, run_after=None
[2025-08-26T11:46:49.489+0000] {processor.py:183} INFO - Processing /opt/airflow/dags/ml_pipeline.py took 0.158 seconds
[2025-08-26T11:47:19.693+0000] {processor.py:161} INFO - Started process (PID=423) to work on /opt/airflow/dags/ml_pipeline.py
[2025-08-26T11:47:19.696+0000] {processor.py:830} INFO - Processing file /opt/airflow/dags/ml_pipeline.py for tasks to queue
[2025-08-26T11:47:19.697+0000] {logging_mixin.py:188} INFO - [2025-08-26T11:47:19.697+0000] {dagbag.py:538} INFO - Filling up the DagBag from /opt/airflow/dags/ml_pipeline.py
[2025-08-26T11:47:19.730+0000] {processor.py:840} INFO - DAG(s) 'ml_pipeline' retrieved from /opt/airflow/dags/ml_pipeline.py
[2025-08-26T11:47:19.774+0000] {logging_mixin.py:188} INFO - [2025-08-26T11:47:19.774+0000] {dag.py:3036} INFO - Sync 1 DAGs
[2025-08-26T11:47:19.799+0000] {logging_mixin.py:188} INFO - [2025-08-26T11:47:19.798+0000] {dag.py:3823} INFO - Setting next_dagrun for ml_pipeline to None, run_after=None
[2025-08-26T11:47:19.829+0000] {processor.py:183} INFO - Processing /opt/airflow/dags/ml_pipeline.py took 0.141 seconds
[2025-08-26T11:47:50.033+0000] {processor.py:161} INFO - Started process (PID=428) to work on /opt/airflow/dags/ml_pipeline.py
[2025-08-26T11:47:50.034+0000] {processor.py:830} INFO - Processing file /opt/airflow/dags/ml_pipeline.py for tasks to queue
[2025-08-26T11:47:50.036+0000] {logging_mixin.py:188} INFO - [2025-08-26T11:47:50.035+0000] {dagbag.py:538} INFO - Filling up the DagBag from /opt/airflow/dags/ml_pipeline.py
[2025-08-26T11:47:50.066+0000] {processor.py:840} INFO - DAG(s) 'ml_pipeline' retrieved from /opt/airflow/dags/ml_pipeline.py
[2025-08-26T11:47:50.102+0000] {logging_mixin.py:188} INFO - [2025-08-26T11:47:50.102+0000] {dag.py:3036} INFO - Sync 1 DAGs
[2025-08-26T11:47:50.118+0000] {logging_mixin.py:188} INFO - [2025-08-26T11:47:50.118+0000] {dag.py:3823} INFO - Setting next_dagrun for ml_pipeline to None, run_after=None
[2025-08-26T11:47:50.147+0000] {processor.py:183} INFO - Processing /opt/airflow/dags/ml_pipeline.py took 0.119 seconds
[2025-08-26T11:48:20.235+0000] {processor.py:161} INFO - Started process (PID=433) to work on /opt/airflow/dags/ml_pipeline.py
[2025-08-26T11:48:20.236+0000] {processor.py:830} INFO - Processing file /opt/airflow/dags/ml_pipeline.py for tasks to queue
[2025-08-26T11:48:20.238+0000] {logging_mixin.py:188} INFO - [2025-08-26T11:48:20.237+0000] {dagbag.py:538} INFO - Filling up the DagBag from /opt/airflow/dags/ml_pipeline.py
[2025-08-26T11:48:20.265+0000] {processor.py:840} INFO - DAG(s) 'ml_pipeline' retrieved from /opt/airflow/dags/ml_pipeline.py
[2025-08-26T11:48:20.301+0000] {logging_mixin.py:188} INFO - [2025-08-26T11:48:20.300+0000] {dag.py:3036} INFO - Sync 1 DAGs
[2025-08-26T11:48:20.316+0000] {logging_mixin.py:188} INFO - [2025-08-26T11:48:20.316+0000] {dag.py:3823} INFO - Setting next_dagrun for ml_pipeline to None, run_after=None
[2025-08-26T11:48:20.342+0000] {processor.py:183} INFO - Processing /opt/airflow/dags/ml_pipeline.py took 0.112 seconds
[2025-08-26T11:48:50.527+0000] {processor.py:161} INFO - Started process (PID=438) to work on /opt/airflow/dags/ml_pipeline.py
[2025-08-26T11:48:50.528+0000] {processor.py:830} INFO - Processing file /opt/airflow/dags/ml_pipeline.py for tasks to queue
[2025-08-26T11:48:50.530+0000] {logging_mixin.py:188} INFO - [2025-08-26T11:48:50.529+0000] {dagbag.py:538} INFO - Filling up the DagBag from /opt/airflow/dags/ml_pipeline.py
[2025-08-26T11:48:50.556+0000] {processor.py:840} INFO - DAG(s) 'ml_pipeline' retrieved from /opt/airflow/dags/ml_pipeline.py
[2025-08-26T11:48:50.591+0000] {logging_mixin.py:188} INFO - [2025-08-26T11:48:50.590+0000] {dag.py:3036} INFO - Sync 1 DAGs
[2025-08-26T11:48:50.608+0000] {logging_mixin.py:188} INFO - [2025-08-26T11:48:50.608+0000] {dag.py:3823} INFO - Setting next_dagrun for ml_pipeline to None, run_after=None
[2025-08-26T11:48:50.640+0000] {processor.py:183} INFO - Processing /opt/airflow/dags/ml_pipeline.py took 0.116 seconds
[2025-08-26T11:49:20.724+0000] {processor.py:161} INFO - Started process (PID=443) to work on /opt/airflow/dags/ml_pipeline.py
[2025-08-26T11:49:20.725+0000] {processor.py:830} INFO - Processing file /opt/airflow/dags/ml_pipeline.py for tasks to queue
[2025-08-26T11:49:20.726+0000] {logging_mixin.py:188} INFO - [2025-08-26T11:49:20.726+0000] {dagbag.py:538} INFO - Filling up the DagBag from /opt/airflow/dags/ml_pipeline.py
[2025-08-26T11:49:20.754+0000] {processor.py:840} INFO - DAG(s) 'ml_pipeline' retrieved from /opt/airflow/dags/ml_pipeline.py
[2025-08-26T11:49:20.793+0000] {logging_mixin.py:188} INFO - [2025-08-26T11:49:20.792+0000] {dag.py:3036} INFO - Sync 1 DAGs
[2025-08-26T11:49:20.810+0000] {logging_mixin.py:188} INFO - [2025-08-26T11:49:20.810+0000] {dag.py:3823} INFO - Setting next_dagrun for ml_pipeline to None, run_after=None
[2025-08-26T11:49:20.837+0000] {processor.py:183} INFO - Processing /opt/airflow/dags/ml_pipeline.py took 0.118 seconds
[2025-08-26T11:49:51.034+0000] {processor.py:161} INFO - Started process (PID=448) to work on /opt/airflow/dags/ml_pipeline.py
[2025-08-26T11:49:51.035+0000] {processor.py:830} INFO - Processing file /opt/airflow/dags/ml_pipeline.py for tasks to queue
[2025-08-26T11:49:51.036+0000] {logging_mixin.py:188} INFO - [2025-08-26T11:49:51.036+0000] {dagbag.py:538} INFO - Filling up the DagBag from /opt/airflow/dags/ml_pipeline.py
[2025-08-26T11:49:51.061+0000] {processor.py:840} INFO - DAG(s) 'ml_pipeline' retrieved from /opt/airflow/dags/ml_pipeline.py
[2025-08-26T11:49:51.094+0000] {logging_mixin.py:188} INFO - [2025-08-26T11:49:51.094+0000] {dag.py:3036} INFO - Sync 1 DAGs
[2025-08-26T11:49:51.111+0000] {logging_mixin.py:188} INFO - [2025-08-26T11:49:51.111+0000] {dag.py:3823} INFO - Setting next_dagrun for ml_pipeline to None, run_after=None
[2025-08-26T11:49:51.136+0000] {processor.py:183} INFO - Processing /opt/airflow/dags/ml_pipeline.py took 0.106 seconds
[2025-08-26T11:50:21.236+0000] {processor.py:161} INFO - Started process (PID=453) to work on /opt/airflow/dags/ml_pipeline.py
[2025-08-26T11:50:21.238+0000] {processor.py:830} INFO - Processing file /opt/airflow/dags/ml_pipeline.py for tasks to queue
[2025-08-26T11:50:21.240+0000] {logging_mixin.py:188} INFO - [2025-08-26T11:50:21.239+0000] {dagbag.py:538} INFO - Filling up the DagBag from /opt/airflow/dags/ml_pipeline.py
[2025-08-26T11:50:21.273+0000] {processor.py:840} INFO - DAG(s) 'ml_pipeline' retrieved from /opt/airflow/dags/ml_pipeline.py
[2025-08-26T11:50:21.329+0000] {logging_mixin.py:188} INFO - [2025-08-26T11:50:21.329+0000] {dag.py:3036} INFO - Sync 1 DAGs
[2025-08-26T11:50:21.347+0000] {logging_mixin.py:188} INFO - [2025-08-26T11:50:21.346+0000] {dag.py:3823} INFO - Setting next_dagrun for ml_pipeline to None, run_after=None
[2025-08-26T11:50:21.371+0000] {processor.py:183} INFO - Processing /opt/airflow/dags/ml_pipeline.py took 0.141 seconds
[2025-08-26T11:50:51.546+0000] {processor.py:161} INFO - Started process (PID=458) to work on /opt/airflow/dags/ml_pipeline.py
[2025-08-26T11:50:51.549+0000] {processor.py:830} INFO - Processing file /opt/airflow/dags/ml_pipeline.py for tasks to queue
[2025-08-26T11:50:51.557+0000] {logging_mixin.py:188} INFO - [2025-08-26T11:50:51.556+0000] {dagbag.py:538} INFO - Filling up the DagBag from /opt/airflow/dags/ml_pipeline.py
[2025-08-26T11:50:51.593+0000] {processor.py:840} INFO - DAG(s) 'ml_pipeline' retrieved from /opt/airflow/dags/ml_pipeline.py
[2025-08-26T11:50:51.626+0000] {logging_mixin.py:188} INFO - [2025-08-26T11:50:51.626+0000] {dag.py:3036} INFO - Sync 1 DAGs
[2025-08-26T11:50:51.642+0000] {logging_mixin.py:188} INFO - [2025-08-26T11:50:51.642+0000] {dag.py:3823} INFO - Setting next_dagrun for ml_pipeline to None, run_after=None
[2025-08-26T11:50:51.675+0000] {processor.py:183} INFO - Processing /opt/airflow/dags/ml_pipeline.py took 0.136 seconds
[2025-08-26T11:51:21.773+0000] {processor.py:161} INFO - Started process (PID=463) to work on /opt/airflow/dags/ml_pipeline.py
[2025-08-26T11:51:21.774+0000] {processor.py:830} INFO - Processing file /opt/airflow/dags/ml_pipeline.py for tasks to queue
[2025-08-26T11:51:21.775+0000] {logging_mixin.py:188} INFO - [2025-08-26T11:51:21.775+0000] {dagbag.py:538} INFO - Filling up the DagBag from /opt/airflow/dags/ml_pipeline.py
[2025-08-26T11:51:21.801+0000] {processor.py:840} INFO - DAG(s) 'ml_pipeline' retrieved from /opt/airflow/dags/ml_pipeline.py
[2025-08-26T11:51:21.837+0000] {logging_mixin.py:188} INFO - [2025-08-26T11:51:21.837+0000] {dag.py:3036} INFO - Sync 1 DAGs
[2025-08-26T11:51:21.854+0000] {logging_mixin.py:188} INFO - [2025-08-26T11:51:21.853+0000] {dag.py:3823} INFO - Setting next_dagrun for ml_pipeline to None, run_after=None
[2025-08-26T11:51:21.886+0000] {processor.py:183} INFO - Processing /opt/airflow/dags/ml_pipeline.py took 0.119 seconds
[2025-08-26T11:51:52.094+0000] {processor.py:161} INFO - Started process (PID=468) to work on /opt/airflow/dags/ml_pipeline.py
[2025-08-26T11:51:52.095+0000] {processor.py:830} INFO - Processing file /opt/airflow/dags/ml_pipeline.py for tasks to queue
[2025-08-26T11:51:52.096+0000] {logging_mixin.py:188} INFO - [2025-08-26T11:51:52.096+0000] {dagbag.py:538} INFO - Filling up the DagBag from /opt/airflow/dags/ml_pipeline.py
[2025-08-26T11:51:52.126+0000] {processor.py:840} INFO - DAG(s) 'ml_pipeline' retrieved from /opt/airflow/dags/ml_pipeline.py
[2025-08-26T11:51:52.162+0000] {logging_mixin.py:188} INFO - [2025-08-26T11:51:52.162+0000] {dag.py:3036} INFO - Sync 1 DAGs
[2025-08-26T11:51:52.177+0000] {logging_mixin.py:188} INFO - [2025-08-26T11:51:52.177+0000] {dag.py:3823} INFO - Setting next_dagrun for ml_pipeline to None, run_after=None
[2025-08-26T11:51:52.202+0000] {processor.py:183} INFO - Processing /opt/airflow/dags/ml_pipeline.py took 0.112 seconds
[2025-08-26T11:52:22.308+0000] {processor.py:161} INFO - Started process (PID=473) to work on /opt/airflow/dags/ml_pipeline.py
[2025-08-26T11:52:22.310+0000] {processor.py:830} INFO - Processing file /opt/airflow/dags/ml_pipeline.py for tasks to queue
[2025-08-26T11:52:22.311+0000] {logging_mixin.py:188} INFO - [2025-08-26T11:52:22.310+0000] {dagbag.py:538} INFO - Filling up the DagBag from /opt/airflow/dags/ml_pipeline.py
[2025-08-26T11:52:22.339+0000] {processor.py:840} INFO - DAG(s) 'ml_pipeline' retrieved from /opt/airflow/dags/ml_pipeline.py
[2025-08-26T11:52:22.374+0000] {logging_mixin.py:188} INFO - [2025-08-26T11:52:22.374+0000] {dag.py:3036} INFO - Sync 1 DAGs
[2025-08-26T11:52:22.393+0000] {logging_mixin.py:188} INFO - [2025-08-26T11:52:22.393+0000] {dag.py:3823} INFO - Setting next_dagrun for ml_pipeline to None, run_after=None
[2025-08-26T11:52:22.425+0000] {processor.py:183} INFO - Processing /opt/airflow/dags/ml_pipeline.py took 0.122 seconds
[2025-08-26T11:52:52.575+0000] {processor.py:161} INFO - Started process (PID=478) to work on /opt/airflow/dags/ml_pipeline.py
[2025-08-26T11:52:52.577+0000] {processor.py:830} INFO - Processing file /opt/airflow/dags/ml_pipeline.py for tasks to queue
[2025-08-26T11:52:52.578+0000] {logging_mixin.py:188} INFO - [2025-08-26T11:52:52.578+0000] {dagbag.py:538} INFO - Filling up the DagBag from /opt/airflow/dags/ml_pipeline.py
[2025-08-26T11:52:52.605+0000] {processor.py:840} INFO - DAG(s) 'ml_pipeline' retrieved from /opt/airflow/dags/ml_pipeline.py
[2025-08-26T11:52:52.641+0000] {logging_mixin.py:188} INFO - [2025-08-26T11:52:52.640+0000] {dag.py:3036} INFO - Sync 1 DAGs
[2025-08-26T11:52:52.656+0000] {logging_mixin.py:188} INFO - [2025-08-26T11:52:52.656+0000] {dag.py:3823} INFO - Setting next_dagrun for ml_pipeline to None, run_after=None
[2025-08-26T11:52:52.685+0000] {processor.py:183} INFO - Processing /opt/airflow/dags/ml_pipeline.py took 0.114 seconds
[2025-08-26T11:53:22.800+0000] {processor.py:161} INFO - Started process (PID=483) to work on /opt/airflow/dags/ml_pipeline.py
[2025-08-26T11:53:22.802+0000] {processor.py:830} INFO - Processing file /opt/airflow/dags/ml_pipeline.py for tasks to queue
[2025-08-26T11:53:22.803+0000] {logging_mixin.py:188} INFO - [2025-08-26T11:53:22.803+0000] {dagbag.py:538} INFO - Filling up the DagBag from /opt/airflow/dags/ml_pipeline.py
[2025-08-26T11:53:22.831+0000] {processor.py:840} INFO - DAG(s) 'ml_pipeline' retrieved from /opt/airflow/dags/ml_pipeline.py
[2025-08-26T11:53:22.865+0000] {logging_mixin.py:188} INFO - [2025-08-26T11:53:22.865+0000] {dag.py:3036} INFO - Sync 1 DAGs
[2025-08-26T11:53:22.881+0000] {logging_mixin.py:188} INFO - [2025-08-26T11:53:22.880+0000] {dag.py:3823} INFO - Setting next_dagrun for ml_pipeline to None, run_after=None
[2025-08-26T11:53:22.906+0000] {processor.py:183} INFO - Processing /opt/airflow/dags/ml_pipeline.py took 0.110 seconds
[2025-08-26T11:53:53.065+0000] {processor.py:161} INFO - Started process (PID=488) to work on /opt/airflow/dags/ml_pipeline.py
[2025-08-26T11:53:53.066+0000] {processor.py:830} INFO - Processing file /opt/airflow/dags/ml_pipeline.py for tasks to queue
[2025-08-26T11:53:53.068+0000] {logging_mixin.py:188} INFO - [2025-08-26T11:53:53.067+0000] {dagbag.py:538} INFO - Filling up the DagBag from /opt/airflow/dags/ml_pipeline.py
[2025-08-26T11:53:53.100+0000] {processor.py:840} INFO - DAG(s) 'ml_pipeline' retrieved from /opt/airflow/dags/ml_pipeline.py
[2025-08-26T11:53:53.144+0000] {logging_mixin.py:188} INFO - [2025-08-26T11:53:53.144+0000] {dag.py:3036} INFO - Sync 1 DAGs
[2025-08-26T11:53:53.161+0000] {logging_mixin.py:188} INFO - [2025-08-26T11:53:53.161+0000] {dag.py:3823} INFO - Setting next_dagrun for ml_pipeline to None, run_after=None
[2025-08-26T11:53:53.186+0000] {processor.py:183} INFO - Processing /opt/airflow/dags/ml_pipeline.py took 0.125 seconds
[2025-08-26T11:54:23.282+0000] {processor.py:161} INFO - Started process (PID=493) to work on /opt/airflow/dags/ml_pipeline.py
[2025-08-26T11:54:23.283+0000] {processor.py:830} INFO - Processing file /opt/airflow/dags/ml_pipeline.py for tasks to queue
[2025-08-26T11:54:23.285+0000] {logging_mixin.py:188} INFO - [2025-08-26T11:54:23.284+0000] {dagbag.py:538} INFO - Filling up the DagBag from /opt/airflow/dags/ml_pipeline.py
[2025-08-26T11:54:23.312+0000] {processor.py:840} INFO - DAG(s) 'ml_pipeline' retrieved from /opt/airflow/dags/ml_pipeline.py
[2025-08-26T11:54:23.355+0000] {logging_mixin.py:188} INFO - [2025-08-26T11:54:23.355+0000] {dag.py:3036} INFO - Sync 1 DAGs
[2025-08-26T11:54:23.375+0000] {logging_mixin.py:188} INFO - [2025-08-26T11:54:23.374+0000] {dag.py:3823} INFO - Setting next_dagrun for ml_pipeline to None, run_after=None
[2025-08-26T11:54:23.405+0000] {processor.py:183} INFO - Processing /opt/airflow/dags/ml_pipeline.py took 0.128 seconds
[2025-08-26T11:54:53.573+0000] {processor.py:161} INFO - Started process (PID=498) to work on /opt/airflow/dags/ml_pipeline.py
[2025-08-26T11:54:53.574+0000] {processor.py:830} INFO - Processing file /opt/airflow/dags/ml_pipeline.py for tasks to queue
[2025-08-26T11:54:53.575+0000] {logging_mixin.py:188} INFO - [2025-08-26T11:54:53.575+0000] {dagbag.py:538} INFO - Filling up the DagBag from /opt/airflow/dags/ml_pipeline.py
[2025-08-26T11:54:53.600+0000] {processor.py:840} INFO - DAG(s) 'ml_pipeline' retrieved from /opt/airflow/dags/ml_pipeline.py
[2025-08-26T11:54:53.634+0000] {logging_mixin.py:188} INFO - [2025-08-26T11:54:53.634+0000] {dag.py:3036} INFO - Sync 1 DAGs
[2025-08-26T11:54:53.649+0000] {logging_mixin.py:188} INFO - [2025-08-26T11:54:53.649+0000] {dag.py:3823} INFO - Setting next_dagrun for ml_pipeline to None, run_after=None
[2025-08-26T11:54:53.677+0000] {processor.py:183} INFO - Processing /opt/airflow/dags/ml_pipeline.py took 0.108 seconds
[2025-08-26T11:55:23.770+0000] {processor.py:161} INFO - Started process (PID=503) to work on /opt/airflow/dags/ml_pipeline.py
[2025-08-26T11:55:23.771+0000] {processor.py:830} INFO - Processing file /opt/airflow/dags/ml_pipeline.py for tasks to queue
[2025-08-26T11:55:23.773+0000] {logging_mixin.py:188} INFO - [2025-08-26T11:55:23.773+0000] {dagbag.py:538} INFO - Filling up the DagBag from /opt/airflow/dags/ml_pipeline.py
[2025-08-26T11:55:23.806+0000] {processor.py:840} INFO - DAG(s) 'ml_pipeline' retrieved from /opt/airflow/dags/ml_pipeline.py
[2025-08-26T11:55:23.844+0000] {logging_mixin.py:188} INFO - [2025-08-26T11:55:23.844+0000] {dag.py:3036} INFO - Sync 1 DAGs
[2025-08-26T11:55:23.861+0000] {logging_mixin.py:188} INFO - [2025-08-26T11:55:23.861+0000] {dag.py:3823} INFO - Setting next_dagrun for ml_pipeline to None, run_after=None
[2025-08-26T11:55:23.888+0000] {processor.py:183} INFO - Processing /opt/airflow/dags/ml_pipeline.py took 0.123 seconds
[2025-08-26T11:55:54.064+0000] {processor.py:161} INFO - Started process (PID=508) to work on /opt/airflow/dags/ml_pipeline.py
[2025-08-26T11:55:54.065+0000] {processor.py:830} INFO - Processing file /opt/airflow/dags/ml_pipeline.py for tasks to queue
[2025-08-26T11:55:54.066+0000] {logging_mixin.py:188} INFO - [2025-08-26T11:55:54.066+0000] {dagbag.py:538} INFO - Filling up the DagBag from /opt/airflow/dags/ml_pipeline.py
[2025-08-26T11:55:54.092+0000] {processor.py:840} INFO - DAG(s) 'ml_pipeline' retrieved from /opt/airflow/dags/ml_pipeline.py
[2025-08-26T11:55:54.130+0000] {logging_mixin.py:188} INFO - [2025-08-26T11:55:54.130+0000] {dag.py:3036} INFO - Sync 1 DAGs
[2025-08-26T11:55:54.147+0000] {logging_mixin.py:188} INFO - [2025-08-26T11:55:54.146+0000] {dag.py:3823} INFO - Setting next_dagrun for ml_pipeline to None, run_after=None
[2025-08-26T11:55:54.175+0000] {processor.py:183} INFO - Processing /opt/airflow/dags/ml_pipeline.py took 0.116 seconds
[2025-08-26T11:56:24.261+0000] {processor.py:161} INFO - Started process (PID=513) to work on /opt/airflow/dags/ml_pipeline.py
[2025-08-26T11:56:24.262+0000] {processor.py:830} INFO - Processing file /opt/airflow/dags/ml_pipeline.py for tasks to queue
[2025-08-26T11:56:24.263+0000] {logging_mixin.py:188} INFO - [2025-08-26T11:56:24.263+0000] {dagbag.py:538} INFO - Filling up the DagBag from /opt/airflow/dags/ml_pipeline.py
[2025-08-26T11:56:24.292+0000] {processor.py:840} INFO - DAG(s) 'ml_pipeline' retrieved from /opt/airflow/dags/ml_pipeline.py
[2025-08-26T11:56:24.328+0000] {logging_mixin.py:188} INFO - [2025-08-26T11:56:24.328+0000] {dag.py:3036} INFO - Sync 1 DAGs
[2025-08-26T11:56:24.344+0000] {logging_mixin.py:188} INFO - [2025-08-26T11:56:24.344+0000] {dag.py:3823} INFO - Setting next_dagrun for ml_pipeline to None, run_after=None
[2025-08-26T11:56:24.372+0000] {processor.py:183} INFO - Processing /opt/airflow/dags/ml_pipeline.py took 0.116 seconds
[2025-08-26T11:56:54.623+0000] {processor.py:161} INFO - Started process (PID=518) to work on /opt/airflow/dags/ml_pipeline.py
[2025-08-26T11:56:54.624+0000] {processor.py:830} INFO - Processing file /opt/airflow/dags/ml_pipeline.py for tasks to queue
[2025-08-26T11:56:54.626+0000] {logging_mixin.py:188} INFO - [2025-08-26T11:56:54.625+0000] {dagbag.py:538} INFO - Filling up the DagBag from /opt/airflow/dags/ml_pipeline.py
[2025-08-26T11:56:54.651+0000] {processor.py:840} INFO - DAG(s) 'ml_pipeline' retrieved from /opt/airflow/dags/ml_pipeline.py
[2025-08-26T11:56:54.686+0000] {logging_mixin.py:188} INFO - [2025-08-26T11:56:54.685+0000] {dag.py:3036} INFO - Sync 1 DAGs
[2025-08-26T11:56:54.702+0000] {logging_mixin.py:188} INFO - [2025-08-26T11:56:54.702+0000] {dag.py:3823} INFO - Setting next_dagrun for ml_pipeline to None, run_after=None
[2025-08-26T11:56:54.733+0000] {processor.py:183} INFO - Processing /opt/airflow/dags/ml_pipeline.py took 0.116 seconds
[2025-08-26T11:57:24.818+0000] {processor.py:161} INFO - Started process (PID=523) to work on /opt/airflow/dags/ml_pipeline.py
[2025-08-26T11:57:24.819+0000] {processor.py:830} INFO - Processing file /opt/airflow/dags/ml_pipeline.py for tasks to queue
[2025-08-26T11:57:24.821+0000] {logging_mixin.py:188} INFO - [2025-08-26T11:57:24.821+0000] {dagbag.py:538} INFO - Filling up the DagBag from /opt/airflow/dags/ml_pipeline.py
[2025-08-26T11:57:24.846+0000] {processor.py:840} INFO - DAG(s) 'ml_pipeline' retrieved from /opt/airflow/dags/ml_pipeline.py
[2025-08-26T11:57:24.881+0000] {logging_mixin.py:188} INFO - [2025-08-26T11:57:24.880+0000] {dag.py:3036} INFO - Sync 1 DAGs
[2025-08-26T11:57:24.896+0000] {logging_mixin.py:188} INFO - [2025-08-26T11:57:24.895+0000] {dag.py:3823} INFO - Setting next_dagrun for ml_pipeline to None, run_after=None
[2025-08-26T11:57:24.927+0000] {processor.py:183} INFO - Processing /opt/airflow/dags/ml_pipeline.py took 0.113 seconds
[2025-08-26T11:57:55.118+0000] {processor.py:161} INFO - Started process (PID=528) to work on /opt/airflow/dags/ml_pipeline.py
[2025-08-26T11:57:55.119+0000] {processor.py:830} INFO - Processing file /opt/airflow/dags/ml_pipeline.py for tasks to queue
[2025-08-26T11:57:55.120+0000] {logging_mixin.py:188} INFO - [2025-08-26T11:57:55.120+0000] {dagbag.py:538} INFO - Filling up the DagBag from /opt/airflow/dags/ml_pipeline.py
[2025-08-26T11:57:55.147+0000] {processor.py:840} INFO - DAG(s) 'ml_pipeline' retrieved from /opt/airflow/dags/ml_pipeline.py
[2025-08-26T11:57:55.190+0000] {logging_mixin.py:188} INFO - [2025-08-26T11:57:55.189+0000] {dag.py:3036} INFO - Sync 1 DAGs
[2025-08-26T11:57:55.209+0000] {logging_mixin.py:188} INFO - [2025-08-26T11:57:55.208+0000] {dag.py:3823} INFO - Setting next_dagrun for ml_pipeline to None, run_after=None
[2025-08-26T11:57:55.237+0000] {processor.py:183} INFO - Processing /opt/airflow/dags/ml_pipeline.py took 0.123 seconds
[2025-08-26T11:58:25.339+0000] {processor.py:161} INFO - Started process (PID=533) to work on /opt/airflow/dags/ml_pipeline.py
[2025-08-26T11:58:25.340+0000] {processor.py:830} INFO - Processing file /opt/airflow/dags/ml_pipeline.py for tasks to queue
[2025-08-26T11:58:25.341+0000] {logging_mixin.py:188} INFO - [2025-08-26T11:58:25.341+0000] {dagbag.py:538} INFO - Filling up the DagBag from /opt/airflow/dags/ml_pipeline.py
[2025-08-26T11:58:25.366+0000] {processor.py:840} INFO - DAG(s) 'ml_pipeline' retrieved from /opt/airflow/dags/ml_pipeline.py
[2025-08-26T11:58:25.405+0000] {logging_mixin.py:188} INFO - [2025-08-26T11:58:25.405+0000] {dag.py:3036} INFO - Sync 1 DAGs
[2025-08-26T11:58:25.421+0000] {logging_mixin.py:188} INFO - [2025-08-26T11:58:25.421+0000] {dag.py:3823} INFO - Setting next_dagrun for ml_pipeline to None, run_after=None
[2025-08-26T11:58:25.447+0000] {processor.py:183} INFO - Processing /opt/airflow/dags/ml_pipeline.py took 0.113 seconds
[2025-08-26T11:58:55.602+0000] {processor.py:161} INFO - Started process (PID=538) to work on /opt/airflow/dags/ml_pipeline.py
[2025-08-26T11:58:55.604+0000] {processor.py:830} INFO - Processing file /opt/airflow/dags/ml_pipeline.py for tasks to queue
[2025-08-26T11:58:55.605+0000] {logging_mixin.py:188} INFO - [2025-08-26T11:58:55.605+0000] {dagbag.py:538} INFO - Filling up the DagBag from /opt/airflow/dags/ml_pipeline.py
[2025-08-26T11:58:55.641+0000] {processor.py:840} INFO - DAG(s) 'ml_pipeline' retrieved from /opt/airflow/dags/ml_pipeline.py
[2025-08-26T11:58:55.676+0000] {logging_mixin.py:188} INFO - [2025-08-26T11:58:55.676+0000] {dag.py:3036} INFO - Sync 1 DAGs
[2025-08-26T11:58:55.690+0000] {logging_mixin.py:188} INFO - [2025-08-26T11:58:55.691+0000] {dag.py:3823} INFO - Setting next_dagrun for ml_pipeline to None, run_after=None
[2025-08-26T11:58:55.722+0000] {processor.py:183} INFO - Processing /opt/airflow/dags/ml_pipeline.py took 0.126 seconds
[2025-08-26T11:59:25.822+0000] {processor.py:161} INFO - Started process (PID=543) to work on /opt/airflow/dags/ml_pipeline.py
[2025-08-26T11:59:25.824+0000] {processor.py:830} INFO - Processing file /opt/airflow/dags/ml_pipeline.py for tasks to queue
[2025-08-26T11:59:25.825+0000] {logging_mixin.py:188} INFO - [2025-08-26T11:59:25.825+0000] {dagbag.py:538} INFO - Filling up the DagBag from /opt/airflow/dags/ml_pipeline.py
[2025-08-26T11:59:25.853+0000] {processor.py:840} INFO - DAG(s) 'ml_pipeline' retrieved from /opt/airflow/dags/ml_pipeline.py
[2025-08-26T11:59:25.891+0000] {logging_mixin.py:188} INFO - [2025-08-26T11:59:25.891+0000] {dag.py:3036} INFO - Sync 1 DAGs
[2025-08-26T11:59:25.910+0000] {logging_mixin.py:188} INFO - [2025-08-26T11:59:25.909+0000] {dag.py:3823} INFO - Setting next_dagrun for ml_pipeline to None, run_after=None
[2025-08-26T11:59:25.943+0000] {processor.py:183} INFO - Processing /opt/airflow/dags/ml_pipeline.py took 0.126 seconds
[2025-08-26T11:59:56.145+0000] {processor.py:161} INFO - Started process (PID=548) to work on /opt/airflow/dags/ml_pipeline.py
[2025-08-26T11:59:56.146+0000] {processor.py:830} INFO - Processing file /opt/airflow/dags/ml_pipeline.py for tasks to queue
[2025-08-26T11:59:56.148+0000] {logging_mixin.py:188} INFO - [2025-08-26T11:59:56.148+0000] {dagbag.py:538} INFO - Filling up the DagBag from /opt/airflow/dags/ml_pipeline.py
[2025-08-26T11:59:56.176+0000] {processor.py:840} INFO - DAG(s) 'ml_pipeline' retrieved from /opt/airflow/dags/ml_pipeline.py
[2025-08-26T11:59:56.228+0000] {logging_mixin.py:188} INFO - [2025-08-26T11:59:56.228+0000] {dag.py:3036} INFO - Sync 1 DAGs
[2025-08-26T11:59:56.250+0000] {logging_mixin.py:188} INFO - [2025-08-26T11:59:56.249+0000] {dag.py:3823} INFO - Setting next_dagrun for ml_pipeline to None, run_after=None
[2025-08-26T11:59:56.315+0000] {processor.py:183} INFO - Processing /opt/airflow/dags/ml_pipeline.py took 0.176 seconds
[2025-08-26T12:00:26.394+0000] {processor.py:161} INFO - Started process (PID=553) to work on /opt/airflow/dags/ml_pipeline.py
[2025-08-26T12:00:26.395+0000] {processor.py:830} INFO - Processing file /opt/airflow/dags/ml_pipeline.py for tasks to queue
[2025-08-26T12:00:26.397+0000] {logging_mixin.py:188} INFO - [2025-08-26T12:00:26.396+0000] {dagbag.py:538} INFO - Filling up the DagBag from /opt/airflow/dags/ml_pipeline.py
[2025-08-26T12:00:26.422+0000] {processor.py:840} INFO - DAG(s) 'ml_pipeline' retrieved from /opt/airflow/dags/ml_pipeline.py
[2025-08-26T12:00:26.456+0000] {logging_mixin.py:188} INFO - [2025-08-26T12:00:26.456+0000] {dag.py:3036} INFO - Sync 1 DAGs
[2025-08-26T12:00:26.475+0000] {logging_mixin.py:188} INFO - [2025-08-26T12:00:26.474+0000] {dag.py:3823} INFO - Setting next_dagrun for ml_pipeline to None, run_after=None
[2025-08-26T12:00:26.505+0000] {processor.py:183} INFO - Processing /opt/airflow/dags/ml_pipeline.py took 0.116 seconds
[2025-08-26T12:00:56.802+0000] {processor.py:161} INFO - Started process (PID=558) to work on /opt/airflow/dags/ml_pipeline.py
[2025-08-26T12:00:56.803+0000] {processor.py:830} INFO - Processing file /opt/airflow/dags/ml_pipeline.py for tasks to queue
[2025-08-26T12:00:56.804+0000] {logging_mixin.py:188} INFO - [2025-08-26T12:00:56.804+0000] {dagbag.py:538} INFO - Filling up the DagBag from /opt/airflow/dags/ml_pipeline.py
[2025-08-26T12:00:56.831+0000] {processor.py:840} INFO - DAG(s) 'ml_pipeline' retrieved from /opt/airflow/dags/ml_pipeline.py
[2025-08-26T12:00:56.864+0000] {logging_mixin.py:188} INFO - [2025-08-26T12:00:56.864+0000] {dag.py:3036} INFO - Sync 1 DAGs
[2025-08-26T12:00:56.879+0000] {logging_mixin.py:188} INFO - [2025-08-26T12:00:56.878+0000] {dag.py:3823} INFO - Setting next_dagrun for ml_pipeline to None, run_after=None
[2025-08-26T12:00:56.904+0000] {processor.py:183} INFO - Processing /opt/airflow/dags/ml_pipeline.py took 0.106 seconds
[2025-08-26T12:01:27.005+0000] {processor.py:161} INFO - Started process (PID=563) to work on /opt/airflow/dags/ml_pipeline.py
[2025-08-26T12:01:27.007+0000] {processor.py:830} INFO - Processing file /opt/airflow/dags/ml_pipeline.py for tasks to queue
[2025-08-26T12:01:27.008+0000] {logging_mixin.py:188} INFO - [2025-08-26T12:01:27.008+0000] {dagbag.py:538} INFO - Filling up the DagBag from /opt/airflow/dags/ml_pipeline.py
[2025-08-26T12:01:27.042+0000] {processor.py:840} INFO - DAG(s) 'ml_pipeline' retrieved from /opt/airflow/dags/ml_pipeline.py
[2025-08-26T12:01:27.081+0000] {logging_mixin.py:188} INFO - [2025-08-26T12:01:27.080+0000] {dag.py:3036} INFO - Sync 1 DAGs
[2025-08-26T12:01:27.096+0000] {logging_mixin.py:188} INFO - [2025-08-26T12:01:27.096+0000] {dag.py:3823} INFO - Setting next_dagrun for ml_pipeline to None, run_after=None
[2025-08-26T12:01:27.122+0000] {processor.py:183} INFO - Processing /opt/airflow/dags/ml_pipeline.py took 0.123 seconds
[2025-08-26T12:01:57.353+0000] {processor.py:161} INFO - Started process (PID=568) to work on /opt/airflow/dags/ml_pipeline.py
[2025-08-26T12:01:57.354+0000] {processor.py:830} INFO - Processing file /opt/airflow/dags/ml_pipeline.py for tasks to queue
[2025-08-26T12:01:57.356+0000] {logging_mixin.py:188} INFO - [2025-08-26T12:01:57.355+0000] {dagbag.py:538} INFO - Filling up the DagBag from /opt/airflow/dags/ml_pipeline.py
[2025-08-26T12:01:57.382+0000] {processor.py:840} INFO - DAG(s) 'ml_pipeline' retrieved from /opt/airflow/dags/ml_pipeline.py
[2025-08-26T12:01:57.416+0000] {logging_mixin.py:188} INFO - [2025-08-26T12:01:57.416+0000] {dag.py:3036} INFO - Sync 1 DAGs
[2025-08-26T12:01:57.431+0000] {logging_mixin.py:188} INFO - [2025-08-26T12:01:57.431+0000] {dag.py:3823} INFO - Setting next_dagrun for ml_pipeline to None, run_after=None
[2025-08-26T12:01:57.461+0000] {processor.py:183} INFO - Processing /opt/airflow/dags/ml_pipeline.py took 0.112 seconds
[2025-08-26T12:02:27.553+0000] {processor.py:161} INFO - Started process (PID=573) to work on /opt/airflow/dags/ml_pipeline.py
[2025-08-26T12:02:27.554+0000] {processor.py:830} INFO - Processing file /opt/airflow/dags/ml_pipeline.py for tasks to queue
[2025-08-26T12:02:27.556+0000] {logging_mixin.py:188} INFO - [2025-08-26T12:02:27.556+0000] {dagbag.py:538} INFO - Filling up the DagBag from /opt/airflow/dags/ml_pipeline.py
[2025-08-26T12:02:27.583+0000] {processor.py:840} INFO - DAG(s) 'ml_pipeline' retrieved from /opt/airflow/dags/ml_pipeline.py
[2025-08-26T12:02:27.619+0000] {logging_mixin.py:188} INFO - [2025-08-26T12:02:27.619+0000] {dag.py:3036} INFO - Sync 1 DAGs
[2025-08-26T12:02:27.637+0000] {logging_mixin.py:188} INFO - [2025-08-26T12:02:27.636+0000] {dag.py:3823} INFO - Setting next_dagrun for ml_pipeline to None, run_after=None
[2025-08-26T12:02:27.664+0000] {processor.py:183} INFO - Processing /opt/airflow/dags/ml_pipeline.py took 0.116 seconds
[2025-08-26T12:02:57.819+0000] {processor.py:161} INFO - Started process (PID=578) to work on /opt/airflow/dags/ml_pipeline.py
[2025-08-26T12:02:57.824+0000] {processor.py:830} INFO - Processing file /opt/airflow/dags/ml_pipeline.py for tasks to queue
[2025-08-26T12:02:57.832+0000] {logging_mixin.py:188} INFO - [2025-08-26T12:02:57.831+0000] {dagbag.py:538} INFO - Filling up the DagBag from /opt/airflow/dags/ml_pipeline.py
[2025-08-26T12:02:57.861+0000] {processor.py:840} INFO - DAG(s) 'ml_pipeline' retrieved from /opt/airflow/dags/ml_pipeline.py
[2025-08-26T12:02:57.901+0000] {logging_mixin.py:188} INFO - [2025-08-26T12:02:57.900+0000] {dag.py:3036} INFO - Sync 1 DAGs
[2025-08-26T12:02:57.916+0000] {logging_mixin.py:188} INFO - [2025-08-26T12:02:57.916+0000] {dag.py:3823} INFO - Setting next_dagrun for ml_pipeline to None, run_after=None
[2025-08-26T12:02:57.945+0000] {processor.py:183} INFO - Processing /opt/airflow/dags/ml_pipeline.py took 0.135 seconds
[2025-08-26T12:03:28.131+0000] {processor.py:161} INFO - Started process (PID=583) to work on /opt/airflow/dags/ml_pipeline.py
[2025-08-26T12:03:28.133+0000] {processor.py:830} INFO - Processing file /opt/airflow/dags/ml_pipeline.py for tasks to queue
[2025-08-26T12:03:28.135+0000] {logging_mixin.py:188} INFO - [2025-08-26T12:03:28.134+0000] {dagbag.py:538} INFO - Filling up the DagBag from /opt/airflow/dags/ml_pipeline.py
[2025-08-26T12:03:28.179+0000] {processor.py:840} INFO - DAG(s) 'ml_pipeline' retrieved from /opt/airflow/dags/ml_pipeline.py
[2025-08-26T12:03:28.239+0000] {logging_mixin.py:188} INFO - [2025-08-26T12:03:28.238+0000] {dag.py:3036} INFO - Sync 1 DAGs
[2025-08-26T12:03:28.266+0000] {logging_mixin.py:188} INFO - [2025-08-26T12:03:28.265+0000] {dag.py:3823} INFO - Setting next_dagrun for ml_pipeline to None, run_after=None
[2025-08-26T12:03:28.301+0000] {processor.py:183} INFO - Processing /opt/airflow/dags/ml_pipeline.py took 0.177 seconds
[2025-08-26T12:03:58.357+0000] {processor.py:161} INFO - Started process (PID=588) to work on /opt/airflow/dags/ml_pipeline.py
[2025-08-26T12:03:58.358+0000] {processor.py:830} INFO - Processing file /opt/airflow/dags/ml_pipeline.py for tasks to queue
[2025-08-26T12:03:58.360+0000] {logging_mixin.py:188} INFO - [2025-08-26T12:03:58.359+0000] {dagbag.py:538} INFO - Filling up the DagBag from /opt/airflow/dags/ml_pipeline.py
[2025-08-26T12:03:58.394+0000] {processor.py:840} INFO - DAG(s) 'ml_pipeline' retrieved from /opt/airflow/dags/ml_pipeline.py
[2025-08-26T12:03:58.440+0000] {logging_mixin.py:188} INFO - [2025-08-26T12:03:58.439+0000] {dag.py:3036} INFO - Sync 1 DAGs
[2025-08-26T12:03:58.461+0000] {logging_mixin.py:188} INFO - [2025-08-26T12:03:58.460+0000] {dag.py:3823} INFO - Setting next_dagrun for ml_pipeline to None, run_after=None
[2025-08-26T12:03:58.489+0000] {processor.py:183} INFO - Processing /opt/airflow/dags/ml_pipeline.py took 0.139 seconds
[2025-08-26T12:04:28.566+0000] {processor.py:161} INFO - Started process (PID=593) to work on /opt/airflow/dags/ml_pipeline.py
[2025-08-26T12:04:28.567+0000] {processor.py:830} INFO - Processing file /opt/airflow/dags/ml_pipeline.py for tasks to queue
[2025-08-26T12:04:28.569+0000] {logging_mixin.py:188} INFO - [2025-08-26T12:04:28.569+0000] {dagbag.py:538} INFO - Filling up the DagBag from /opt/airflow/dags/ml_pipeline.py
[2025-08-26T12:04:28.604+0000] {processor.py:840} INFO - DAG(s) 'ml_pipeline' retrieved from /opt/airflow/dags/ml_pipeline.py
[2025-08-26T12:04:28.648+0000] {logging_mixin.py:188} INFO - [2025-08-26T12:04:28.647+0000] {dag.py:3036} INFO - Sync 1 DAGs
[2025-08-26T12:04:28.670+0000] {logging_mixin.py:188} INFO - [2025-08-26T12:04:28.670+0000] {dag.py:3823} INFO - Setting next_dagrun for ml_pipeline to None, run_after=None
[2025-08-26T12:04:28.699+0000] {processor.py:183} INFO - Processing /opt/airflow/dags/ml_pipeline.py took 0.137 seconds
[2025-08-26T12:04:58.899+0000] {processor.py:161} INFO - Started process (PID=598) to work on /opt/airflow/dags/ml_pipeline.py
[2025-08-26T12:04:58.900+0000] {processor.py:830} INFO - Processing file /opt/airflow/dags/ml_pipeline.py for tasks to queue
[2025-08-26T12:04:58.901+0000] {logging_mixin.py:188} INFO - [2025-08-26T12:04:58.901+0000] {dagbag.py:538} INFO - Filling up the DagBag from /opt/airflow/dags/ml_pipeline.py
[2025-08-26T12:04:58.930+0000] {processor.py:840} INFO - DAG(s) 'ml_pipeline' retrieved from /opt/airflow/dags/ml_pipeline.py
[2025-08-26T12:04:58.970+0000] {logging_mixin.py:188} INFO - [2025-08-26T12:04:58.969+0000] {dag.py:3036} INFO - Sync 1 DAGs
[2025-08-26T12:04:58.990+0000] {logging_mixin.py:188} INFO - [2025-08-26T12:04:58.989+0000] {dag.py:3823} INFO - Setting next_dagrun for ml_pipeline to None, run_after=None
[2025-08-26T12:04:59.022+0000] {processor.py:183} INFO - Processing /opt/airflow/dags/ml_pipeline.py took 0.128 seconds
[2025-08-26T12:05:29.101+0000] {processor.py:161} INFO - Started process (PID=603) to work on /opt/airflow/dags/ml_pipeline.py
[2025-08-26T12:05:29.102+0000] {processor.py:830} INFO - Processing file /opt/airflow/dags/ml_pipeline.py for tasks to queue
[2025-08-26T12:05:29.104+0000] {logging_mixin.py:188} INFO - [2025-08-26T12:05:29.103+0000] {dagbag.py:538} INFO - Filling up the DagBag from /opt/airflow/dags/ml_pipeline.py
[2025-08-26T12:05:29.133+0000] {processor.py:840} INFO - DAG(s) 'ml_pipeline' retrieved from /opt/airflow/dags/ml_pipeline.py
[2025-08-26T12:05:29.170+0000] {logging_mixin.py:188} INFO - [2025-08-26T12:05:29.170+0000] {dag.py:3036} INFO - Sync 1 DAGs
[2025-08-26T12:05:29.186+0000] {logging_mixin.py:188} INFO - [2025-08-26T12:05:29.185+0000] {dag.py:3823} INFO - Setting next_dagrun for ml_pipeline to None, run_after=None
[2025-08-26T12:05:29.212+0000] {processor.py:183} INFO - Processing /opt/airflow/dags/ml_pipeline.py took 0.116 seconds
[2025-08-26T12:05:59.418+0000] {processor.py:161} INFO - Started process (PID=608) to work on /opt/airflow/dags/ml_pipeline.py
[2025-08-26T12:05:59.420+0000] {processor.py:830} INFO - Processing file /opt/airflow/dags/ml_pipeline.py for tasks to queue
[2025-08-26T12:05:59.421+0000] {logging_mixin.py:188} INFO - [2025-08-26T12:05:59.421+0000] {dagbag.py:538} INFO - Filling up the DagBag from /opt/airflow/dags/ml_pipeline.py
[2025-08-26T12:05:59.450+0000] {processor.py:840} INFO - DAG(s) 'ml_pipeline' retrieved from /opt/airflow/dags/ml_pipeline.py
[2025-08-26T12:05:59.484+0000] {logging_mixin.py:188} INFO - [2025-08-26T12:05:59.484+0000] {dag.py:3036} INFO - Sync 1 DAGs
[2025-08-26T12:05:59.499+0000] {logging_mixin.py:188} INFO - [2025-08-26T12:05:59.499+0000] {dag.py:3823} INFO - Setting next_dagrun for ml_pipeline to None, run_after=None
[2025-08-26T12:05:59.525+0000] {processor.py:183} INFO - Processing /opt/airflow/dags/ml_pipeline.py took 0.111 seconds
[2025-08-26T12:06:29.626+0000] {processor.py:161} INFO - Started process (PID=613) to work on /opt/airflow/dags/ml_pipeline.py
[2025-08-26T12:06:29.627+0000] {processor.py:830} INFO - Processing file /opt/airflow/dags/ml_pipeline.py for tasks to queue
[2025-08-26T12:06:29.629+0000] {logging_mixin.py:188} INFO - [2025-08-26T12:06:29.628+0000] {dagbag.py:538} INFO - Filling up the DagBag from /opt/airflow/dags/ml_pipeline.py
[2025-08-26T12:06:29.659+0000] {processor.py:840} INFO - DAG(s) 'ml_pipeline' retrieved from /opt/airflow/dags/ml_pipeline.py
[2025-08-26T12:06:29.697+0000] {logging_mixin.py:188} INFO - [2025-08-26T12:06:29.697+0000] {dag.py:3036} INFO - Sync 1 DAGs
[2025-08-26T12:06:29.714+0000] {logging_mixin.py:188} INFO - [2025-08-26T12:06:29.713+0000] {dag.py:3823} INFO - Setting next_dagrun for ml_pipeline to None, run_after=None
[2025-08-26T12:06:29.748+0000] {processor.py:183} INFO - Processing /opt/airflow/dags/ml_pipeline.py took 0.127 seconds
[2025-08-26T12:07:00.037+0000] {processor.py:161} INFO - Started process (PID=618) to work on /opt/airflow/dags/ml_pipeline.py
[2025-08-26T12:07:00.039+0000] {processor.py:830} INFO - Processing file /opt/airflow/dags/ml_pipeline.py for tasks to queue
[2025-08-26T12:07:00.040+0000] {logging_mixin.py:188} INFO - [2025-08-26T12:07:00.040+0000] {dagbag.py:538} INFO - Filling up the DagBag from /opt/airflow/dags/ml_pipeline.py
[2025-08-26T12:07:00.065+0000] {processor.py:840} INFO - DAG(s) 'ml_pipeline' retrieved from /opt/airflow/dags/ml_pipeline.py
[2025-08-26T12:07:00.101+0000] {logging_mixin.py:188} INFO - [2025-08-26T12:07:00.100+0000] {dag.py:3036} INFO - Sync 1 DAGs
[2025-08-26T12:07:00.118+0000] {logging_mixin.py:188} INFO - [2025-08-26T12:07:00.118+0000] {dag.py:3823} INFO - Setting next_dagrun for ml_pipeline to None, run_after=None
[2025-08-26T12:07:00.149+0000] {processor.py:183} INFO - Processing /opt/airflow/dags/ml_pipeline.py took 0.116 seconds
[2025-08-26T12:07:30.249+0000] {processor.py:161} INFO - Started process (PID=623) to work on /opt/airflow/dags/ml_pipeline.py
[2025-08-26T12:07:30.250+0000] {processor.py:830} INFO - Processing file /opt/airflow/dags/ml_pipeline.py for tasks to queue
[2025-08-26T12:07:30.252+0000] {logging_mixin.py:188} INFO - [2025-08-26T12:07:30.252+0000] {dagbag.py:538} INFO - Filling up the DagBag from /opt/airflow/dags/ml_pipeline.py
[2025-08-26T12:07:30.285+0000] {processor.py:840} INFO - DAG(s) 'ml_pipeline' retrieved from /opt/airflow/dags/ml_pipeline.py
[2025-08-26T12:07:30.321+0000] {logging_mixin.py:188} INFO - [2025-08-26T12:07:30.321+0000] {dag.py:3036} INFO - Sync 1 DAGs
[2025-08-26T12:07:30.337+0000] {logging_mixin.py:188} INFO - [2025-08-26T12:07:30.337+0000] {dag.py:3823} INFO - Setting next_dagrun for ml_pipeline to None, run_after=None
[2025-08-26T12:07:30.365+0000] {processor.py:183} INFO - Processing /opt/airflow/dags/ml_pipeline.py took 0.122 seconds
[2025-08-26T12:08:00.604+0000] {processor.py:161} INFO - Started process (PID=628) to work on /opt/airflow/dags/ml_pipeline.py
[2025-08-26T12:08:00.606+0000] {processor.py:830} INFO - Processing file /opt/airflow/dags/ml_pipeline.py for tasks to queue
[2025-08-26T12:08:00.608+0000] {logging_mixin.py:188} INFO - [2025-08-26T12:08:00.607+0000] {dagbag.py:538} INFO - Filling up the DagBag from /opt/airflow/dags/ml_pipeline.py
[2025-08-26T12:08:00.635+0000] {processor.py:840} INFO - DAG(s) 'ml_pipeline' retrieved from /opt/airflow/dags/ml_pipeline.py
[2025-08-26T12:08:00.671+0000] {logging_mixin.py:188} INFO - [2025-08-26T12:08:00.671+0000] {dag.py:3036} INFO - Sync 1 DAGs
[2025-08-26T12:08:00.686+0000] {logging_mixin.py:188} INFO - [2025-08-26T12:08:00.686+0000] {dag.py:3823} INFO - Setting next_dagrun for ml_pipeline to None, run_after=None
[2025-08-26T12:08:00.713+0000] {processor.py:183} INFO - Processing /opt/airflow/dags/ml_pipeline.py took 0.113 seconds
[2025-08-26T12:08:30.813+0000] {processor.py:161} INFO - Started process (PID=633) to work on /opt/airflow/dags/ml_pipeline.py
[2025-08-26T12:08:30.815+0000] {processor.py:830} INFO - Processing file /opt/airflow/dags/ml_pipeline.py for tasks to queue
[2025-08-26T12:08:30.816+0000] {logging_mixin.py:188} INFO - [2025-08-26T12:08:30.816+0000] {dagbag.py:538} INFO - Filling up the DagBag from /opt/airflow/dags/ml_pipeline.py
[2025-08-26T12:08:30.842+0000] {processor.py:840} INFO - DAG(s) 'ml_pipeline' retrieved from /opt/airflow/dags/ml_pipeline.py
[2025-08-26T12:08:30.880+0000] {logging_mixin.py:188} INFO - [2025-08-26T12:08:30.880+0000] {dag.py:3036} INFO - Sync 1 DAGs
[2025-08-26T12:08:30.896+0000] {logging_mixin.py:188} INFO - [2025-08-26T12:08:30.896+0000] {dag.py:3823} INFO - Setting next_dagrun for ml_pipeline to None, run_after=None
[2025-08-26T12:08:30.924+0000] {processor.py:183} INFO - Processing /opt/airflow/dags/ml_pipeline.py took 0.116 seconds
[2025-08-26T12:09:01.128+0000] {processor.py:161} INFO - Started process (PID=638) to work on /opt/airflow/dags/ml_pipeline.py
[2025-08-26T12:09:01.130+0000] {processor.py:830} INFO - Processing file /opt/airflow/dags/ml_pipeline.py for tasks to queue
[2025-08-26T12:09:01.131+0000] {logging_mixin.py:188} INFO - [2025-08-26T12:09:01.131+0000] {dagbag.py:538} INFO - Filling up the DagBag from /opt/airflow/dags/ml_pipeline.py
[2025-08-26T12:09:01.160+0000] {processor.py:840} INFO - DAG(s) 'ml_pipeline' retrieved from /opt/airflow/dags/ml_pipeline.py
[2025-08-26T12:09:01.198+0000] {logging_mixin.py:188} INFO - [2025-08-26T12:09:01.198+0000] {dag.py:3036} INFO - Sync 1 DAGs
[2025-08-26T12:09:01.215+0000] {logging_mixin.py:188} INFO - [2025-08-26T12:09:01.215+0000] {dag.py:3823} INFO - Setting next_dagrun for ml_pipeline to None, run_after=None
[2025-08-26T12:09:01.242+0000] {processor.py:183} INFO - Processing /opt/airflow/dags/ml_pipeline.py took 0.118 seconds
[2025-08-26T12:09:31.353+0000] {processor.py:161} INFO - Started process (PID=643) to work on /opt/airflow/dags/ml_pipeline.py
[2025-08-26T12:09:31.354+0000] {processor.py:830} INFO - Processing file /opt/airflow/dags/ml_pipeline.py for tasks to queue
[2025-08-26T12:09:31.356+0000] {logging_mixin.py:188} INFO - [2025-08-26T12:09:31.355+0000] {dagbag.py:538} INFO - Filling up the DagBag from /opt/airflow/dags/ml_pipeline.py
[2025-08-26T12:09:31.385+0000] {processor.py:840} INFO - DAG(s) 'ml_pipeline' retrieved from /opt/airflow/dags/ml_pipeline.py
[2025-08-26T12:09:31.431+0000] {logging_mixin.py:188} INFO - [2025-08-26T12:09:31.431+0000] {dag.py:3036} INFO - Sync 1 DAGs
[2025-08-26T12:09:31.450+0000] {logging_mixin.py:188} INFO - [2025-08-26T12:09:31.449+0000] {dag.py:3823} INFO - Setting next_dagrun for ml_pipeline to None, run_after=None
[2025-08-26T12:09:31.478+0000] {processor.py:183} INFO - Processing /opt/airflow/dags/ml_pipeline.py took 0.130 seconds
[2025-08-26T12:10:01.716+0000] {processor.py:161} INFO - Started process (PID=648) to work on /opt/airflow/dags/ml_pipeline.py
[2025-08-26T12:10:01.717+0000] {processor.py:830} INFO - Processing file /opt/airflow/dags/ml_pipeline.py for tasks to queue
[2025-08-26T12:10:01.718+0000] {logging_mixin.py:188} INFO - [2025-08-26T12:10:01.718+0000] {dagbag.py:538} INFO - Filling up the DagBag from /opt/airflow/dags/ml_pipeline.py
[2025-08-26T12:10:01.748+0000] {processor.py:840} INFO - DAG(s) 'ml_pipeline' retrieved from /opt/airflow/dags/ml_pipeline.py
[2025-08-26T12:10:01.783+0000] {logging_mixin.py:188} INFO - [2025-08-26T12:10:01.783+0000] {dag.py:3036} INFO - Sync 1 DAGs
[2025-08-26T12:10:01.798+0000] {logging_mixin.py:188} INFO - [2025-08-26T12:10:01.798+0000] {dag.py:3823} INFO - Setting next_dagrun for ml_pipeline to None, run_after=None
[2025-08-26T12:10:01.829+0000] {processor.py:183} INFO - Processing /opt/airflow/dags/ml_pipeline.py took 0.117 seconds
[2025-08-26T12:10:31.924+0000] {processor.py:161} INFO - Started process (PID=653) to work on /opt/airflow/dags/ml_pipeline.py
[2025-08-26T12:10:31.926+0000] {processor.py:830} INFO - Processing file /opt/airflow/dags/ml_pipeline.py for tasks to queue
[2025-08-26T12:10:31.927+0000] {logging_mixin.py:188} INFO - [2025-08-26T12:10:31.927+0000] {dagbag.py:538} INFO - Filling up the DagBag from /opt/airflow/dags/ml_pipeline.py
[2025-08-26T12:10:31.958+0000] {processor.py:840} INFO - DAG(s) 'ml_pipeline' retrieved from /opt/airflow/dags/ml_pipeline.py
[2025-08-26T12:10:31.994+0000] {logging_mixin.py:188} INFO - [2025-08-26T12:10:31.994+0000] {dag.py:3036} INFO - Sync 1 DAGs
[2025-08-26T12:10:32.011+0000] {logging_mixin.py:188} INFO - [2025-08-26T12:10:32.010+0000] {dag.py:3823} INFO - Setting next_dagrun for ml_pipeline to None, run_after=None
[2025-08-26T12:10:32.041+0000] {processor.py:183} INFO - Processing /opt/airflow/dags/ml_pipeline.py took 0.121 seconds
[2025-08-26T12:11:02.293+0000] {processor.py:161} INFO - Started process (PID=658) to work on /opt/airflow/dags/ml_pipeline.py
[2025-08-26T12:11:02.294+0000] {processor.py:830} INFO - Processing file /opt/airflow/dags/ml_pipeline.py for tasks to queue
[2025-08-26T12:11:02.295+0000] {logging_mixin.py:188} INFO - [2025-08-26T12:11:02.295+0000] {dagbag.py:538} INFO - Filling up the DagBag from /opt/airflow/dags/ml_pipeline.py
[2025-08-26T12:11:02.323+0000] {processor.py:840} INFO - DAG(s) 'ml_pipeline' retrieved from /opt/airflow/dags/ml_pipeline.py
[2025-08-26T12:11:02.357+0000] {logging_mixin.py:188} INFO - [2025-08-26T12:11:02.356+0000] {dag.py:3036} INFO - Sync 1 DAGs
[2025-08-26T12:11:02.372+0000] {logging_mixin.py:188} INFO - [2025-08-26T12:11:02.372+0000] {dag.py:3823} INFO - Setting next_dagrun for ml_pipeline to None, run_after=None
[2025-08-26T12:11:02.405+0000] {processor.py:183} INFO - Processing /opt/airflow/dags/ml_pipeline.py took 0.116 seconds
[2025-08-26T12:11:32.508+0000] {processor.py:161} INFO - Started process (PID=663) to work on /opt/airflow/dags/ml_pipeline.py
[2025-08-26T12:11:32.510+0000] {processor.py:830} INFO - Processing file /opt/airflow/dags/ml_pipeline.py for tasks to queue
[2025-08-26T12:11:32.511+0000] {logging_mixin.py:188} INFO - [2025-08-26T12:11:32.511+0000] {dagbag.py:538} INFO - Filling up the DagBag from /opt/airflow/dags/ml_pipeline.py
[2025-08-26T12:11:32.542+0000] {processor.py:840} INFO - DAG(s) 'ml_pipeline' retrieved from /opt/airflow/dags/ml_pipeline.py
[2025-08-26T12:11:32.580+0000] {logging_mixin.py:188} INFO - [2025-08-26T12:11:32.580+0000] {dag.py:3036} INFO - Sync 1 DAGs
[2025-08-26T12:11:32.596+0000] {logging_mixin.py:188} INFO - [2025-08-26T12:11:32.596+0000] {dag.py:3823} INFO - Setting next_dagrun for ml_pipeline to None, run_after=None
[2025-08-26T12:11:32.629+0000] {processor.py:183} INFO - Processing /opt/airflow/dags/ml_pipeline.py took 0.125 seconds
[2025-08-26T12:12:02.866+0000] {processor.py:161} INFO - Started process (PID=668) to work on /opt/airflow/dags/ml_pipeline.py
[2025-08-26T12:12:02.867+0000] {processor.py:830} INFO - Processing file /opt/airflow/dags/ml_pipeline.py for tasks to queue
[2025-08-26T12:12:02.868+0000] {logging_mixin.py:188} INFO - [2025-08-26T12:12:02.868+0000] {dagbag.py:538} INFO - Filling up the DagBag from /opt/airflow/dags/ml_pipeline.py
[2025-08-26T12:12:02.897+0000] {processor.py:840} INFO - DAG(s) 'ml_pipeline' retrieved from /opt/airflow/dags/ml_pipeline.py
[2025-08-26T12:12:02.931+0000] {logging_mixin.py:188} INFO - [2025-08-26T12:12:02.931+0000] {dag.py:3036} INFO - Sync 1 DAGs
[2025-08-26T12:12:02.948+0000] {logging_mixin.py:188} INFO - [2025-08-26T12:12:02.948+0000] {dag.py:3823} INFO - Setting next_dagrun for ml_pipeline to None, run_after=None
[2025-08-26T12:12:02.976+0000] {processor.py:183} INFO - Processing /opt/airflow/dags/ml_pipeline.py took 0.115 seconds
[2025-08-26T12:12:33.084+0000] {processor.py:161} INFO - Started process (PID=673) to work on /opt/airflow/dags/ml_pipeline.py
[2025-08-26T12:12:33.085+0000] {processor.py:830} INFO - Processing file /opt/airflow/dags/ml_pipeline.py for tasks to queue
[2025-08-26T12:12:33.086+0000] {logging_mixin.py:188} INFO - [2025-08-26T12:12:33.086+0000] {dagbag.py:538} INFO - Filling up the DagBag from /opt/airflow/dags/ml_pipeline.py
[2025-08-26T12:12:33.117+0000] {processor.py:840} INFO - DAG(s) 'ml_pipeline' retrieved from /opt/airflow/dags/ml_pipeline.py
[2025-08-26T12:12:33.152+0000] {logging_mixin.py:188} INFO - [2025-08-26T12:12:33.152+0000] {dag.py:3036} INFO - Sync 1 DAGs
[2025-08-26T12:12:33.169+0000] {logging_mixin.py:188} INFO - [2025-08-26T12:12:33.168+0000] {dag.py:3823} INFO - Setting next_dagrun for ml_pipeline to None, run_after=None
[2025-08-26T12:12:33.197+0000] {processor.py:183} INFO - Processing /opt/airflow/dags/ml_pipeline.py took 0.118 seconds
[2025-08-26T12:13:03.378+0000] {processor.py:161} INFO - Started process (PID=678) to work on /opt/airflow/dags/ml_pipeline.py
[2025-08-26T12:13:03.379+0000] {processor.py:830} INFO - Processing file /opt/airflow/dags/ml_pipeline.py for tasks to queue
[2025-08-26T12:13:03.381+0000] {logging_mixin.py:188} INFO - [2025-08-26T12:13:03.380+0000] {dagbag.py:538} INFO - Filling up the DagBag from /opt/airflow/dags/ml_pipeline.py
[2025-08-26T12:13:03.409+0000] {processor.py:840} INFO - DAG(s) 'ml_pipeline' retrieved from /opt/airflow/dags/ml_pipeline.py
[2025-08-26T12:13:03.447+0000] {logging_mixin.py:188} INFO - [2025-08-26T12:13:03.446+0000] {dag.py:3036} INFO - Sync 1 DAGs
[2025-08-26T12:13:03.463+0000] {logging_mixin.py:188} INFO - [2025-08-26T12:13:03.463+0000] {dag.py:3823} INFO - Setting next_dagrun for ml_pipeline to None, run_after=None
[2025-08-26T12:13:03.493+0000] {processor.py:183} INFO - Processing /opt/airflow/dags/ml_pipeline.py took 0.119 seconds
[2025-08-26T12:13:33.593+0000] {processor.py:161} INFO - Started process (PID=683) to work on /opt/airflow/dags/ml_pipeline.py
[2025-08-26T12:13:33.594+0000] {processor.py:830} INFO - Processing file /opt/airflow/dags/ml_pipeline.py for tasks to queue
[2025-08-26T12:13:33.595+0000] {logging_mixin.py:188} INFO - [2025-08-26T12:13:33.595+0000] {dagbag.py:538} INFO - Filling up the DagBag from /opt/airflow/dags/ml_pipeline.py
[2025-08-26T12:13:33.625+0000] {processor.py:840} INFO - DAG(s) 'ml_pipeline' retrieved from /opt/airflow/dags/ml_pipeline.py
[2025-08-26T12:13:33.662+0000] {logging_mixin.py:188} INFO - [2025-08-26T12:13:33.661+0000] {dag.py:3036} INFO - Sync 1 DAGs
[2025-08-26T12:13:33.677+0000] {logging_mixin.py:188} INFO - [2025-08-26T12:13:33.676+0000] {dag.py:3823} INFO - Setting next_dagrun for ml_pipeline to None, run_after=None
[2025-08-26T12:13:33.705+0000] {processor.py:183} INFO - Processing /opt/airflow/dags/ml_pipeline.py took 0.117 seconds
[2025-08-26T12:14:03.831+0000] {processor.py:161} INFO - Started process (PID=688) to work on /opt/airflow/dags/ml_pipeline.py
[2025-08-26T12:14:03.834+0000] {processor.py:830} INFO - Processing file /opt/airflow/dags/ml_pipeline.py for tasks to queue
[2025-08-26T12:14:03.837+0000] {logging_mixin.py:188} INFO - [2025-08-26T12:14:03.836+0000] {dagbag.py:538} INFO - Filling up the DagBag from /opt/airflow/dags/ml_pipeline.py
[2025-08-26T12:14:03.891+0000] {processor.py:840} INFO - DAG(s) 'ml_pipeline' retrieved from /opt/airflow/dags/ml_pipeline.py
[2025-08-26T12:14:03.927+0000] {logging_mixin.py:188} INFO - [2025-08-26T12:14:03.927+0000] {dag.py:3036} INFO - Sync 1 DAGs
[2025-08-26T12:14:03.945+0000] {logging_mixin.py:188} INFO - [2025-08-26T12:14:03.945+0000] {dag.py:3823} INFO - Setting next_dagrun for ml_pipeline to None, run_after=None
[2025-08-26T12:14:03.979+0000] {processor.py:183} INFO - Processing /opt/airflow/dags/ml_pipeline.py took 0.154 seconds
[2025-08-26T12:14:34.107+0000] {processor.py:161} INFO - Started process (PID=693) to work on /opt/airflow/dags/ml_pipeline.py
[2025-08-26T12:14:34.108+0000] {processor.py:830} INFO - Processing file /opt/airflow/dags/ml_pipeline.py for tasks to queue
[2025-08-26T12:14:34.110+0000] {logging_mixin.py:188} INFO - [2025-08-26T12:14:34.109+0000] {dagbag.py:538} INFO - Filling up the DagBag from /opt/airflow/dags/ml_pipeline.py
[2025-08-26T12:14:34.139+0000] {processor.py:840} INFO - DAG(s) 'ml_pipeline' retrieved from /opt/airflow/dags/ml_pipeline.py
[2025-08-26T12:14:34.175+0000] {logging_mixin.py:188} INFO - [2025-08-26T12:14:34.175+0000] {dag.py:3036} INFO - Sync 1 DAGs
[2025-08-26T12:14:34.192+0000] {logging_mixin.py:188} INFO - [2025-08-26T12:14:34.191+0000] {dag.py:3823} INFO - Setting next_dagrun for ml_pipeline to None, run_after=None
[2025-08-26T12:14:34.217+0000] {processor.py:183} INFO - Processing /opt/airflow/dags/ml_pipeline.py took 0.115 seconds
[2025-08-26T12:15:04.379+0000] {processor.py:161} INFO - Started process (PID=698) to work on /opt/airflow/dags/ml_pipeline.py
[2025-08-26T12:15:04.380+0000] {processor.py:830} INFO - Processing file /opt/airflow/dags/ml_pipeline.py for tasks to queue
[2025-08-26T12:15:04.382+0000] {logging_mixin.py:188} INFO - [2025-08-26T12:15:04.381+0000] {dagbag.py:538} INFO - Filling up the DagBag from /opt/airflow/dags/ml_pipeline.py
[2025-08-26T12:15:04.411+0000] {processor.py:840} INFO - DAG(s) 'ml_pipeline' retrieved from /opt/airflow/dags/ml_pipeline.py
[2025-08-26T12:15:04.448+0000] {logging_mixin.py:188} INFO - [2025-08-26T12:15:04.448+0000] {dag.py:3036} INFO - Sync 1 DAGs
[2025-08-26T12:15:04.464+0000] {logging_mixin.py:188} INFO - [2025-08-26T12:15:04.464+0000] {dag.py:3823} INFO - Setting next_dagrun for ml_pipeline to None, run_after=None
[2025-08-26T12:15:04.496+0000] {processor.py:183} INFO - Processing /opt/airflow/dags/ml_pipeline.py took 0.122 seconds
[2025-08-26T12:15:34.618+0000] {processor.py:161} INFO - Started process (PID=703) to work on /opt/airflow/dags/ml_pipeline.py
[2025-08-26T12:15:34.619+0000] {processor.py:830} INFO - Processing file /opt/airflow/dags/ml_pipeline.py for tasks to queue
[2025-08-26T12:15:34.621+0000] {logging_mixin.py:188} INFO - [2025-08-26T12:15:34.621+0000] {dagbag.py:538} INFO - Filling up the DagBag from /opt/airflow/dags/ml_pipeline.py
[2025-08-26T12:15:34.654+0000] {processor.py:840} INFO - DAG(s) 'ml_pipeline' retrieved from /opt/airflow/dags/ml_pipeline.py
[2025-08-26T12:15:34.700+0000] {logging_mixin.py:188} INFO - [2025-08-26T12:15:34.700+0000] {dag.py:3036} INFO - Sync 1 DAGs
[2025-08-26T12:15:34.716+0000] {logging_mixin.py:188} INFO - [2025-08-26T12:15:34.716+0000] {dag.py:3823} INFO - Setting next_dagrun for ml_pipeline to None, run_after=None
[2025-08-26T12:15:34.745+0000] {processor.py:183} INFO - Processing /opt/airflow/dags/ml_pipeline.py took 0.133 seconds
[2025-08-26T12:16:04.953+0000] {processor.py:161} INFO - Started process (PID=708) to work on /opt/airflow/dags/ml_pipeline.py
[2025-08-26T12:16:04.955+0000] {processor.py:830} INFO - Processing file /opt/airflow/dags/ml_pipeline.py for tasks to queue
[2025-08-26T12:16:04.957+0000] {logging_mixin.py:188} INFO - [2025-08-26T12:16:04.956+0000] {dagbag.py:538} INFO - Filling up the DagBag from /opt/airflow/dags/ml_pipeline.py
[2025-08-26T12:16:04.988+0000] {processor.py:840} INFO - DAG(s) 'ml_pipeline' retrieved from /opt/airflow/dags/ml_pipeline.py
[2025-08-26T12:16:05.022+0000] {logging_mixin.py:188} INFO - [2025-08-26T12:16:05.022+0000] {dag.py:3036} INFO - Sync 1 DAGs
[2025-08-26T12:16:05.039+0000] {logging_mixin.py:188} INFO - [2025-08-26T12:16:05.038+0000] {dag.py:3823} INFO - Setting next_dagrun for ml_pipeline to None, run_after=None
[2025-08-26T12:16:05.066+0000] {processor.py:183} INFO - Processing /opt/airflow/dags/ml_pipeline.py took 0.118 seconds
[2025-08-26T12:16:35.173+0000] {processor.py:161} INFO - Started process (PID=713) to work on /opt/airflow/dags/ml_pipeline.py
[2025-08-26T12:16:35.175+0000] {processor.py:830} INFO - Processing file /opt/airflow/dags/ml_pipeline.py for tasks to queue
[2025-08-26T12:16:35.176+0000] {logging_mixin.py:188} INFO - [2025-08-26T12:16:35.175+0000] {dagbag.py:538} INFO - Filling up the DagBag from /opt/airflow/dags/ml_pipeline.py
[2025-08-26T12:16:35.205+0000] {processor.py:840} INFO - DAG(s) 'ml_pipeline' retrieved from /opt/airflow/dags/ml_pipeline.py
[2025-08-26T12:16:35.241+0000] {logging_mixin.py:188} INFO - [2025-08-26T12:16:35.241+0000] {dag.py:3036} INFO - Sync 1 DAGs
[2025-08-26T12:16:35.256+0000] {logging_mixin.py:188} INFO - [2025-08-26T12:16:35.256+0000] {dag.py:3823} INFO - Setting next_dagrun for ml_pipeline to None, run_after=None
[2025-08-26T12:16:35.284+0000] {processor.py:183} INFO - Processing /opt/airflow/dags/ml_pipeline.py took 0.116 seconds
[2025-08-26T12:17:05.540+0000] {processor.py:161} INFO - Started process (PID=718) to work on /opt/airflow/dags/ml_pipeline.py
[2025-08-26T12:17:05.541+0000] {processor.py:830} INFO - Processing file /opt/airflow/dags/ml_pipeline.py for tasks to queue
[2025-08-26T12:17:05.543+0000] {logging_mixin.py:188} INFO - [2025-08-26T12:17:05.542+0000] {dagbag.py:538} INFO - Filling up the DagBag from /opt/airflow/dags/ml_pipeline.py
[2025-08-26T12:17:05.572+0000] {processor.py:840} INFO - DAG(s) 'ml_pipeline' retrieved from /opt/airflow/dags/ml_pipeline.py
[2025-08-26T12:17:05.618+0000] {logging_mixin.py:188} INFO - [2025-08-26T12:17:05.617+0000] {dag.py:3036} INFO - Sync 1 DAGs
[2025-08-26T12:17:05.634+0000] {logging_mixin.py:188} INFO - [2025-08-26T12:17:05.634+0000] {dag.py:3823} INFO - Setting next_dagrun for ml_pipeline to None, run_after=None
[2025-08-26T12:17:05.659+0000] {processor.py:183} INFO - Processing /opt/airflow/dags/ml_pipeline.py took 0.123 seconds
[2025-08-26T12:17:35.746+0000] {processor.py:161} INFO - Started process (PID=723) to work on /opt/airflow/dags/ml_pipeline.py
[2025-08-26T12:17:35.748+0000] {processor.py:830} INFO - Processing file /opt/airflow/dags/ml_pipeline.py for tasks to queue
[2025-08-26T12:17:35.749+0000] {logging_mixin.py:188} INFO - [2025-08-26T12:17:35.749+0000] {dagbag.py:538} INFO - Filling up the DagBag from /opt/airflow/dags/ml_pipeline.py
[2025-08-26T12:17:35.779+0000] {processor.py:840} INFO - DAG(s) 'ml_pipeline' retrieved from /opt/airflow/dags/ml_pipeline.py
[2025-08-26T12:17:35.821+0000] {logging_mixin.py:188} INFO - [2025-08-26T12:17:35.820+0000] {dag.py:3036} INFO - Sync 1 DAGs
[2025-08-26T12:17:35.839+0000] {logging_mixin.py:188} INFO - [2025-08-26T12:17:35.839+0000] {dag.py:3823} INFO - Setting next_dagrun for ml_pipeline to None, run_after=None
[2025-08-26T12:17:35.874+0000] {processor.py:183} INFO - Processing /opt/airflow/dags/ml_pipeline.py took 0.133 seconds
[2025-08-26T12:18:06.057+0000] {processor.py:161} INFO - Started process (PID=728) to work on /opt/airflow/dags/ml_pipeline.py
[2025-08-26T12:18:06.058+0000] {processor.py:830} INFO - Processing file /opt/airflow/dags/ml_pipeline.py for tasks to queue
[2025-08-26T12:18:06.060+0000] {logging_mixin.py:188} INFO - [2025-08-26T12:18:06.059+0000] {dagbag.py:538} INFO - Filling up the DagBag from /opt/airflow/dags/ml_pipeline.py
[2025-08-26T12:18:06.131+0000] {processor.py:840} INFO - DAG(s) 'ml_pipeline' retrieved from /opt/airflow/dags/ml_pipeline.py
[2025-08-26T12:18:06.198+0000] {logging_mixin.py:188} INFO - [2025-08-26T12:18:06.198+0000] {dag.py:3036} INFO - Sync 1 DAGs
[2025-08-26T12:18:06.214+0000] {logging_mixin.py:188} INFO - [2025-08-26T12:18:06.213+0000] {dag.py:3823} INFO - Setting next_dagrun for ml_pipeline to None, run_after=None
[2025-08-26T12:18:06.243+0000] {processor.py:183} INFO - Processing /opt/airflow/dags/ml_pipeline.py took 0.190 seconds
[2025-08-26T12:18:36.463+0000] {processor.py:161} INFO - Started process (PID=733) to work on /opt/airflow/dags/ml_pipeline.py
[2025-08-26T12:18:36.464+0000] {processor.py:830} INFO - Processing file /opt/airflow/dags/ml_pipeline.py for tasks to queue
[2025-08-26T12:18:36.466+0000] {logging_mixin.py:188} INFO - [2025-08-26T12:18:36.465+0000] {dagbag.py:538} INFO - Filling up the DagBag from /opt/airflow/dags/ml_pipeline.py
[2025-08-26T12:18:36.497+0000] {processor.py:840} INFO - DAG(s) 'ml_pipeline' retrieved from /opt/airflow/dags/ml_pipeline.py
[2025-08-26T12:18:36.535+0000] {logging_mixin.py:188} INFO - [2025-08-26T12:18:36.535+0000] {dag.py:3036} INFO - Sync 1 DAGs
[2025-08-26T12:18:36.552+0000] {logging_mixin.py:188} INFO - [2025-08-26T12:18:36.552+0000] {dag.py:3823} INFO - Setting next_dagrun for ml_pipeline to None, run_after=None
[2025-08-26T12:18:36.580+0000] {processor.py:183} INFO - Processing /opt/airflow/dags/ml_pipeline.py took 0.123 seconds
[2025-08-26T12:19:06.659+0000] {processor.py:161} INFO - Started process (PID=738) to work on /opt/airflow/dags/ml_pipeline.py
[2025-08-26T12:19:06.661+0000] {processor.py:830} INFO - Processing file /opt/airflow/dags/ml_pipeline.py for tasks to queue
[2025-08-26T12:19:06.662+0000] {logging_mixin.py:188} INFO - [2025-08-26T12:19:06.662+0000] {dagbag.py:538} INFO - Filling up the DagBag from /opt/airflow/dags/ml_pipeline.py
[2025-08-26T12:19:06.690+0000] {processor.py:840} INFO - DAG(s) 'ml_pipeline' retrieved from /opt/airflow/dags/ml_pipeline.py
[2025-08-26T12:19:06.727+0000] {logging_mixin.py:188} INFO - [2025-08-26T12:19:06.726+0000] {dag.py:3036} INFO - Sync 1 DAGs
[2025-08-26T12:19:06.742+0000] {logging_mixin.py:188} INFO - [2025-08-26T12:19:06.742+0000] {dag.py:3823} INFO - Setting next_dagrun for ml_pipeline to None, run_after=None
[2025-08-26T12:19:06.770+0000] {processor.py:183} INFO - Processing /opt/airflow/dags/ml_pipeline.py took 0.116 seconds
[2025-08-26T12:19:37.003+0000] {processor.py:161} INFO - Started process (PID=743) to work on /opt/airflow/dags/ml_pipeline.py
[2025-08-26T12:19:37.004+0000] {processor.py:830} INFO - Processing file /opt/airflow/dags/ml_pipeline.py for tasks to queue
[2025-08-26T12:19:37.005+0000] {logging_mixin.py:188} INFO - [2025-08-26T12:19:37.005+0000] {dagbag.py:538} INFO - Filling up the DagBag from /opt/airflow/dags/ml_pipeline.py
[2025-08-26T12:19:37.036+0000] {processor.py:840} INFO - DAG(s) 'ml_pipeline' retrieved from /opt/airflow/dags/ml_pipeline.py
[2025-08-26T12:19:37.071+0000] {logging_mixin.py:188} INFO - [2025-08-26T12:19:37.071+0000] {dag.py:3036} INFO - Sync 1 DAGs
[2025-08-26T12:19:37.086+0000] {logging_mixin.py:188} INFO - [2025-08-26T12:19:37.086+0000] {dag.py:3823} INFO - Setting next_dagrun for ml_pipeline to None, run_after=None
[2025-08-26T12:19:37.118+0000] {processor.py:183} INFO - Processing /opt/airflow/dags/ml_pipeline.py took 0.119 seconds
[2025-08-26T12:20:07.228+0000] {processor.py:161} INFO - Started process (PID=748) to work on /opt/airflow/dags/ml_pipeline.py
[2025-08-26T12:20:07.229+0000] {processor.py:830} INFO - Processing file /opt/airflow/dags/ml_pipeline.py for tasks to queue
[2025-08-26T12:20:07.231+0000] {logging_mixin.py:188} INFO - [2025-08-26T12:20:07.230+0000] {dagbag.py:538} INFO - Filling up the DagBag from /opt/airflow/dags/ml_pipeline.py
[2025-08-26T12:20:07.259+0000] {processor.py:840} INFO - DAG(s) 'ml_pipeline' retrieved from /opt/airflow/dags/ml_pipeline.py
[2025-08-26T12:20:07.297+0000] {logging_mixin.py:188} INFO - [2025-08-26T12:20:07.296+0000] {dag.py:3036} INFO - Sync 1 DAGs
[2025-08-26T12:20:07.313+0000] {logging_mixin.py:188} INFO - [2025-08-26T12:20:07.312+0000] {dag.py:3823} INFO - Setting next_dagrun for ml_pipeline to None, run_after=None
[2025-08-26T12:20:07.340+0000] {processor.py:183} INFO - Processing /opt/airflow/dags/ml_pipeline.py took 0.117 seconds
[2025-08-26T12:20:37.518+0000] {processor.py:161} INFO - Started process (PID=753) to work on /opt/airflow/dags/ml_pipeline.py
[2025-08-26T12:20:37.519+0000] {processor.py:830} INFO - Processing file /opt/airflow/dags/ml_pipeline.py for tasks to queue
[2025-08-26T12:20:37.521+0000] {logging_mixin.py:188} INFO - [2025-08-26T12:20:37.520+0000] {dagbag.py:538} INFO - Filling up the DagBag from /opt/airflow/dags/ml_pipeline.py
[2025-08-26T12:20:37.550+0000] {processor.py:840} INFO - DAG(s) 'ml_pipeline' retrieved from /opt/airflow/dags/ml_pipeline.py
[2025-08-26T12:20:37.584+0000] {logging_mixin.py:188} INFO - [2025-08-26T12:20:37.584+0000] {dag.py:3036} INFO - Sync 1 DAGs
[2025-08-26T12:20:37.605+0000] {logging_mixin.py:188} INFO - [2025-08-26T12:20:37.605+0000] {dag.py:3823} INFO - Setting next_dagrun for ml_pipeline to None, run_after=None
[2025-08-26T12:20:37.643+0000] {processor.py:183} INFO - Processing /opt/airflow/dags/ml_pipeline.py took 0.129 seconds
[2025-08-26T12:21:07.740+0000] {processor.py:161} INFO - Started process (PID=758) to work on /opt/airflow/dags/ml_pipeline.py
[2025-08-26T12:21:07.741+0000] {processor.py:830} INFO - Processing file /opt/airflow/dags/ml_pipeline.py for tasks to queue
[2025-08-26T12:21:07.742+0000] {logging_mixin.py:188} INFO - [2025-08-26T12:21:07.742+0000] {dagbag.py:538} INFO - Filling up the DagBag from /opt/airflow/dags/ml_pipeline.py
[2025-08-26T12:21:07.778+0000] {processor.py:840} INFO - DAG(s) 'ml_pipeline' retrieved from /opt/airflow/dags/ml_pipeline.py
[2025-08-26T12:21:07.816+0000] {logging_mixin.py:188} INFO - [2025-08-26T12:21:07.815+0000] {dag.py:3036} INFO - Sync 1 DAGs
[2025-08-26T12:21:07.831+0000] {logging_mixin.py:188} INFO - [2025-08-26T12:21:07.830+0000] {dag.py:3823} INFO - Setting next_dagrun for ml_pipeline to None, run_after=None
[2025-08-26T12:21:07.857+0000] {processor.py:183} INFO - Processing /opt/airflow/dags/ml_pipeline.py took 0.122 seconds
[2025-08-26T12:21:38.038+0000] {processor.py:161} INFO - Started process (PID=763) to work on /opt/airflow/dags/ml_pipeline.py
[2025-08-26T12:21:38.039+0000] {processor.py:830} INFO - Processing file /opt/airflow/dags/ml_pipeline.py for tasks to queue
[2025-08-26T12:21:38.041+0000] {logging_mixin.py:188} INFO - [2025-08-26T12:21:38.041+0000] {dagbag.py:538} INFO - Filling up the DagBag from /opt/airflow/dags/ml_pipeline.py
[2025-08-26T12:21:38.069+0000] {processor.py:840} INFO - DAG(s) 'ml_pipeline' retrieved from /opt/airflow/dags/ml_pipeline.py
[2025-08-26T12:21:38.104+0000] {logging_mixin.py:188} INFO - [2025-08-26T12:21:38.103+0000] {dag.py:3036} INFO - Sync 1 DAGs
[2025-08-26T12:21:38.121+0000] {logging_mixin.py:188} INFO - [2025-08-26T12:21:38.120+0000] {dag.py:3823} INFO - Setting next_dagrun for ml_pipeline to None, run_after=None
[2025-08-26T12:21:38.148+0000] {processor.py:183} INFO - Processing /opt/airflow/dags/ml_pipeline.py took 0.115 seconds
[2025-08-26T12:22:08.308+0000] {processor.py:161} INFO - Started process (PID=768) to work on /opt/airflow/dags/ml_pipeline.py
[2025-08-26T12:22:08.310+0000] {processor.py:830} INFO - Processing file /opt/airflow/dags/ml_pipeline.py for tasks to queue
[2025-08-26T12:22:08.311+0000] {logging_mixin.py:188} INFO - [2025-08-26T12:22:08.310+0000] {dagbag.py:538} INFO - Filling up the DagBag from /opt/airflow/dags/ml_pipeline.py
[2025-08-26T12:22:08.338+0000] {processor.py:840} INFO - DAG(s) 'ml_pipeline' retrieved from /opt/airflow/dags/ml_pipeline.py
[2025-08-26T12:22:08.375+0000] {logging_mixin.py:188} INFO - [2025-08-26T12:22:08.375+0000] {dag.py:3036} INFO - Sync 1 DAGs
[2025-08-26T12:22:08.391+0000] {logging_mixin.py:188} INFO - [2025-08-26T12:22:08.391+0000] {dag.py:3823} INFO - Setting next_dagrun for ml_pipeline to None, run_after=None
[2025-08-26T12:22:08.418+0000] {processor.py:183} INFO - Processing /opt/airflow/dags/ml_pipeline.py took 0.114 seconds
[2025-08-26T12:22:38.529+0000] {processor.py:161} INFO - Started process (PID=773) to work on /opt/airflow/dags/ml_pipeline.py
[2025-08-26T12:22:38.531+0000] {processor.py:830} INFO - Processing file /opt/airflow/dags/ml_pipeline.py for tasks to queue
[2025-08-26T12:22:38.532+0000] {logging_mixin.py:188} INFO - [2025-08-26T12:22:38.532+0000] {dagbag.py:538} INFO - Filling up the DagBag from /opt/airflow/dags/ml_pipeline.py
[2025-08-26T12:22:38.560+0000] {processor.py:840} INFO - DAG(s) 'ml_pipeline' retrieved from /opt/airflow/dags/ml_pipeline.py
[2025-08-26T12:22:38.599+0000] {logging_mixin.py:188} INFO - [2025-08-26T12:22:38.599+0000] {dag.py:3036} INFO - Sync 1 DAGs
[2025-08-26T12:22:38.619+0000] {logging_mixin.py:188} INFO - [2025-08-26T12:22:38.618+0000] {dag.py:3823} INFO - Setting next_dagrun for ml_pipeline to None, run_after=None
[2025-08-26T12:22:38.644+0000] {processor.py:183} INFO - Processing /opt/airflow/dags/ml_pipeline.py took 0.119 seconds
[2025-08-26T12:23:08.810+0000] {processor.py:161} INFO - Started process (PID=778) to work on /opt/airflow/dags/ml_pipeline.py
[2025-08-26T12:23:08.811+0000] {processor.py:830} INFO - Processing file /opt/airflow/dags/ml_pipeline.py for tasks to queue
[2025-08-26T12:23:08.813+0000] {logging_mixin.py:188} INFO - [2025-08-26T12:23:08.812+0000] {dagbag.py:538} INFO - Filling up the DagBag from /opt/airflow/dags/ml_pipeline.py
[2025-08-26T12:23:08.841+0000] {processor.py:840} INFO - DAG(s) 'ml_pipeline' retrieved from /opt/airflow/dags/ml_pipeline.py
[2025-08-26T12:23:08.885+0000] {logging_mixin.py:188} INFO - [2025-08-26T12:23:08.884+0000] {dag.py:3036} INFO - Sync 1 DAGs
[2025-08-26T12:23:08.901+0000] {logging_mixin.py:188} INFO - [2025-08-26T12:23:08.901+0000] {dag.py:3823} INFO - Setting next_dagrun for ml_pipeline to None, run_after=None
[2025-08-26T12:23:08.926+0000] {processor.py:183} INFO - Processing /opt/airflow/dags/ml_pipeline.py took 0.121 seconds
[2025-08-26T12:23:39.068+0000] {processor.py:161} INFO - Started process (PID=783) to work on /opt/airflow/dags/ml_pipeline.py
[2025-08-26T12:23:39.069+0000] {processor.py:830} INFO - Processing file /opt/airflow/dags/ml_pipeline.py for tasks to queue
[2025-08-26T12:23:39.070+0000] {logging_mixin.py:188} INFO - [2025-08-26T12:23:39.070+0000] {dagbag.py:538} INFO - Filling up the DagBag from /opt/airflow/dags/ml_pipeline.py
[2025-08-26T12:23:39.100+0000] {processor.py:840} INFO - DAG(s) 'ml_pipeline' retrieved from /opt/airflow/dags/ml_pipeline.py
[2025-08-26T12:23:39.134+0000] {logging_mixin.py:188} INFO - [2025-08-26T12:23:39.133+0000] {dag.py:3036} INFO - Sync 1 DAGs
[2025-08-26T12:23:39.150+0000] {logging_mixin.py:188} INFO - [2025-08-26T12:23:39.149+0000] {dag.py:3823} INFO - Setting next_dagrun for ml_pipeline to None, run_after=None
[2025-08-26T12:23:39.176+0000] {processor.py:183} INFO - Processing /opt/airflow/dags/ml_pipeline.py took 0.113 seconds
[2025-08-26T12:24:09.323+0000] {processor.py:161} INFO - Started process (PID=788) to work on /opt/airflow/dags/ml_pipeline.py
[2025-08-26T12:24:09.324+0000] {processor.py:830} INFO - Processing file /opt/airflow/dags/ml_pipeline.py for tasks to queue
[2025-08-26T12:24:09.325+0000] {logging_mixin.py:188} INFO - [2025-08-26T12:24:09.325+0000] {dagbag.py:538} INFO - Filling up the DagBag from /opt/airflow/dags/ml_pipeline.py
[2025-08-26T12:24:09.357+0000] {processor.py:840} INFO - DAG(s) 'ml_pipeline' retrieved from /opt/airflow/dags/ml_pipeline.py
[2025-08-26T12:24:09.392+0000] {logging_mixin.py:188} INFO - [2025-08-26T12:24:09.392+0000] {dag.py:3036} INFO - Sync 1 DAGs
[2025-08-26T12:24:09.407+0000] {logging_mixin.py:188} INFO - [2025-08-26T12:24:09.407+0000] {dag.py:3823} INFO - Setting next_dagrun for ml_pipeline to None, run_after=None
[2025-08-26T12:24:09.435+0000] {processor.py:183} INFO - Processing /opt/airflow/dags/ml_pipeline.py took 0.117 seconds
[2025-08-26T12:24:39.578+0000] {processor.py:161} INFO - Started process (PID=793) to work on /opt/airflow/dags/ml_pipeline.py
[2025-08-26T12:24:39.579+0000] {processor.py:830} INFO - Processing file /opt/airflow/dags/ml_pipeline.py for tasks to queue
[2025-08-26T12:24:39.580+0000] {logging_mixin.py:188} INFO - [2025-08-26T12:24:39.580+0000] {dagbag.py:538} INFO - Filling up the DagBag from /opt/airflow/dags/ml_pipeline.py
[2025-08-26T12:24:39.609+0000] {processor.py:840} INFO - DAG(s) 'ml_pipeline' retrieved from /opt/airflow/dags/ml_pipeline.py
[2025-08-26T12:24:39.647+0000] {logging_mixin.py:188} INFO - [2025-08-26T12:24:39.646+0000] {dag.py:3036} INFO - Sync 1 DAGs
[2025-08-26T12:24:39.663+0000] {logging_mixin.py:188} INFO - [2025-08-26T12:24:39.663+0000] {dag.py:3823} INFO - Setting next_dagrun for ml_pipeline to None, run_after=None
[2025-08-26T12:24:39.691+0000] {processor.py:183} INFO - Processing /opt/airflow/dags/ml_pipeline.py took 0.118 seconds
[2025-08-26T12:25:09.825+0000] {processor.py:161} INFO - Started process (PID=798) to work on /opt/airflow/dags/ml_pipeline.py
[2025-08-26T12:25:09.826+0000] {processor.py:830} INFO - Processing file /opt/airflow/dags/ml_pipeline.py for tasks to queue
[2025-08-26T12:25:09.828+0000] {logging_mixin.py:188} INFO - [2025-08-26T12:25:09.827+0000] {dagbag.py:538} INFO - Filling up the DagBag from /opt/airflow/dags/ml_pipeline.py
[2025-08-26T12:25:09.855+0000] {processor.py:840} INFO - DAG(s) 'ml_pipeline' retrieved from /opt/airflow/dags/ml_pipeline.py
[2025-08-26T12:25:09.891+0000] {logging_mixin.py:188} INFO - [2025-08-26T12:25:09.890+0000] {dag.py:3036} INFO - Sync 1 DAGs
[2025-08-26T12:25:09.906+0000] {logging_mixin.py:188} INFO - [2025-08-26T12:25:09.905+0000] {dag.py:3823} INFO - Setting next_dagrun for ml_pipeline to None, run_after=None
[2025-08-26T12:25:09.931+0000] {processor.py:183} INFO - Processing /opt/airflow/dags/ml_pipeline.py took 0.110 seconds
[2025-08-26T12:25:40.087+0000] {processor.py:161} INFO - Started process (PID=803) to work on /opt/airflow/dags/ml_pipeline.py
[2025-08-26T12:25:40.088+0000] {processor.py:830} INFO - Processing file /opt/airflow/dags/ml_pipeline.py for tasks to queue
[2025-08-26T12:25:40.089+0000] {logging_mixin.py:188} INFO - [2025-08-26T12:25:40.089+0000] {dagbag.py:538} INFO - Filling up the DagBag from /opt/airflow/dags/ml_pipeline.py
[2025-08-26T12:25:40.117+0000] {processor.py:840} INFO - DAG(s) 'ml_pipeline' retrieved from /opt/airflow/dags/ml_pipeline.py
[2025-08-26T12:25:40.151+0000] {logging_mixin.py:188} INFO - [2025-08-26T12:25:40.150+0000] {dag.py:3036} INFO - Sync 1 DAGs
[2025-08-26T12:25:40.166+0000] {logging_mixin.py:188} INFO - [2025-08-26T12:25:40.166+0000] {dag.py:3823} INFO - Setting next_dagrun for ml_pipeline to None, run_after=None
[2025-08-26T12:25:40.192+0000] {processor.py:183} INFO - Processing /opt/airflow/dags/ml_pipeline.py took 0.111 seconds
[2025-08-26T12:26:10.320+0000] {processor.py:161} INFO - Started process (PID=808) to work on /opt/airflow/dags/ml_pipeline.py
[2025-08-26T12:26:10.321+0000] {processor.py:830} INFO - Processing file /opt/airflow/dags/ml_pipeline.py for tasks to queue
[2025-08-26T12:26:10.322+0000] {logging_mixin.py:188} INFO - [2025-08-26T12:26:10.322+0000] {dagbag.py:538} INFO - Filling up the DagBag from /opt/airflow/dags/ml_pipeline.py
[2025-08-26T12:26:10.350+0000] {processor.py:840} INFO - DAG(s) 'ml_pipeline' retrieved from /opt/airflow/dags/ml_pipeline.py
[2025-08-26T12:26:10.386+0000] {logging_mixin.py:188} INFO - [2025-08-26T12:26:10.385+0000] {dag.py:3036} INFO - Sync 1 DAGs
[2025-08-26T12:26:10.402+0000] {logging_mixin.py:188} INFO - [2025-08-26T12:26:10.402+0000] {dag.py:3823} INFO - Setting next_dagrun for ml_pipeline to None, run_after=None
[2025-08-26T12:26:10.434+0000] {processor.py:183} INFO - Processing /opt/airflow/dags/ml_pipeline.py took 0.118 seconds
[2025-08-26T12:26:40.586+0000] {processor.py:161} INFO - Started process (PID=813) to work on /opt/airflow/dags/ml_pipeline.py
[2025-08-26T12:26:40.588+0000] {processor.py:830} INFO - Processing file /opt/airflow/dags/ml_pipeline.py for tasks to queue
[2025-08-26T12:26:40.590+0000] {logging_mixin.py:188} INFO - [2025-08-26T12:26:40.589+0000] {dagbag.py:538} INFO - Filling up the DagBag from /opt/airflow/dags/ml_pipeline.py
[2025-08-26T12:26:40.623+0000] {processor.py:840} INFO - DAG(s) 'ml_pipeline' retrieved from /opt/airflow/dags/ml_pipeline.py
[2025-08-26T12:26:40.666+0000] {logging_mixin.py:188} INFO - [2025-08-26T12:26:40.665+0000] {dag.py:3036} INFO - Sync 1 DAGs
[2025-08-26T12:26:40.682+0000] {logging_mixin.py:188} INFO - [2025-08-26T12:26:40.682+0000] {dag.py:3823} INFO - Setting next_dagrun for ml_pipeline to None, run_after=None
[2025-08-26T12:26:40.715+0000] {processor.py:183} INFO - Processing /opt/airflow/dags/ml_pipeline.py took 0.133 seconds
[2025-08-26T12:27:10.892+0000] {processor.py:161} INFO - Started process (PID=818) to work on /opt/airflow/dags/ml_pipeline.py
[2025-08-26T12:27:10.894+0000] {processor.py:830} INFO - Processing file /opt/airflow/dags/ml_pipeline.py for tasks to queue
[2025-08-26T12:27:10.895+0000] {logging_mixin.py:188} INFO - [2025-08-26T12:27:10.895+0000] {dagbag.py:538} INFO - Filling up the DagBag from /opt/airflow/dags/ml_pipeline.py
[2025-08-26T12:27:10.927+0000] {processor.py:840} INFO - DAG(s) 'ml_pipeline' retrieved from /opt/airflow/dags/ml_pipeline.py
[2025-08-26T12:27:10.970+0000] {logging_mixin.py:188} INFO - [2025-08-26T12:27:10.970+0000] {dag.py:3036} INFO - Sync 1 DAGs
[2025-08-26T12:27:11.013+0000] {logging_mixin.py:188} INFO - [2025-08-26T12:27:11.013+0000] {dag.py:3823} INFO - Setting next_dagrun for ml_pipeline to None, run_after=None
[2025-08-26T12:27:11.058+0000] {processor.py:183} INFO - Processing /opt/airflow/dags/ml_pipeline.py took 0.169 seconds
[2025-08-26T12:27:41.285+0000] {processor.py:161} INFO - Started process (PID=823) to work on /opt/airflow/dags/ml_pipeline.py
[2025-08-26T12:27:41.288+0000] {processor.py:830} INFO - Processing file /opt/airflow/dags/ml_pipeline.py for tasks to queue
[2025-08-26T12:27:41.290+0000] {logging_mixin.py:188} INFO - [2025-08-26T12:27:41.290+0000] {dagbag.py:538} INFO - Filling up the DagBag from /opt/airflow/dags/ml_pipeline.py
[2025-08-26T12:27:41.322+0000] {processor.py:840} INFO - DAG(s) 'ml_pipeline' retrieved from /opt/airflow/dags/ml_pipeline.py
[2025-08-26T12:27:41.354+0000] {logging_mixin.py:188} INFO - [2025-08-26T12:27:41.354+0000] {dag.py:3036} INFO - Sync 1 DAGs
[2025-08-26T12:27:41.369+0000] {logging_mixin.py:188} INFO - [2025-08-26T12:27:41.368+0000] {dag.py:3823} INFO - Setting next_dagrun for ml_pipeline to None, run_after=None
[2025-08-26T12:27:41.395+0000] {processor.py:183} INFO - Processing /opt/airflow/dags/ml_pipeline.py took 0.118 seconds
[2025-08-26T12:28:11.481+0000] {processor.py:161} INFO - Started process (PID=828) to work on /opt/airflow/dags/ml_pipeline.py
[2025-08-26T12:28:11.483+0000] {processor.py:830} INFO - Processing file /opt/airflow/dags/ml_pipeline.py for tasks to queue
[2025-08-26T12:28:11.485+0000] {logging_mixin.py:188} INFO - [2025-08-26T12:28:11.484+0000] {dagbag.py:538} INFO - Filling up the DagBag from /opt/airflow/dags/ml_pipeline.py
[2025-08-26T12:28:11.515+0000] {processor.py:840} INFO - DAG(s) 'ml_pipeline' retrieved from /opt/airflow/dags/ml_pipeline.py
[2025-08-26T12:28:11.556+0000] {logging_mixin.py:188} INFO - [2025-08-26T12:28:11.556+0000] {dag.py:3036} INFO - Sync 1 DAGs
[2025-08-26T12:28:11.576+0000] {logging_mixin.py:188} INFO - [2025-08-26T12:28:11.576+0000] {dag.py:3823} INFO - Setting next_dagrun for ml_pipeline to None, run_after=None
[2025-08-26T12:28:11.611+0000] {processor.py:183} INFO - Processing /opt/airflow/dags/ml_pipeline.py took 0.134 seconds
[2025-08-26T12:28:41.802+0000] {processor.py:161} INFO - Started process (PID=833) to work on /opt/airflow/dags/ml_pipeline.py
[2025-08-26T12:28:41.803+0000] {processor.py:830} INFO - Processing file /opt/airflow/dags/ml_pipeline.py for tasks to queue
[2025-08-26T12:28:41.804+0000] {logging_mixin.py:188} INFO - [2025-08-26T12:28:41.804+0000] {dagbag.py:538} INFO - Filling up the DagBag from /opt/airflow/dags/ml_pipeline.py
[2025-08-26T12:28:41.837+0000] {processor.py:840} INFO - DAG(s) 'ml_pipeline' retrieved from /opt/airflow/dags/ml_pipeline.py
[2025-08-26T12:28:41.871+0000] {logging_mixin.py:188} INFO - [2025-08-26T12:28:41.871+0000] {dag.py:3036} INFO - Sync 1 DAGs
[2025-08-26T12:28:41.892+0000] {logging_mixin.py:188} INFO - [2025-08-26T12:28:41.892+0000] {dag.py:3823} INFO - Setting next_dagrun for ml_pipeline to None, run_after=None
[2025-08-26T12:28:41.921+0000] {processor.py:183} INFO - Processing /opt/airflow/dags/ml_pipeline.py took 0.124 seconds
[2025-08-26T12:29:12.021+0000] {processor.py:161} INFO - Started process (PID=838) to work on /opt/airflow/dags/ml_pipeline.py
[2025-08-26T12:29:12.022+0000] {processor.py:830} INFO - Processing file /opt/airflow/dags/ml_pipeline.py for tasks to queue
[2025-08-26T12:29:12.024+0000] {logging_mixin.py:188} INFO - [2025-08-26T12:29:12.023+0000] {dagbag.py:538} INFO - Filling up the DagBag from /opt/airflow/dags/ml_pipeline.py
[2025-08-26T12:29:12.055+0000] {processor.py:840} INFO - DAG(s) 'ml_pipeline' retrieved from /opt/airflow/dags/ml_pipeline.py
[2025-08-26T12:29:12.091+0000] {logging_mixin.py:188} INFO - [2025-08-26T12:29:12.091+0000] {dag.py:3036} INFO - Sync 1 DAGs
[2025-08-26T12:29:12.107+0000] {logging_mixin.py:188} INFO - [2025-08-26T12:29:12.107+0000] {dag.py:3823} INFO - Setting next_dagrun for ml_pipeline to None, run_after=None
[2025-08-26T12:29:12.133+0000] {processor.py:183} INFO - Processing /opt/airflow/dags/ml_pipeline.py took 0.117 seconds
[2025-08-26T12:29:42.331+0000] {processor.py:161} INFO - Started process (PID=843) to work on /opt/airflow/dags/ml_pipeline.py
[2025-08-26T12:29:42.332+0000] {processor.py:830} INFO - Processing file /opt/airflow/dags/ml_pipeline.py for tasks to queue
[2025-08-26T12:29:42.334+0000] {logging_mixin.py:188} INFO - [2025-08-26T12:29:42.333+0000] {dagbag.py:538} INFO - Filling up the DagBag from /opt/airflow/dags/ml_pipeline.py
[2025-08-26T12:29:42.360+0000] {processor.py:840} INFO - DAG(s) 'ml_pipeline' retrieved from /opt/airflow/dags/ml_pipeline.py
[2025-08-26T12:29:42.394+0000] {logging_mixin.py:188} INFO - [2025-08-26T12:29:42.393+0000] {dag.py:3036} INFO - Sync 1 DAGs
[2025-08-26T12:29:42.410+0000] {logging_mixin.py:188} INFO - [2025-08-26T12:29:42.409+0000] {dag.py:3823} INFO - Setting next_dagrun for ml_pipeline to None, run_after=None
[2025-08-26T12:29:42.441+0000] {processor.py:183} INFO - Processing /opt/airflow/dags/ml_pipeline.py took 0.115 seconds
[2025-08-26T12:30:12.545+0000] {processor.py:161} INFO - Started process (PID=848) to work on /opt/airflow/dags/ml_pipeline.py
[2025-08-26T12:30:12.546+0000] {processor.py:830} INFO - Processing file /opt/airflow/dags/ml_pipeline.py for tasks to queue
[2025-08-26T12:30:12.548+0000] {logging_mixin.py:188} INFO - [2025-08-26T12:30:12.547+0000] {dagbag.py:538} INFO - Filling up the DagBag from /opt/airflow/dags/ml_pipeline.py
[2025-08-26T12:30:12.578+0000] {processor.py:840} INFO - DAG(s) 'ml_pipeline' retrieved from /opt/airflow/dags/ml_pipeline.py
[2025-08-26T12:30:12.614+0000] {logging_mixin.py:188} INFO - [2025-08-26T12:30:12.614+0000] {dag.py:3036} INFO - Sync 1 DAGs
[2025-08-26T12:30:12.629+0000] {logging_mixin.py:188} INFO - [2025-08-26T12:30:12.628+0000] {dag.py:3823} INFO - Setting next_dagrun for ml_pipeline to None, run_after=None
[2025-08-26T12:30:12.657+0000] {processor.py:183} INFO - Processing /opt/airflow/dags/ml_pipeline.py took 0.116 seconds
[2025-08-26T12:30:42.942+0000] {processor.py:161} INFO - Started process (PID=853) to work on /opt/airflow/dags/ml_pipeline.py
[2025-08-26T12:30:42.944+0000] {processor.py:830} INFO - Processing file /opt/airflow/dags/ml_pipeline.py for tasks to queue
[2025-08-26T12:30:42.945+0000] {logging_mixin.py:188} INFO - [2025-08-26T12:30:42.945+0000] {dagbag.py:538} INFO - Filling up the DagBag from /opt/airflow/dags/ml_pipeline.py
[2025-08-26T12:30:42.974+0000] {processor.py:840} INFO - DAG(s) 'ml_pipeline' retrieved from /opt/airflow/dags/ml_pipeline.py
[2025-08-26T12:30:43.015+0000] {logging_mixin.py:188} INFO - [2025-08-26T12:30:43.014+0000] {dag.py:3036} INFO - Sync 1 DAGs
[2025-08-26T12:30:43.035+0000] {logging_mixin.py:188} INFO - [2025-08-26T12:30:43.034+0000] {dag.py:3823} INFO - Setting next_dagrun for ml_pipeline to None, run_after=None
[2025-08-26T12:30:43.066+0000] {processor.py:183} INFO - Processing /opt/airflow/dags/ml_pipeline.py took 0.129 seconds
[2025-08-26T12:31:13.198+0000] {processor.py:161} INFO - Started process (PID=858) to work on /opt/airflow/dags/ml_pipeline.py
[2025-08-26T12:31:13.199+0000] {processor.py:830} INFO - Processing file /opt/airflow/dags/ml_pipeline.py for tasks to queue
[2025-08-26T12:31:13.201+0000] {logging_mixin.py:188} INFO - [2025-08-26T12:31:13.200+0000] {dagbag.py:538} INFO - Filling up the DagBag from /opt/airflow/dags/ml_pipeline.py
[2025-08-26T12:31:13.230+0000] {processor.py:840} INFO - DAG(s) 'ml_pipeline' retrieved from /opt/airflow/dags/ml_pipeline.py
[2025-08-26T12:31:13.269+0000] {logging_mixin.py:188} INFO - [2025-08-26T12:31:13.269+0000] {dag.py:3036} INFO - Sync 1 DAGs
[2025-08-26T12:31:13.287+0000] {logging_mixin.py:188} INFO - [2025-08-26T12:31:13.286+0000] {dag.py:3823} INFO - Setting next_dagrun for ml_pipeline to None, run_after=None
[2025-08-26T12:31:13.326+0000] {processor.py:183} INFO - Processing /opt/airflow/dags/ml_pipeline.py took 0.133 seconds
[2025-08-26T12:31:43.493+0000] {processor.py:161} INFO - Started process (PID=863) to work on /opt/airflow/dags/ml_pipeline.py
[2025-08-26T12:31:43.495+0000] {processor.py:830} INFO - Processing file /opt/airflow/dags/ml_pipeline.py for tasks to queue
[2025-08-26T12:31:43.496+0000] {logging_mixin.py:188} INFO - [2025-08-26T12:31:43.496+0000] {dagbag.py:538} INFO - Filling up the DagBag from /opt/airflow/dags/ml_pipeline.py
[2025-08-26T12:31:43.525+0000] {processor.py:840} INFO - DAG(s) 'ml_pipeline' retrieved from /opt/airflow/dags/ml_pipeline.py
[2025-08-26T12:31:43.559+0000] {logging_mixin.py:188} INFO - [2025-08-26T12:31:43.558+0000] {dag.py:3036} INFO - Sync 1 DAGs
[2025-08-26T12:31:43.574+0000] {logging_mixin.py:188} INFO - [2025-08-26T12:31:43.574+0000] {dag.py:3823} INFO - Setting next_dagrun for ml_pipeline to None, run_after=None
[2025-08-26T12:31:43.602+0000] {processor.py:183} INFO - Processing /opt/airflow/dags/ml_pipeline.py took 0.113 seconds
[2025-08-26T12:32:13.803+0000] {processor.py:161} INFO - Started process (PID=868) to work on /opt/airflow/dags/ml_pipeline.py
[2025-08-26T12:32:13.804+0000] {processor.py:830} INFO - Processing file /opt/airflow/dags/ml_pipeline.py for tasks to queue
[2025-08-26T12:32:13.805+0000] {logging_mixin.py:188} INFO - [2025-08-26T12:32:13.805+0000] {dagbag.py:538} INFO - Filling up the DagBag from /opt/airflow/dags/ml_pipeline.py
[2025-08-26T12:32:13.834+0000] {processor.py:840} INFO - DAG(s) 'ml_pipeline' retrieved from /opt/airflow/dags/ml_pipeline.py
[2025-08-26T12:32:13.868+0000] {logging_mixin.py:188} INFO - [2025-08-26T12:32:13.867+0000] {dag.py:3036} INFO - Sync 1 DAGs
[2025-08-26T12:32:13.883+0000] {logging_mixin.py:188} INFO - [2025-08-26T12:32:13.882+0000] {dag.py:3823} INFO - Setting next_dagrun for ml_pipeline to None, run_after=None
[2025-08-26T12:32:13.912+0000] {processor.py:183} INFO - Processing /opt/airflow/dags/ml_pipeline.py took 0.113 seconds
[2025-08-26T12:32:44.183+0000] {processor.py:161} INFO - Started process (PID=873) to work on /opt/airflow/dags/ml_pipeline.py
[2025-08-26T12:32:44.184+0000] {processor.py:830} INFO - Processing file /opt/airflow/dags/ml_pipeline.py for tasks to queue
[2025-08-26T12:32:44.186+0000] {logging_mixin.py:188} INFO - [2025-08-26T12:32:44.186+0000] {dagbag.py:538} INFO - Filling up the DagBag from /opt/airflow/dags/ml_pipeline.py
[2025-08-26T12:32:44.218+0000] {processor.py:840} INFO - DAG(s) 'ml_pipeline' retrieved from /opt/airflow/dags/ml_pipeline.py
[2025-08-26T12:32:44.264+0000] {logging_mixin.py:188} INFO - [2025-08-26T12:32:44.264+0000] {dag.py:3036} INFO - Sync 1 DAGs
[2025-08-26T12:32:44.280+0000] {logging_mixin.py:188} INFO - [2025-08-26T12:32:44.280+0000] {dag.py:3823} INFO - Setting next_dagrun for ml_pipeline to None, run_after=None
[2025-08-26T12:32:44.311+0000] {processor.py:183} INFO - Processing /opt/airflow/dags/ml_pipeline.py took 0.132 seconds
[2025-08-26T12:33:14.498+0000] {processor.py:161} INFO - Started process (PID=878) to work on /opt/airflow/dags/ml_pipeline.py
[2025-08-26T12:33:14.500+0000] {processor.py:830} INFO - Processing file /opt/airflow/dags/ml_pipeline.py for tasks to queue
[2025-08-26T12:33:14.502+0000] {logging_mixin.py:188} INFO - [2025-08-26T12:33:14.501+0000] {dagbag.py:538} INFO - Filling up the DagBag from /opt/airflow/dags/ml_pipeline.py
[2025-08-26T12:33:14.540+0000] {processor.py:840} INFO - DAG(s) 'ml_pipeline' retrieved from /opt/airflow/dags/ml_pipeline.py
[2025-08-26T12:33:14.600+0000] {logging_mixin.py:188} INFO - [2025-08-26T12:33:14.599+0000] {dag.py:3036} INFO - Sync 1 DAGs
[2025-08-26T12:33:14.627+0000] {logging_mixin.py:188} INFO - [2025-08-26T12:33:14.626+0000] {dag.py:3823} INFO - Setting next_dagrun for ml_pipeline to None, run_after=None
[2025-08-26T12:33:14.673+0000] {processor.py:183} INFO - Processing /opt/airflow/dags/ml_pipeline.py took 0.182 seconds
[2025-08-26T12:33:44.757+0000] {processor.py:161} INFO - Started process (PID=883) to work on /opt/airflow/dags/ml_pipeline.py
[2025-08-26T12:33:44.759+0000] {processor.py:830} INFO - Processing file /opt/airflow/dags/ml_pipeline.py for tasks to queue
[2025-08-26T12:33:44.761+0000] {logging_mixin.py:188} INFO - [2025-08-26T12:33:44.760+0000] {dagbag.py:538} INFO - Filling up the DagBag from /opt/airflow/dags/ml_pipeline.py
[2025-08-26T12:33:44.795+0000] {processor.py:840} INFO - DAG(s) 'ml_pipeline' retrieved from /opt/airflow/dags/ml_pipeline.py
[2025-08-26T12:33:44.847+0000] {logging_mixin.py:188} INFO - [2025-08-26T12:33:44.846+0000] {dag.py:3036} INFO - Sync 1 DAGs
[2025-08-26T12:33:44.871+0000] {logging_mixin.py:188} INFO - [2025-08-26T12:33:44.871+0000] {dag.py:3823} INFO - Setting next_dagrun for ml_pipeline to None, run_after=None
[2025-08-26T12:33:44.912+0000] {processor.py:183} INFO - Processing /opt/airflow/dags/ml_pipeline.py took 0.161 seconds
[2025-08-26T12:34:15.018+0000] {processor.py:161} INFO - Started process (PID=888) to work on /opt/airflow/dags/ml_pipeline.py
[2025-08-26T12:34:15.020+0000] {processor.py:830} INFO - Processing file /opt/airflow/dags/ml_pipeline.py for tasks to queue
[2025-08-26T12:34:15.021+0000] {logging_mixin.py:188} INFO - [2025-08-26T12:34:15.021+0000] {dagbag.py:538} INFO - Filling up the DagBag from /opt/airflow/dags/ml_pipeline.py
[2025-08-26T12:34:15.053+0000] {processor.py:840} INFO - DAG(s) 'ml_pipeline' retrieved from /opt/airflow/dags/ml_pipeline.py
[2025-08-26T12:34:15.091+0000] {logging_mixin.py:188} INFO - [2025-08-26T12:34:15.090+0000] {dag.py:3036} INFO - Sync 1 DAGs
[2025-08-26T12:34:15.106+0000] {logging_mixin.py:188} INFO - [2025-08-26T12:34:15.105+0000] {dag.py:3823} INFO - Setting next_dagrun for ml_pipeline to None, run_after=None
[2025-08-26T12:34:15.133+0000] {processor.py:183} INFO - Processing /opt/airflow/dags/ml_pipeline.py took 0.120 seconds
[2025-08-26T12:34:45.222+0000] {processor.py:161} INFO - Started process (PID=893) to work on /opt/airflow/dags/ml_pipeline.py
[2025-08-26T12:34:45.224+0000] {processor.py:830} INFO - Processing file /opt/airflow/dags/ml_pipeline.py for tasks to queue
[2025-08-26T12:34:45.225+0000] {logging_mixin.py:188} INFO - [2025-08-26T12:34:45.225+0000] {dagbag.py:538} INFO - Filling up the DagBag from /opt/airflow/dags/ml_pipeline.py
[2025-08-26T12:34:45.257+0000] {processor.py:840} INFO - DAG(s) 'ml_pipeline' retrieved from /opt/airflow/dags/ml_pipeline.py
[2025-08-26T12:34:45.294+0000] {logging_mixin.py:188} INFO - [2025-08-26T12:34:45.294+0000] {dag.py:3036} INFO - Sync 1 DAGs
[2025-08-26T12:34:45.310+0000] {logging_mixin.py:188} INFO - [2025-08-26T12:34:45.309+0000] {dag.py:3823} INFO - Setting next_dagrun for ml_pipeline to None, run_after=None
[2025-08-26T12:34:45.337+0000] {processor.py:183} INFO - Processing /opt/airflow/dags/ml_pipeline.py took 0.120 seconds
[2025-08-26T12:35:15.543+0000] {processor.py:161} INFO - Started process (PID=898) to work on /opt/airflow/dags/ml_pipeline.py
[2025-08-26T12:35:15.545+0000] {processor.py:830} INFO - Processing file /opt/airflow/dags/ml_pipeline.py for tasks to queue
[2025-08-26T12:35:15.546+0000] {logging_mixin.py:188} INFO - [2025-08-26T12:35:15.546+0000] {dagbag.py:538} INFO - Filling up the DagBag from /opt/airflow/dags/ml_pipeline.py
[2025-08-26T12:35:15.575+0000] {processor.py:840} INFO - DAG(s) 'ml_pipeline' retrieved from /opt/airflow/dags/ml_pipeline.py
[2025-08-26T12:35:15.609+0000] {logging_mixin.py:188} INFO - [2025-08-26T12:35:15.609+0000] {dag.py:3036} INFO - Sync 1 DAGs
[2025-08-26T12:35:15.625+0000] {logging_mixin.py:188} INFO - [2025-08-26T12:35:15.624+0000] {dag.py:3823} INFO - Setting next_dagrun for ml_pipeline to None, run_after=None
[2025-08-26T12:35:15.651+0000] {processor.py:183} INFO - Processing /opt/airflow/dags/ml_pipeline.py took 0.111 seconds
[2025-08-26T12:35:45.761+0000] {processor.py:161} INFO - Started process (PID=903) to work on /opt/airflow/dags/ml_pipeline.py
[2025-08-26T12:35:45.762+0000] {processor.py:830} INFO - Processing file /opt/airflow/dags/ml_pipeline.py for tasks to queue
[2025-08-26T12:35:45.764+0000] {logging_mixin.py:188} INFO - [2025-08-26T12:35:45.763+0000] {dagbag.py:538} INFO - Filling up the DagBag from /opt/airflow/dags/ml_pipeline.py
[2025-08-26T12:35:45.791+0000] {processor.py:840} INFO - DAG(s) 'ml_pipeline' retrieved from /opt/airflow/dags/ml_pipeline.py
[2025-08-26T12:35:45.826+0000] {logging_mixin.py:188} INFO - [2025-08-26T12:35:45.826+0000] {dag.py:3036} INFO - Sync 1 DAGs
[2025-08-26T12:35:45.841+0000] {logging_mixin.py:188} INFO - [2025-08-26T12:35:45.840+0000] {dag.py:3823} INFO - Setting next_dagrun for ml_pipeline to None, run_after=None
[2025-08-26T12:35:45.871+0000] {processor.py:183} INFO - Processing /opt/airflow/dags/ml_pipeline.py took 0.117 seconds
[2025-08-26T12:36:16.049+0000] {processor.py:161} INFO - Started process (PID=908) to work on /opt/airflow/dags/ml_pipeline.py
[2025-08-26T12:36:16.051+0000] {processor.py:830} INFO - Processing file /opt/airflow/dags/ml_pipeline.py for tasks to queue
[2025-08-26T12:36:16.052+0000] {logging_mixin.py:188} INFO - [2025-08-26T12:36:16.051+0000] {dagbag.py:538} INFO - Filling up the DagBag from /opt/airflow/dags/ml_pipeline.py
[2025-08-26T12:36:16.079+0000] {processor.py:840} INFO - DAG(s) 'ml_pipeline' retrieved from /opt/airflow/dags/ml_pipeline.py
[2025-08-26T12:36:16.114+0000] {logging_mixin.py:188} INFO - [2025-08-26T12:36:16.114+0000] {dag.py:3036} INFO - Sync 1 DAGs
[2025-08-26T12:36:16.130+0000] {logging_mixin.py:188} INFO - [2025-08-26T12:36:16.129+0000] {dag.py:3823} INFO - Setting next_dagrun for ml_pipeline to None, run_after=None
[2025-08-26T12:36:16.157+0000] {processor.py:183} INFO - Processing /opt/airflow/dags/ml_pipeline.py took 0.111 seconds
[2025-08-26T12:36:46.268+0000] {processor.py:161} INFO - Started process (PID=913) to work on /opt/airflow/dags/ml_pipeline.py
[2025-08-26T12:36:46.270+0000] {processor.py:830} INFO - Processing file /opt/airflow/dags/ml_pipeline.py for tasks to queue
[2025-08-26T12:36:46.271+0000] {logging_mixin.py:188} INFO - [2025-08-26T12:36:46.271+0000] {dagbag.py:538} INFO - Filling up the DagBag from /opt/airflow/dags/ml_pipeline.py
[2025-08-26T12:36:46.304+0000] {processor.py:840} INFO - DAG(s) 'ml_pipeline' retrieved from /opt/airflow/dags/ml_pipeline.py
[2025-08-26T12:36:46.343+0000] {logging_mixin.py:188} INFO - [2025-08-26T12:36:46.342+0000] {dag.py:3036} INFO - Sync 1 DAGs
[2025-08-26T12:36:46.359+0000] {logging_mixin.py:188} INFO - [2025-08-26T12:36:46.358+0000] {dag.py:3823} INFO - Setting next_dagrun for ml_pipeline to None, run_after=None
[2025-08-26T12:36:46.386+0000] {processor.py:183} INFO - Processing /opt/airflow/dags/ml_pipeline.py took 0.122 seconds
[2025-08-26T12:37:16.617+0000] {processor.py:161} INFO - Started process (PID=918) to work on /opt/airflow/dags/ml_pipeline.py
[2025-08-26T12:37:16.618+0000] {processor.py:830} INFO - Processing file /opt/airflow/dags/ml_pipeline.py for tasks to queue
[2025-08-26T12:37:16.621+0000] {logging_mixin.py:188} INFO - [2025-08-26T12:37:16.620+0000] {dagbag.py:538} INFO - Filling up the DagBag from /opt/airflow/dags/ml_pipeline.py
[2025-08-26T12:37:16.658+0000] {processor.py:840} INFO - DAG(s) 'ml_pipeline' retrieved from /opt/airflow/dags/ml_pipeline.py
[2025-08-26T12:37:16.702+0000] {logging_mixin.py:188} INFO - [2025-08-26T12:37:16.702+0000] {dag.py:3036} INFO - Sync 1 DAGs
[2025-08-26T12:37:16.723+0000] {logging_mixin.py:188} INFO - [2025-08-26T12:37:16.722+0000] {dag.py:3823} INFO - Setting next_dagrun for ml_pipeline to None, run_after=None
[2025-08-26T12:37:16.758+0000] {processor.py:183} INFO - Processing /opt/airflow/dags/ml_pipeline.py took 0.146 seconds
[2025-08-26T12:37:46.822+0000] {processor.py:161} INFO - Started process (PID=923) to work on /opt/airflow/dags/ml_pipeline.py
[2025-08-26T12:37:46.823+0000] {processor.py:830} INFO - Processing file /opt/airflow/dags/ml_pipeline.py for tasks to queue
[2025-08-26T12:37:46.825+0000] {logging_mixin.py:188} INFO - [2025-08-26T12:37:46.825+0000] {dagbag.py:538} INFO - Filling up the DagBag from /opt/airflow/dags/ml_pipeline.py
[2025-08-26T12:37:46.947+0000] {processor.py:840} INFO - DAG(s) 'ml_pipeline' retrieved from /opt/airflow/dags/ml_pipeline.py
[2025-08-26T12:37:46.983+0000] {logging_mixin.py:188} INFO - [2025-08-26T12:37:46.982+0000] {dag.py:3036} INFO - Sync 1 DAGs
[2025-08-26T12:37:46.999+0000] {logging_mixin.py:188} INFO - [2025-08-26T12:37:46.999+0000] {dag.py:3823} INFO - Setting next_dagrun for ml_pipeline to None, run_after=None
[2025-08-26T12:37:47.023+0000] {processor.py:183} INFO - Processing /opt/airflow/dags/ml_pipeline.py took 0.205 seconds
[2025-08-26T12:38:17.270+0000] {processor.py:161} INFO - Started process (PID=928) to work on /opt/airflow/dags/ml_pipeline.py
[2025-08-26T12:38:17.271+0000] {processor.py:830} INFO - Processing file /opt/airflow/dags/ml_pipeline.py for tasks to queue
[2025-08-26T12:38:17.274+0000] {logging_mixin.py:188} INFO - [2025-08-26T12:38:17.273+0000] {dagbag.py:538} INFO - Filling up the DagBag from /opt/airflow/dags/ml_pipeline.py
[2025-08-26T12:38:17.321+0000] {processor.py:840} INFO - DAG(s) 'ml_pipeline' retrieved from /opt/airflow/dags/ml_pipeline.py
[2025-08-26T12:38:17.371+0000] {logging_mixin.py:188} INFO - [2025-08-26T12:38:17.370+0000] {dag.py:3036} INFO - Sync 1 DAGs
[2025-08-26T12:38:17.390+0000] {logging_mixin.py:188} INFO - [2025-08-26T12:38:17.390+0000] {dag.py:3823} INFO - Setting next_dagrun for ml_pipeline to None, run_after=None
[2025-08-26T12:38:17.417+0000] {processor.py:183} INFO - Processing /opt/airflow/dags/ml_pipeline.py took 0.154 seconds
[2025-08-26T12:38:47.515+0000] {processor.py:161} INFO - Started process (PID=933) to work on /opt/airflow/dags/ml_pipeline.py
[2025-08-26T12:38:47.517+0000] {processor.py:830} INFO - Processing file /opt/airflow/dags/ml_pipeline.py for tasks to queue
[2025-08-26T12:38:47.518+0000] {logging_mixin.py:188} INFO - [2025-08-26T12:38:47.518+0000] {dagbag.py:538} INFO - Filling up the DagBag from /opt/airflow/dags/ml_pipeline.py
[2025-08-26T12:38:47.550+0000] {processor.py:840} INFO - DAG(s) 'ml_pipeline' retrieved from /opt/airflow/dags/ml_pipeline.py
[2025-08-26T12:38:47.594+0000] {logging_mixin.py:188} INFO - [2025-08-26T12:38:47.594+0000] {dag.py:3036} INFO - Sync 1 DAGs
[2025-08-26T12:38:47.613+0000] {logging_mixin.py:188} INFO - [2025-08-26T12:38:47.612+0000] {dag.py:3823} INFO - Setting next_dagrun for ml_pipeline to None, run_after=None
[2025-08-26T12:38:47.648+0000] {processor.py:183} INFO - Processing /opt/airflow/dags/ml_pipeline.py took 0.137 seconds
[2025-08-26T12:39:17.897+0000] {processor.py:161} INFO - Started process (PID=938) to work on /opt/airflow/dags/ml_pipeline.py
[2025-08-26T12:39:17.898+0000] {processor.py:830} INFO - Processing file /opt/airflow/dags/ml_pipeline.py for tasks to queue
[2025-08-26T12:39:17.900+0000] {logging_mixin.py:188} INFO - [2025-08-26T12:39:17.899+0000] {dagbag.py:538} INFO - Filling up the DagBag from /opt/airflow/dags/ml_pipeline.py
[2025-08-26T12:39:17.928+0000] {processor.py:840} INFO - DAG(s) 'ml_pipeline' retrieved from /opt/airflow/dags/ml_pipeline.py
[2025-08-26T12:39:17.964+0000] {logging_mixin.py:188} INFO - [2025-08-26T12:39:17.964+0000] {dag.py:3036} INFO - Sync 1 DAGs
[2025-08-26T12:39:17.981+0000] {logging_mixin.py:188} INFO - [2025-08-26T12:39:17.980+0000] {dag.py:3823} INFO - Setting next_dagrun for ml_pipeline to None, run_after=None
[2025-08-26T12:39:18.010+0000] {processor.py:183} INFO - Processing /opt/airflow/dags/ml_pipeline.py took 0.117 seconds
[2025-08-26T12:39:48.115+0000] {processor.py:161} INFO - Started process (PID=943) to work on /opt/airflow/dags/ml_pipeline.py
[2025-08-26T12:39:48.117+0000] {processor.py:830} INFO - Processing file /opt/airflow/dags/ml_pipeline.py for tasks to queue
[2025-08-26T12:39:48.119+0000] {logging_mixin.py:188} INFO - [2025-08-26T12:39:48.118+0000] {dagbag.py:538} INFO - Filling up the DagBag from /opt/airflow/dags/ml_pipeline.py
[2025-08-26T12:39:48.158+0000] {processor.py:840} INFO - DAG(s) 'ml_pipeline' retrieved from /opt/airflow/dags/ml_pipeline.py
[2025-08-26T12:39:48.198+0000] {logging_mixin.py:188} INFO - [2025-08-26T12:39:48.197+0000] {dag.py:3036} INFO - Sync 1 DAGs
[2025-08-26T12:39:48.214+0000] {logging_mixin.py:188} INFO - [2025-08-26T12:39:48.214+0000] {dag.py:3823} INFO - Setting next_dagrun for ml_pipeline to None, run_after=None
[2025-08-26T12:39:48.241+0000] {processor.py:183} INFO - Processing /opt/airflow/dags/ml_pipeline.py took 0.133 seconds
[2025-08-26T12:40:18.416+0000] {processor.py:161} INFO - Started process (PID=948) to work on /opt/airflow/dags/ml_pipeline.py
[2025-08-26T12:40:18.417+0000] {processor.py:830} INFO - Processing file /opt/airflow/dags/ml_pipeline.py for tasks to queue
[2025-08-26T12:40:18.419+0000] {logging_mixin.py:188} INFO - [2025-08-26T12:40:18.418+0000] {dagbag.py:538} INFO - Filling up the DagBag from /opt/airflow/dags/ml_pipeline.py
[2025-08-26T12:40:18.448+0000] {processor.py:840} INFO - DAG(s) 'ml_pipeline' retrieved from /opt/airflow/dags/ml_pipeline.py
[2025-08-26T12:40:18.486+0000] {logging_mixin.py:188} INFO - [2025-08-26T12:40:18.486+0000] {dag.py:3036} INFO - Sync 1 DAGs
[2025-08-26T12:40:18.506+0000] {logging_mixin.py:188} INFO - [2025-08-26T12:40:18.506+0000] {dag.py:3823} INFO - Setting next_dagrun for ml_pipeline to None, run_after=None
[2025-08-26T12:40:18.533+0000] {processor.py:183} INFO - Processing /opt/airflow/dags/ml_pipeline.py took 0.121 seconds
[2025-08-26T12:40:48.636+0000] {processor.py:161} INFO - Started process (PID=953) to work on /opt/airflow/dags/ml_pipeline.py
[2025-08-26T12:40:48.637+0000] {processor.py:830} INFO - Processing file /opt/airflow/dags/ml_pipeline.py for tasks to queue
[2025-08-26T12:40:48.639+0000] {logging_mixin.py:188} INFO - [2025-08-26T12:40:48.638+0000] {dagbag.py:538} INFO - Filling up the DagBag from /opt/airflow/dags/ml_pipeline.py
[2025-08-26T12:40:48.671+0000] {processor.py:840} INFO - DAG(s) 'ml_pipeline' retrieved from /opt/airflow/dags/ml_pipeline.py
[2025-08-26T12:40:48.712+0000] {logging_mixin.py:188} INFO - [2025-08-26T12:40:48.712+0000] {dag.py:3036} INFO - Sync 1 DAGs
[2025-08-26T12:40:48.736+0000] {logging_mixin.py:188} INFO - [2025-08-26T12:40:48.736+0000] {dag.py:3823} INFO - Setting next_dagrun for ml_pipeline to None, run_after=None
[2025-08-26T12:40:48.766+0000] {processor.py:183} INFO - Processing /opt/airflow/dags/ml_pipeline.py took 0.136 seconds
[2025-08-26T12:41:18.978+0000] {processor.py:161} INFO - Started process (PID=958) to work on /opt/airflow/dags/ml_pipeline.py
[2025-08-26T12:41:18.980+0000] {processor.py:830} INFO - Processing file /opt/airflow/dags/ml_pipeline.py for tasks to queue
[2025-08-26T12:41:18.982+0000] {logging_mixin.py:188} INFO - [2025-08-26T12:41:18.982+0000] {dagbag.py:538} INFO - Filling up the DagBag from /opt/airflow/dags/ml_pipeline.py
[2025-08-26T12:41:19.021+0000] {processor.py:840} INFO - DAG(s) 'ml_pipeline' retrieved from /opt/airflow/dags/ml_pipeline.py
[2025-08-26T12:41:19.077+0000] {logging_mixin.py:188} INFO - [2025-08-26T12:41:19.077+0000] {dag.py:3036} INFO - Sync 1 DAGs
[2025-08-26T12:41:19.114+0000] {logging_mixin.py:188} INFO - [2025-08-26T12:41:19.113+0000] {dag.py:3823} INFO - Setting next_dagrun for ml_pipeline to None, run_after=None
[2025-08-26T12:41:19.188+0000] {processor.py:183} INFO - Processing /opt/airflow/dags/ml_pipeline.py took 0.220 seconds
[2025-08-26T12:41:49.483+0000] {processor.py:161} INFO - Started process (PID=963) to work on /opt/airflow/dags/ml_pipeline.py
[2025-08-26T12:41:49.484+0000] {processor.py:830} INFO - Processing file /opt/airflow/dags/ml_pipeline.py for tasks to queue
[2025-08-26T12:41:49.486+0000] {logging_mixin.py:188} INFO - [2025-08-26T12:41:49.486+0000] {dagbag.py:538} INFO - Filling up the DagBag from /opt/airflow/dags/ml_pipeline.py
[2025-08-26T12:41:49.515+0000] {processor.py:840} INFO - DAG(s) 'ml_pipeline' retrieved from /opt/airflow/dags/ml_pipeline.py
[2025-08-26T12:41:49.558+0000] {logging_mixin.py:188} INFO - [2025-08-26T12:41:49.558+0000] {dag.py:3036} INFO - Sync 1 DAGs
[2025-08-26T12:41:49.575+0000] {logging_mixin.py:188} INFO - [2025-08-26T12:41:49.575+0000] {dag.py:3823} INFO - Setting next_dagrun for ml_pipeline to None, run_after=None
[2025-08-26T12:41:49.619+0000] {processor.py:183} INFO - Processing /opt/airflow/dags/ml_pipeline.py took 0.141 seconds
[2025-08-26T12:42:19.748+0000] {processor.py:161} INFO - Started process (PID=968) to work on /opt/airflow/dags/ml_pipeline.py
[2025-08-26T12:42:19.750+0000] {processor.py:830} INFO - Processing file /opt/airflow/dags/ml_pipeline.py for tasks to queue
[2025-08-26T12:42:19.752+0000] {logging_mixin.py:188} INFO - [2025-08-26T12:42:19.751+0000] {dagbag.py:538} INFO - Filling up the DagBag from /opt/airflow/dags/ml_pipeline.py
[2025-08-26T12:42:19.789+0000] {processor.py:840} INFO - DAG(s) 'ml_pipeline' retrieved from /opt/airflow/dags/ml_pipeline.py
[2025-08-26T12:42:19.843+0000] {logging_mixin.py:188} INFO - [2025-08-26T12:42:19.842+0000] {dag.py:3036} INFO - Sync 1 DAGs
[2025-08-26T12:42:19.859+0000] {logging_mixin.py:188} INFO - [2025-08-26T12:42:19.859+0000] {dag.py:3823} INFO - Setting next_dagrun for ml_pipeline to None, run_after=None
[2025-08-26T12:42:19.889+0000] {processor.py:183} INFO - Processing /opt/airflow/dags/ml_pipeline.py took 0.149 seconds
[2025-08-26T12:42:50.106+0000] {processor.py:161} INFO - Started process (PID=973) to work on /opt/airflow/dags/ml_pipeline.py
[2025-08-26T12:42:50.112+0000] {processor.py:830} INFO - Processing file /opt/airflow/dags/ml_pipeline.py for tasks to queue
[2025-08-26T12:42:50.115+0000] {logging_mixin.py:188} INFO - [2025-08-26T12:42:50.115+0000] {dagbag.py:538} INFO - Filling up the DagBag from /opt/airflow/dags/ml_pipeline.py
[2025-08-26T12:42:50.167+0000] {processor.py:840} INFO - DAG(s) 'ml_pipeline' retrieved from /opt/airflow/dags/ml_pipeline.py
[2025-08-26T12:42:50.239+0000] {logging_mixin.py:188} INFO - [2025-08-26T12:42:50.238+0000] {dag.py:3036} INFO - Sync 1 DAGs
[2025-08-26T12:42:50.269+0000] {logging_mixin.py:188} INFO - [2025-08-26T12:42:50.266+0000] {dag.py:3823} INFO - Setting next_dagrun for ml_pipeline to None, run_after=None
[2025-08-26T12:42:50.330+0000] {processor.py:183} INFO - Processing /opt/airflow/dags/ml_pipeline.py took 0.232 seconds
[2025-08-26T12:43:20.718+0000] {processor.py:161} INFO - Started process (PID=978) to work on /opt/airflow/dags/ml_pipeline.py
[2025-08-26T12:43:20.733+0000] {processor.py:830} INFO - Processing file /opt/airflow/dags/ml_pipeline.py for tasks to queue
[2025-08-26T12:43:20.737+0000] {logging_mixin.py:188} INFO - [2025-08-26T12:43:20.736+0000] {dagbag.py:538} INFO - Filling up the DagBag from /opt/airflow/dags/ml_pipeline.py
[2025-08-26T12:43:20.926+0000] {processor.py:840} INFO - DAG(s) 'ml_pipeline' retrieved from /opt/airflow/dags/ml_pipeline.py
[2025-08-26T12:43:21.078+0000] {logging_mixin.py:188} INFO - [2025-08-26T12:43:21.078+0000] {dag.py:3036} INFO - Sync 1 DAGs
[2025-08-26T12:43:21.159+0000] {logging_mixin.py:188} INFO - [2025-08-26T12:43:21.159+0000] {dag.py:3823} INFO - Setting next_dagrun for ml_pipeline to None, run_after=None
[2025-08-26T12:43:21.268+0000] {processor.py:183} INFO - Processing /opt/airflow/dags/ml_pipeline.py took 0.561 seconds
[2025-08-26T12:43:51.785+0000] {processor.py:161} INFO - Started process (PID=983) to work on /opt/airflow/dags/ml_pipeline.py
[2025-08-26T12:43:51.800+0000] {processor.py:830} INFO - Processing file /opt/airflow/dags/ml_pipeline.py for tasks to queue
[2025-08-26T12:43:51.803+0000] {logging_mixin.py:188} INFO - [2025-08-26T12:43:51.802+0000] {dagbag.py:538} INFO - Filling up the DagBag from /opt/airflow/dags/ml_pipeline.py
[2025-08-26T12:43:51.903+0000] {processor.py:840} INFO - DAG(s) 'ml_pipeline' retrieved from /opt/airflow/dags/ml_pipeline.py
[2025-08-26T12:43:52.016+0000] {logging_mixin.py:188} INFO - [2025-08-26T12:43:52.015+0000] {dag.py:3036} INFO - Sync 1 DAGs
[2025-08-26T12:43:52.077+0000] {logging_mixin.py:188} INFO - [2025-08-26T12:43:52.076+0000] {dag.py:3823} INFO - Setting next_dagrun for ml_pipeline to None, run_after=None
[2025-08-26T12:43:52.154+0000] {processor.py:183} INFO - Processing /opt/airflow/dags/ml_pipeline.py took 0.379 seconds
[2025-08-26T12:44:22.526+0000] {processor.py:161} INFO - Started process (PID=988) to work on /opt/airflow/dags/ml_pipeline.py
[2025-08-26T12:44:22.527+0000] {processor.py:830} INFO - Processing file /opt/airflow/dags/ml_pipeline.py for tasks to queue
[2025-08-26T12:44:22.529+0000] {logging_mixin.py:188} INFO - [2025-08-26T12:44:22.528+0000] {dagbag.py:538} INFO - Filling up the DagBag from /opt/airflow/dags/ml_pipeline.py
[2025-08-26T12:44:22.555+0000] {processor.py:840} INFO - DAG(s) 'ml_pipeline' retrieved from /opt/airflow/dags/ml_pipeline.py
[2025-08-26T12:44:22.601+0000] {logging_mixin.py:188} INFO - [2025-08-26T12:44:22.600+0000] {dag.py:3036} INFO - Sync 1 DAGs
[2025-08-26T12:44:22.627+0000] {logging_mixin.py:188} INFO - [2025-08-26T12:44:22.627+0000] {dag.py:3823} INFO - Setting next_dagrun for ml_pipeline to None, run_after=None
[2025-08-26T12:44:22.662+0000] {processor.py:183} INFO - Processing /opt/airflow/dags/ml_pipeline.py took 0.141 seconds
[2025-08-26T12:44:52.739+0000] {processor.py:161} INFO - Started process (PID=993) to work on /opt/airflow/dags/ml_pipeline.py
[2025-08-26T12:44:52.741+0000] {processor.py:830} INFO - Processing file /opt/airflow/dags/ml_pipeline.py for tasks to queue
[2025-08-26T12:44:52.742+0000] {logging_mixin.py:188} INFO - [2025-08-26T12:44:52.742+0000] {dagbag.py:538} INFO - Filling up the DagBag from /opt/airflow/dags/ml_pipeline.py
[2025-08-26T12:44:52.768+0000] {processor.py:840} INFO - DAG(s) 'ml_pipeline' retrieved from /opt/airflow/dags/ml_pipeline.py
[2025-08-26T12:44:52.816+0000] {logging_mixin.py:188} INFO - [2025-08-26T12:44:52.816+0000] {dag.py:3036} INFO - Sync 1 DAGs
[2025-08-26T12:44:52.833+0000] {logging_mixin.py:188} INFO - [2025-08-26T12:44:52.832+0000] {dag.py:3823} INFO - Setting next_dagrun for ml_pipeline to None, run_after=None
[2025-08-26T12:44:52.863+0000] {processor.py:183} INFO - Processing /opt/airflow/dags/ml_pipeline.py took 0.130 seconds
[2025-08-26T12:45:23.088+0000] {processor.py:161} INFO - Started process (PID=998) to work on /opt/airflow/dags/ml_pipeline.py
[2025-08-26T12:45:23.089+0000] {processor.py:830} INFO - Processing file /opt/airflow/dags/ml_pipeline.py for tasks to queue
[2025-08-26T12:45:23.090+0000] {logging_mixin.py:188} INFO - [2025-08-26T12:45:23.090+0000] {dagbag.py:538} INFO - Filling up the DagBag from /opt/airflow/dags/ml_pipeline.py
[2025-08-26T12:45:23.117+0000] {processor.py:840} INFO - DAG(s) 'ml_pipeline' retrieved from /opt/airflow/dags/ml_pipeline.py
[2025-08-26T12:45:23.151+0000] {logging_mixin.py:188} INFO - [2025-08-26T12:45:23.150+0000] {dag.py:3036} INFO - Sync 1 DAGs
[2025-08-26T12:45:23.167+0000] {logging_mixin.py:188} INFO - [2025-08-26T12:45:23.166+0000] {dag.py:3823} INFO - Setting next_dagrun for ml_pipeline to None, run_after=None
[2025-08-26T12:45:23.192+0000] {processor.py:183} INFO - Processing /opt/airflow/dags/ml_pipeline.py took 0.108 seconds
[2025-08-26T12:45:53.286+0000] {processor.py:161} INFO - Started process (PID=1003) to work on /opt/airflow/dags/ml_pipeline.py
[2025-08-26T12:45:53.288+0000] {processor.py:830} INFO - Processing file /opt/airflow/dags/ml_pipeline.py for tasks to queue
[2025-08-26T12:45:53.289+0000] {logging_mixin.py:188} INFO - [2025-08-26T12:45:53.289+0000] {dagbag.py:538} INFO - Filling up the DagBag from /opt/airflow/dags/ml_pipeline.py
[2025-08-26T12:45:53.320+0000] {processor.py:840} INFO - DAG(s) 'ml_pipeline' retrieved from /opt/airflow/dags/ml_pipeline.py
[2025-08-26T12:45:53.353+0000] {logging_mixin.py:188} INFO - [2025-08-26T12:45:53.353+0000] {dag.py:3036} INFO - Sync 1 DAGs
[2025-08-26T12:45:53.370+0000] {logging_mixin.py:188} INFO - [2025-08-26T12:45:53.369+0000] {dag.py:3823} INFO - Setting next_dagrun for ml_pipeline to None, run_after=None
[2025-08-26T12:45:53.395+0000] {processor.py:183} INFO - Processing /opt/airflow/dags/ml_pipeline.py took 0.114 seconds
[2025-08-26T12:46:23.577+0000] {processor.py:161} INFO - Started process (PID=1008) to work on /opt/airflow/dags/ml_pipeline.py
[2025-08-26T12:46:23.579+0000] {processor.py:830} INFO - Processing file /opt/airflow/dags/ml_pipeline.py for tasks to queue
[2025-08-26T12:46:23.581+0000] {logging_mixin.py:188} INFO - [2025-08-26T12:46:23.580+0000] {dagbag.py:538} INFO - Filling up the DagBag from /opt/airflow/dags/ml_pipeline.py
[2025-08-26T12:46:23.614+0000] {processor.py:840} INFO - DAG(s) 'ml_pipeline' retrieved from /opt/airflow/dags/ml_pipeline.py
[2025-08-26T12:46:23.651+0000] {logging_mixin.py:188} INFO - [2025-08-26T12:46:23.651+0000] {dag.py:3036} INFO - Sync 1 DAGs
[2025-08-26T12:46:23.667+0000] {logging_mixin.py:188} INFO - [2025-08-26T12:46:23.667+0000] {dag.py:3823} INFO - Setting next_dagrun for ml_pipeline to None, run_after=None
[2025-08-26T12:46:23.702+0000] {processor.py:183} INFO - Processing /opt/airflow/dags/ml_pipeline.py took 0.130 seconds
[2025-08-26T12:46:53.846+0000] {processor.py:161} INFO - Started process (PID=1013) to work on /opt/airflow/dags/ml_pipeline.py
[2025-08-26T12:46:53.848+0000] {processor.py:830} INFO - Processing file /opt/airflow/dags/ml_pipeline.py for tasks to queue
[2025-08-26T12:46:53.850+0000] {logging_mixin.py:188} INFO - [2025-08-26T12:46:53.849+0000] {dagbag.py:538} INFO - Filling up the DagBag from /opt/airflow/dags/ml_pipeline.py
[2025-08-26T12:46:53.884+0000] {processor.py:840} INFO - DAG(s) 'ml_pipeline' retrieved from /opt/airflow/dags/ml_pipeline.py
[2025-08-26T12:46:53.935+0000] {logging_mixin.py:188} INFO - [2025-08-26T12:46:53.934+0000] {dag.py:3036} INFO - Sync 1 DAGs
[2025-08-26T12:46:53.964+0000] {logging_mixin.py:188} INFO - [2025-08-26T12:46:53.964+0000] {dag.py:3823} INFO - Setting next_dagrun for ml_pipeline to None, run_after=None
[2025-08-26T12:46:54.012+0000] {processor.py:183} INFO - Processing /opt/airflow/dags/ml_pipeline.py took 0.172 seconds
[2025-08-26T12:47:24.120+0000] {processor.py:161} INFO - Started process (PID=1018) to work on /opt/airflow/dags/ml_pipeline.py
[2025-08-26T12:47:24.122+0000] {processor.py:830} INFO - Processing file /opt/airflow/dags/ml_pipeline.py for tasks to queue
[2025-08-26T12:47:24.124+0000] {logging_mixin.py:188} INFO - [2025-08-26T12:47:24.124+0000] {dagbag.py:538} INFO - Filling up the DagBag from /opt/airflow/dags/ml_pipeline.py
[2025-08-26T12:47:24.157+0000] {processor.py:840} INFO - DAG(s) 'ml_pipeline' retrieved from /opt/airflow/dags/ml_pipeline.py
[2025-08-26T12:47:24.193+0000] {logging_mixin.py:188} INFO - [2025-08-26T12:47:24.192+0000] {dag.py:3036} INFO - Sync 1 DAGs
[2025-08-26T12:47:24.216+0000] {logging_mixin.py:188} INFO - [2025-08-26T12:47:24.215+0000] {dag.py:3823} INFO - Setting next_dagrun for ml_pipeline to None, run_after=None
[2025-08-26T12:47:24.247+0000] {processor.py:183} INFO - Processing /opt/airflow/dags/ml_pipeline.py took 0.132 seconds
[2025-08-26T12:47:54.444+0000] {processor.py:161} INFO - Started process (PID=1023) to work on /opt/airflow/dags/ml_pipeline.py
[2025-08-26T12:47:54.446+0000] {processor.py:830} INFO - Processing file /opt/airflow/dags/ml_pipeline.py for tasks to queue
[2025-08-26T12:47:54.447+0000] {logging_mixin.py:188} INFO - [2025-08-26T12:47:54.447+0000] {dagbag.py:538} INFO - Filling up the DagBag from /opt/airflow/dags/ml_pipeline.py
[2025-08-26T12:47:54.473+0000] {processor.py:840} INFO - DAG(s) 'ml_pipeline' retrieved from /opt/airflow/dags/ml_pipeline.py
[2025-08-26T12:47:54.510+0000] {logging_mixin.py:188} INFO - [2025-08-26T12:47:54.509+0000] {dag.py:3036} INFO - Sync 1 DAGs
[2025-08-26T12:47:54.531+0000] {logging_mixin.py:188} INFO - [2025-08-26T12:47:54.531+0000] {dag.py:3823} INFO - Setting next_dagrun for ml_pipeline to None, run_after=None
[2025-08-26T12:47:54.567+0000] {processor.py:183} INFO - Processing /opt/airflow/dags/ml_pipeline.py took 0.127 seconds
[2025-08-26T12:48:24.666+0000] {processor.py:161} INFO - Started process (PID=1028) to work on /opt/airflow/dags/ml_pipeline.py
[2025-08-26T12:48:24.668+0000] {processor.py:830} INFO - Processing file /opt/airflow/dags/ml_pipeline.py for tasks to queue
[2025-08-26T12:48:24.671+0000] {logging_mixin.py:188} INFO - [2025-08-26T12:48:24.670+0000] {dagbag.py:538} INFO - Filling up the DagBag from /opt/airflow/dags/ml_pipeline.py
[2025-08-26T12:48:24.728+0000] {processor.py:840} INFO - DAG(s) 'ml_pipeline' retrieved from /opt/airflow/dags/ml_pipeline.py
[2025-08-26T12:48:24.816+0000] {logging_mixin.py:188} INFO - [2025-08-26T12:48:24.816+0000] {dag.py:3036} INFO - Sync 1 DAGs
[2025-08-26T12:48:24.858+0000] {logging_mixin.py:188} INFO - [2025-08-26T12:48:24.857+0000] {dag.py:3823} INFO - Setting next_dagrun for ml_pipeline to None, run_after=None
[2025-08-26T12:48:24.932+0000] {processor.py:183} INFO - Processing /opt/airflow/dags/ml_pipeline.py took 0.271 seconds
[2025-08-26T12:48:55.187+0000] {processor.py:161} INFO - Started process (PID=1033) to work on /opt/airflow/dags/ml_pipeline.py
[2025-08-26T12:48:55.189+0000] {processor.py:830} INFO - Processing file /opt/airflow/dags/ml_pipeline.py for tasks to queue
[2025-08-26T12:48:55.191+0000] {logging_mixin.py:188} INFO - [2025-08-26T12:48:55.190+0000] {dagbag.py:538} INFO - Filling up the DagBag from /opt/airflow/dags/ml_pipeline.py
[2025-08-26T12:48:55.220+0000] {processor.py:840} INFO - DAG(s) 'ml_pipeline' retrieved from /opt/airflow/dags/ml_pipeline.py
[2025-08-26T12:48:55.258+0000] {logging_mixin.py:188} INFO - [2025-08-26T12:48:55.257+0000] {dag.py:3036} INFO - Sync 1 DAGs
[2025-08-26T12:48:55.280+0000] {logging_mixin.py:188} INFO - [2025-08-26T12:48:55.279+0000] {dag.py:3823} INFO - Setting next_dagrun for ml_pipeline to None, run_after=None
[2025-08-26T12:48:55.307+0000] {processor.py:183} INFO - Processing /opt/airflow/dags/ml_pipeline.py took 0.124 seconds
[2025-08-26T12:49:25.381+0000] {processor.py:161} INFO - Started process (PID=1038) to work on /opt/airflow/dags/ml_pipeline.py
[2025-08-26T12:49:25.383+0000] {processor.py:830} INFO - Processing file /opt/airflow/dags/ml_pipeline.py for tasks to queue
[2025-08-26T12:49:25.384+0000] {logging_mixin.py:188} INFO - [2025-08-26T12:49:25.384+0000] {dagbag.py:538} INFO - Filling up the DagBag from /opt/airflow/dags/ml_pipeline.py
[2025-08-26T12:49:25.411+0000] {processor.py:840} INFO - DAG(s) 'ml_pipeline' retrieved from /opt/airflow/dags/ml_pipeline.py
[2025-08-26T12:49:25.451+0000] {logging_mixin.py:188} INFO - [2025-08-26T12:49:25.450+0000] {dag.py:3036} INFO - Sync 1 DAGs
[2025-08-26T12:49:25.467+0000] {logging_mixin.py:188} INFO - [2025-08-26T12:49:25.467+0000] {dag.py:3823} INFO - Setting next_dagrun for ml_pipeline to None, run_after=None
[2025-08-26T12:49:25.496+0000] {processor.py:183} INFO - Processing /opt/airflow/dags/ml_pipeline.py took 0.119 seconds
[2025-08-26T12:49:55.725+0000] {processor.py:161} INFO - Started process (PID=1043) to work on /opt/airflow/dags/ml_pipeline.py
[2025-08-26T12:49:55.727+0000] {processor.py:830} INFO - Processing file /opt/airflow/dags/ml_pipeline.py for tasks to queue
[2025-08-26T12:49:55.728+0000] {logging_mixin.py:188} INFO - [2025-08-26T12:49:55.728+0000] {dagbag.py:538} INFO - Filling up the DagBag from /opt/airflow/dags/ml_pipeline.py
[2025-08-26T12:49:55.763+0000] {processor.py:840} INFO - DAG(s) 'ml_pipeline' retrieved from /opt/airflow/dags/ml_pipeline.py
[2025-08-26T12:49:55.798+0000] {logging_mixin.py:188} INFO - [2025-08-26T12:49:55.797+0000] {dag.py:3036} INFO - Sync 1 DAGs
[2025-08-26T12:49:55.815+0000] {logging_mixin.py:188} INFO - [2025-08-26T12:49:55.814+0000] {dag.py:3823} INFO - Setting next_dagrun for ml_pipeline to None, run_after=None
[2025-08-26T12:49:55.845+0000] {processor.py:183} INFO - Processing /opt/airflow/dags/ml_pipeline.py took 0.126 seconds
[2025-08-26T12:50:25.938+0000] {processor.py:161} INFO - Started process (PID=1048) to work on /opt/airflow/dags/ml_pipeline.py
[2025-08-26T12:50:25.940+0000] {processor.py:830} INFO - Processing file /opt/airflow/dags/ml_pipeline.py for tasks to queue
[2025-08-26T12:50:25.941+0000] {logging_mixin.py:188} INFO - [2025-08-26T12:50:25.941+0000] {dagbag.py:538} INFO - Filling up the DagBag from /opt/airflow/dags/ml_pipeline.py
[2025-08-26T12:50:25.972+0000] {processor.py:840} INFO - DAG(s) 'ml_pipeline' retrieved from /opt/airflow/dags/ml_pipeline.py
[2025-08-26T12:50:26.013+0000] {logging_mixin.py:188} INFO - [2025-08-26T12:50:26.013+0000] {dag.py:3036} INFO - Sync 1 DAGs
[2025-08-26T12:50:26.030+0000] {logging_mixin.py:188} INFO - [2025-08-26T12:50:26.030+0000] {dag.py:3823} INFO - Setting next_dagrun for ml_pipeline to None, run_after=None
[2025-08-26T12:50:26.056+0000] {processor.py:183} INFO - Processing /opt/airflow/dags/ml_pipeline.py took 0.122 seconds
[2025-08-26T12:50:56.167+0000] {processor.py:161} INFO - Started process (PID=1053) to work on /opt/airflow/dags/ml_pipeline.py
[2025-08-26T12:50:56.169+0000] {processor.py:830} INFO - Processing file /opt/airflow/dags/ml_pipeline.py for tasks to queue
[2025-08-26T12:50:56.171+0000] {logging_mixin.py:188} INFO - [2025-08-26T12:50:56.171+0000] {dagbag.py:538} INFO - Filling up the DagBag from /opt/airflow/dags/ml_pipeline.py
[2025-08-26T12:50:56.202+0000] {processor.py:840} INFO - DAG(s) 'ml_pipeline' retrieved from /opt/airflow/dags/ml_pipeline.py
[2025-08-26T12:50:56.243+0000] {logging_mixin.py:188} INFO - [2025-08-26T12:50:56.243+0000] {dag.py:3036} INFO - Sync 1 DAGs
[2025-08-26T12:50:56.260+0000] {logging_mixin.py:188} INFO - [2025-08-26T12:50:56.260+0000] {dag.py:3823} INFO - Setting next_dagrun for ml_pipeline to None, run_after=None
[2025-08-26T12:50:56.289+0000] {processor.py:183} INFO - Processing /opt/airflow/dags/ml_pipeline.py took 0.128 seconds
[2025-08-26T12:51:26.512+0000] {processor.py:161} INFO - Started process (PID=1058) to work on /opt/airflow/dags/ml_pipeline.py
[2025-08-26T12:51:26.514+0000] {processor.py:830} INFO - Processing file /opt/airflow/dags/ml_pipeline.py for tasks to queue
[2025-08-26T12:51:26.515+0000] {logging_mixin.py:188} INFO - [2025-08-26T12:51:26.515+0000] {dagbag.py:538} INFO - Filling up the DagBag from /opt/airflow/dags/ml_pipeline.py
[2025-08-26T12:51:26.541+0000] {processor.py:840} INFO - DAG(s) 'ml_pipeline' retrieved from /opt/airflow/dags/ml_pipeline.py
[2025-08-26T12:51:26.582+0000] {logging_mixin.py:188} INFO - [2025-08-26T12:51:26.582+0000] {dag.py:3036} INFO - Sync 1 DAGs
[2025-08-26T12:51:26.603+0000] {logging_mixin.py:188} INFO - [2025-08-26T12:51:26.603+0000] {dag.py:3823} INFO - Setting next_dagrun for ml_pipeline to None, run_after=None
[2025-08-26T12:51:26.633+0000] {processor.py:183} INFO - Processing /opt/airflow/dags/ml_pipeline.py took 0.124 seconds
[2025-08-26T12:51:56.748+0000] {processor.py:161} INFO - Started process (PID=1063) to work on /opt/airflow/dags/ml_pipeline.py
[2025-08-26T12:51:56.751+0000] {processor.py:830} INFO - Processing file /opt/airflow/dags/ml_pipeline.py for tasks to queue
[2025-08-26T12:51:56.754+0000] {logging_mixin.py:188} INFO - [2025-08-26T12:51:56.753+0000] {dagbag.py:538} INFO - Filling up the DagBag from /opt/airflow/dags/ml_pipeline.py
[2025-08-26T12:51:56.791+0000] {processor.py:840} INFO - DAG(s) 'ml_pipeline' retrieved from /opt/airflow/dags/ml_pipeline.py
[2025-08-26T12:51:56.840+0000] {logging_mixin.py:188} INFO - [2025-08-26T12:51:56.840+0000] {dag.py:3036} INFO - Sync 1 DAGs
[2025-08-26T12:51:56.865+0000] {logging_mixin.py:188} INFO - [2025-08-26T12:51:56.864+0000] {dag.py:3823} INFO - Setting next_dagrun for ml_pipeline to None, run_after=None
[2025-08-26T12:51:56.902+0000] {processor.py:183} INFO - Processing /opt/airflow/dags/ml_pipeline.py took 0.163 seconds
[2025-08-26T12:52:27.129+0000] {processor.py:161} INFO - Started process (PID=1068) to work on /opt/airflow/dags/ml_pipeline.py
[2025-08-26T12:52:27.131+0000] {processor.py:830} INFO - Processing file /opt/airflow/dags/ml_pipeline.py for tasks to queue
[2025-08-26T12:52:27.132+0000] {logging_mixin.py:188} INFO - [2025-08-26T12:52:27.132+0000] {dagbag.py:538} INFO - Filling up the DagBag from /opt/airflow/dags/ml_pipeline.py
[2025-08-26T12:52:27.163+0000] {processor.py:840} INFO - DAG(s) 'ml_pipeline' retrieved from /opt/airflow/dags/ml_pipeline.py
[2025-08-26T12:52:27.201+0000] {logging_mixin.py:188} INFO - [2025-08-26T12:52:27.201+0000] {dag.py:3036} INFO - Sync 1 DAGs
[2025-08-26T12:52:27.218+0000] {logging_mixin.py:188} INFO - [2025-08-26T12:52:27.218+0000] {dag.py:3823} INFO - Setting next_dagrun for ml_pipeline to None, run_after=None
[2025-08-26T12:52:27.245+0000] {processor.py:183} INFO - Processing /opt/airflow/dags/ml_pipeline.py took 0.120 seconds
[2025-08-26T12:52:57.385+0000] {processor.py:161} INFO - Started process (PID=1073) to work on /opt/airflow/dags/ml_pipeline.py
[2025-08-26T12:52:57.390+0000] {processor.py:830} INFO - Processing file /opt/airflow/dags/ml_pipeline.py for tasks to queue
[2025-08-26T12:52:57.393+0000] {logging_mixin.py:188} INFO - [2025-08-26T12:52:57.392+0000] {dagbag.py:538} INFO - Filling up the DagBag from /opt/airflow/dags/ml_pipeline.py
[2025-08-26T12:52:57.435+0000] {processor.py:840} INFO - DAG(s) 'ml_pipeline' retrieved from /opt/airflow/dags/ml_pipeline.py
[2025-08-26T12:52:57.495+0000] {logging_mixin.py:188} INFO - [2025-08-26T12:52:57.495+0000] {dag.py:3036} INFO - Sync 1 DAGs
[2025-08-26T12:52:57.524+0000] {logging_mixin.py:188} INFO - [2025-08-26T12:52:57.524+0000] {dag.py:3823} INFO - Setting next_dagrun for ml_pipeline to None, run_after=None
[2025-08-26T12:52:57.572+0000] {processor.py:183} INFO - Processing /opt/airflow/dags/ml_pipeline.py took 0.194 seconds
[2025-08-26T12:53:27.672+0000] {processor.py:161} INFO - Started process (PID=1078) to work on /opt/airflow/dags/ml_pipeline.py
[2025-08-26T12:53:27.673+0000] {processor.py:830} INFO - Processing file /opt/airflow/dags/ml_pipeline.py for tasks to queue
[2025-08-26T12:53:27.675+0000] {logging_mixin.py:188} INFO - [2025-08-26T12:53:27.675+0000] {dagbag.py:538} INFO - Filling up the DagBag from /opt/airflow/dags/ml_pipeline.py
[2025-08-26T12:53:27.705+0000] {processor.py:840} INFO - DAG(s) 'ml_pipeline' retrieved from /opt/airflow/dags/ml_pipeline.py
[2025-08-26T12:53:27.743+0000] {logging_mixin.py:188} INFO - [2025-08-26T12:53:27.743+0000] {dag.py:3036} INFO - Sync 1 DAGs
[2025-08-26T12:53:27.760+0000] {logging_mixin.py:188} INFO - [2025-08-26T12:53:27.759+0000] {dag.py:3823} INFO - Setting next_dagrun for ml_pipeline to None, run_after=None
[2025-08-26T12:53:27.790+0000] {processor.py:183} INFO - Processing /opt/airflow/dags/ml_pipeline.py took 0.124 seconds
[2025-08-26T12:53:58.005+0000] {processor.py:161} INFO - Started process (PID=1083) to work on /opt/airflow/dags/ml_pipeline.py
[2025-08-26T12:53:58.007+0000] {processor.py:830} INFO - Processing file /opt/airflow/dags/ml_pipeline.py for tasks to queue
[2025-08-26T12:53:58.008+0000] {logging_mixin.py:188} INFO - [2025-08-26T12:53:58.008+0000] {dagbag.py:538} INFO - Filling up the DagBag from /opt/airflow/dags/ml_pipeline.py
[2025-08-26T12:53:58.038+0000] {processor.py:840} INFO - DAG(s) 'ml_pipeline' retrieved from /opt/airflow/dags/ml_pipeline.py
[2025-08-26T12:53:58.079+0000] {logging_mixin.py:188} INFO - [2025-08-26T12:53:58.078+0000] {dag.py:3036} INFO - Sync 1 DAGs
[2025-08-26T12:53:58.094+0000] {logging_mixin.py:188} INFO - [2025-08-26T12:53:58.094+0000] {dag.py:3823} INFO - Setting next_dagrun for ml_pipeline to None, run_after=None
[2025-08-26T12:53:58.120+0000] {processor.py:183} INFO - Processing /opt/airflow/dags/ml_pipeline.py took 0.118 seconds
[2025-08-26T12:54:28.268+0000] {processor.py:161} INFO - Started process (PID=1088) to work on /opt/airflow/dags/ml_pipeline.py
[2025-08-26T12:54:28.269+0000] {processor.py:830} INFO - Processing file /opt/airflow/dags/ml_pipeline.py for tasks to queue
[2025-08-26T12:54:28.271+0000] {logging_mixin.py:188} INFO - [2025-08-26T12:54:28.270+0000] {dagbag.py:538} INFO - Filling up the DagBag from /opt/airflow/dags/ml_pipeline.py
[2025-08-26T12:54:28.297+0000] {processor.py:840} INFO - DAG(s) 'ml_pipeline' retrieved from /opt/airflow/dags/ml_pipeline.py
[2025-08-26T12:54:28.335+0000] {logging_mixin.py:188} INFO - [2025-08-26T12:54:28.334+0000] {dag.py:3036} INFO - Sync 1 DAGs
[2025-08-26T12:54:28.382+0000] {logging_mixin.py:188} INFO - [2025-08-26T12:54:28.382+0000] {dag.py:3823} INFO - Setting next_dagrun for ml_pipeline to None, run_after=None
[2025-08-26T12:54:28.457+0000] {processor.py:183} INFO - Processing /opt/airflow/dags/ml_pipeline.py took 0.195 seconds
[2025-08-26T12:54:58.543+0000] {processor.py:161} INFO - Started process (PID=1093) to work on /opt/airflow/dags/ml_pipeline.py
[2025-08-26T12:54:58.544+0000] {processor.py:830} INFO - Processing file /opt/airflow/dags/ml_pipeline.py for tasks to queue
[2025-08-26T12:54:58.546+0000] {logging_mixin.py:188} INFO - [2025-08-26T12:54:58.545+0000] {dagbag.py:538} INFO - Filling up the DagBag from /opt/airflow/dags/ml_pipeline.py
[2025-08-26T12:54:58.578+0000] {processor.py:840} INFO - DAG(s) 'ml_pipeline' retrieved from /opt/airflow/dags/ml_pipeline.py
[2025-08-26T12:54:58.619+0000] {logging_mixin.py:188} INFO - [2025-08-26T12:54:58.619+0000] {dag.py:3036} INFO - Sync 1 DAGs
[2025-08-26T12:54:58.637+0000] {logging_mixin.py:188} INFO - [2025-08-26T12:54:58.637+0000] {dag.py:3823} INFO - Setting next_dagrun for ml_pipeline to None, run_after=None
[2025-08-26T12:54:58.667+0000] {processor.py:183} INFO - Processing /opt/airflow/dags/ml_pipeline.py took 0.130 seconds
[2025-08-26T12:55:28.904+0000] {processor.py:161} INFO - Started process (PID=1098) to work on /opt/airflow/dags/ml_pipeline.py
[2025-08-26T12:55:28.906+0000] {processor.py:830} INFO - Processing file /opt/airflow/dags/ml_pipeline.py for tasks to queue
[2025-08-26T12:55:28.908+0000] {logging_mixin.py:188} INFO - [2025-08-26T12:55:28.907+0000] {dagbag.py:538} INFO - Filling up the DagBag from /opt/airflow/dags/ml_pipeline.py
[2025-08-26T12:55:28.941+0000] {processor.py:840} INFO - DAG(s) 'ml_pipeline' retrieved from /opt/airflow/dags/ml_pipeline.py
[2025-08-26T12:55:29.014+0000] {logging_mixin.py:188} INFO - [2025-08-26T12:55:29.013+0000] {dag.py:3036} INFO - Sync 1 DAGs
[2025-08-26T12:55:29.044+0000] {logging_mixin.py:188} INFO - [2025-08-26T12:55:29.044+0000] {dag.py:3823} INFO - Setting next_dagrun for ml_pipeline to None, run_after=None
[2025-08-26T12:55:29.099+0000] {processor.py:183} INFO - Processing /opt/airflow/dags/ml_pipeline.py took 0.200 seconds
[2025-08-26T12:55:59.335+0000] {processor.py:161} INFO - Started process (PID=1103) to work on /opt/airflow/dags/ml_pipeline.py
[2025-08-26T12:55:59.337+0000] {processor.py:830} INFO - Processing file /opt/airflow/dags/ml_pipeline.py for tasks to queue
[2025-08-26T12:55:59.338+0000] {logging_mixin.py:188} INFO - [2025-08-26T12:55:59.338+0000] {dagbag.py:538} INFO - Filling up the DagBag from /opt/airflow/dags/ml_pipeline.py
[2025-08-26T12:55:59.365+0000] {processor.py:840} INFO - DAG(s) 'ml_pipeline' retrieved from /opt/airflow/dags/ml_pipeline.py
[2025-08-26T12:55:59.400+0000] {logging_mixin.py:188} INFO - [2025-08-26T12:55:59.400+0000] {dag.py:3036} INFO - Sync 1 DAGs
[2025-08-26T12:55:59.415+0000] {logging_mixin.py:188} INFO - [2025-08-26T12:55:59.415+0000] {dag.py:3823} INFO - Setting next_dagrun for ml_pipeline to None, run_after=None
[2025-08-26T12:55:59.443+0000] {processor.py:183} INFO - Processing /opt/airflow/dags/ml_pipeline.py took 0.114 seconds
[2025-08-26T12:56:29.562+0000] {processor.py:161} INFO - Started process (PID=1108) to work on /opt/airflow/dags/ml_pipeline.py
[2025-08-26T12:56:29.564+0000] {processor.py:830} INFO - Processing file /opt/airflow/dags/ml_pipeline.py for tasks to queue
[2025-08-26T12:56:29.566+0000] {logging_mixin.py:188} INFO - [2025-08-26T12:56:29.566+0000] {dagbag.py:538} INFO - Filling up the DagBag from /opt/airflow/dags/ml_pipeline.py
[2025-08-26T12:56:29.596+0000] {processor.py:840} INFO - DAG(s) 'ml_pipeline' retrieved from /opt/airflow/dags/ml_pipeline.py
[2025-08-26T12:56:29.631+0000] {logging_mixin.py:188} INFO - [2025-08-26T12:56:29.631+0000] {dag.py:3036} INFO - Sync 1 DAGs
[2025-08-26T12:56:29.651+0000] {logging_mixin.py:188} INFO - [2025-08-26T12:56:29.651+0000] {dag.py:3823} INFO - Setting next_dagrun for ml_pipeline to None, run_after=None
[2025-08-26T12:56:29.677+0000] {processor.py:183} INFO - Processing /opt/airflow/dags/ml_pipeline.py took 0.120 seconds
[2025-08-26T12:56:59.872+0000] {processor.py:161} INFO - Started process (PID=1113) to work on /opt/airflow/dags/ml_pipeline.py
[2025-08-26T12:56:59.874+0000] {processor.py:830} INFO - Processing file /opt/airflow/dags/ml_pipeline.py for tasks to queue
[2025-08-26T12:56:59.875+0000] {logging_mixin.py:188} INFO - [2025-08-26T12:56:59.875+0000] {dagbag.py:538} INFO - Filling up the DagBag from /opt/airflow/dags/ml_pipeline.py
[2025-08-26T12:56:59.905+0000] {processor.py:840} INFO - DAG(s) 'ml_pipeline' retrieved from /opt/airflow/dags/ml_pipeline.py
[2025-08-26T12:56:59.953+0000] {logging_mixin.py:188} INFO - [2025-08-26T12:56:59.953+0000] {dag.py:3036} INFO - Sync 1 DAGs
[2025-08-26T12:56:59.977+0000] {logging_mixin.py:188} INFO - [2025-08-26T12:56:59.976+0000] {dag.py:3823} INFO - Setting next_dagrun for ml_pipeline to None, run_after=None
[2025-08-26T12:57:00.020+0000] {processor.py:183} INFO - Processing /opt/airflow/dags/ml_pipeline.py took 0.153 seconds
[2025-08-26T12:57:30.155+0000] {processor.py:161} INFO - Started process (PID=1118) to work on /opt/airflow/dags/ml_pipeline.py
[2025-08-26T12:57:30.158+0000] {processor.py:830} INFO - Processing file /opt/airflow/dags/ml_pipeline.py for tasks to queue
[2025-08-26T12:57:30.161+0000] {logging_mixin.py:188} INFO - [2025-08-26T12:57:30.160+0000] {dagbag.py:538} INFO - Filling up the DagBag from /opt/airflow/dags/ml_pipeline.py
[2025-08-26T12:57:30.203+0000] {processor.py:840} INFO - DAG(s) 'ml_pipeline' retrieved from /opt/airflow/dags/ml_pipeline.py
[2025-08-26T12:57:30.254+0000] {logging_mixin.py:188} INFO - [2025-08-26T12:57:30.254+0000] {dag.py:3036} INFO - Sync 1 DAGs
[2025-08-26T12:57:30.273+0000] {logging_mixin.py:188} INFO - [2025-08-26T12:57:30.272+0000] {dag.py:3823} INFO - Setting next_dagrun for ml_pipeline to None, run_after=None
[2025-08-26T12:57:30.303+0000] {processor.py:183} INFO - Processing /opt/airflow/dags/ml_pipeline.py took 0.155 seconds
[2025-08-26T12:58:00.478+0000] {processor.py:161} INFO - Started process (PID=1123) to work on /opt/airflow/dags/ml_pipeline.py
[2025-08-26T12:58:00.480+0000] {processor.py:830} INFO - Processing file /opt/airflow/dags/ml_pipeline.py for tasks to queue
[2025-08-26T12:58:00.481+0000] {logging_mixin.py:188} INFO - [2025-08-26T12:58:00.481+0000] {dagbag.py:538} INFO - Filling up the DagBag from /opt/airflow/dags/ml_pipeline.py
[2025-08-26T12:58:00.513+0000] {processor.py:840} INFO - DAG(s) 'ml_pipeline' retrieved from /opt/airflow/dags/ml_pipeline.py
[2025-08-26T12:58:00.553+0000] {logging_mixin.py:188} INFO - [2025-08-26T12:58:00.553+0000] {dag.py:3036} INFO - Sync 1 DAGs
[2025-08-26T12:58:00.571+0000] {logging_mixin.py:188} INFO - [2025-08-26T12:58:00.571+0000] {dag.py:3823} INFO - Setting next_dagrun for ml_pipeline to None, run_after=None
[2025-08-26T12:58:00.601+0000] {processor.py:183} INFO - Processing /opt/airflow/dags/ml_pipeline.py took 0.128 seconds
[2025-08-26T12:58:30.798+0000] {processor.py:161} INFO - Started process (PID=1128) to work on /opt/airflow/dags/ml_pipeline.py
[2025-08-26T12:58:30.801+0000] {processor.py:830} INFO - Processing file /opt/airflow/dags/ml_pipeline.py for tasks to queue
[2025-08-26T12:58:30.820+0000] {logging_mixin.py:188} INFO - [2025-08-26T12:58:30.819+0000] {dagbag.py:538} INFO - Filling up the DagBag from /opt/airflow/dags/ml_pipeline.py
[2025-08-26T12:58:31.004+0000] {processor.py:840} INFO - DAG(s) 'ml_pipeline' retrieved from /opt/airflow/dags/ml_pipeline.py
[2025-08-26T12:58:31.158+0000] {logging_mixin.py:188} INFO - [2025-08-26T12:58:31.157+0000] {dag.py:3036} INFO - Sync 1 DAGs
[2025-08-26T12:58:31.232+0000] {logging_mixin.py:188} INFO - [2025-08-26T12:58:31.231+0000] {dag.py:3823} INFO - Setting next_dagrun for ml_pipeline to None, run_after=None
[2025-08-26T12:58:31.384+0000] {processor.py:183} INFO - Processing /opt/airflow/dags/ml_pipeline.py took 0.600 seconds
[2025-08-26T12:59:01.794+0000] {processor.py:161} INFO - Started process (PID=1133) to work on /opt/airflow/dags/ml_pipeline.py
[2025-08-26T12:59:01.797+0000] {processor.py:830} INFO - Processing file /opt/airflow/dags/ml_pipeline.py for tasks to queue
[2025-08-26T12:59:01.808+0000] {logging_mixin.py:188} INFO - [2025-08-26T12:59:01.807+0000] {dagbag.py:538} INFO - Filling up the DagBag from /opt/airflow/dags/ml_pipeline.py
[2025-08-26T12:59:01.904+0000] {processor.py:840} INFO - DAG(s) 'ml_pipeline' retrieved from /opt/airflow/dags/ml_pipeline.py
[2025-08-26T12:59:02.054+0000] {logging_mixin.py:188} INFO - [2025-08-26T12:59:02.053+0000] {dag.py:3036} INFO - Sync 1 DAGs
[2025-08-26T12:59:02.131+0000] {logging_mixin.py:188} INFO - [2025-08-26T12:59:02.131+0000] {dag.py:3823} INFO - Setting next_dagrun for ml_pipeline to None, run_after=None
[2025-08-26T12:59:02.253+0000] {processor.py:183} INFO - Processing /opt/airflow/dags/ml_pipeline.py took 0.470 seconds
[2025-08-26T12:59:32.541+0000] {processor.py:161} INFO - Started process (PID=1138) to work on /opt/airflow/dags/ml_pipeline.py
[2025-08-26T12:59:32.543+0000] {processor.py:830} INFO - Processing file /opt/airflow/dags/ml_pipeline.py for tasks to queue
[2025-08-26T12:59:32.545+0000] {logging_mixin.py:188} INFO - [2025-08-26T12:59:32.544+0000] {dagbag.py:538} INFO - Filling up the DagBag from /opt/airflow/dags/ml_pipeline.py
[2025-08-26T12:59:32.595+0000] {processor.py:840} INFO - DAG(s) 'ml_pipeline' retrieved from /opt/airflow/dags/ml_pipeline.py
[2025-08-26T12:59:32.639+0000] {logging_mixin.py:188} INFO - [2025-08-26T12:59:32.638+0000] {dag.py:3036} INFO - Sync 1 DAGs
[2025-08-26T12:59:32.658+0000] {logging_mixin.py:188} INFO - [2025-08-26T12:59:32.657+0000] {dag.py:3823} INFO - Setting next_dagrun for ml_pipeline to None, run_after=None
[2025-08-26T12:59:32.689+0000] {processor.py:183} INFO - Processing /opt/airflow/dags/ml_pipeline.py took 0.161 seconds
[2025-08-26T13:00:02.798+0000] {processor.py:161} INFO - Started process (PID=1143) to work on /opt/airflow/dags/ml_pipeline.py
[2025-08-26T13:00:02.799+0000] {processor.py:830} INFO - Processing file /opt/airflow/dags/ml_pipeline.py for tasks to queue
[2025-08-26T13:00:02.801+0000] {logging_mixin.py:188} INFO - [2025-08-26T13:00:02.801+0000] {dagbag.py:538} INFO - Filling up the DagBag from /opt/airflow/dags/ml_pipeline.py
[2025-08-26T13:00:02.842+0000] {processor.py:840} INFO - DAG(s) 'ml_pipeline' retrieved from /opt/airflow/dags/ml_pipeline.py
[2025-08-26T13:00:02.890+0000] {logging_mixin.py:188} INFO - [2025-08-26T13:00:02.890+0000] {dag.py:3036} INFO - Sync 1 DAGs
[2025-08-26T13:00:02.913+0000] {logging_mixin.py:188} INFO - [2025-08-26T13:00:02.913+0000] {dag.py:3823} INFO - Setting next_dagrun for ml_pipeline to None, run_after=None
[2025-08-26T13:00:02.939+0000] {processor.py:183} INFO - Processing /opt/airflow/dags/ml_pipeline.py took 0.148 seconds
[2025-08-26T13:00:33.249+0000] {processor.py:161} INFO - Started process (PID=1148) to work on /opt/airflow/dags/ml_pipeline.py
[2025-08-26T13:00:33.250+0000] {processor.py:830} INFO - Processing file /opt/airflow/dags/ml_pipeline.py for tasks to queue
[2025-08-26T13:00:33.251+0000] {logging_mixin.py:188} INFO - [2025-08-26T13:00:33.251+0000] {dagbag.py:538} INFO - Filling up the DagBag from /opt/airflow/dags/ml_pipeline.py
[2025-08-26T13:00:33.282+0000] {processor.py:840} INFO - DAG(s) 'ml_pipeline' retrieved from /opt/airflow/dags/ml_pipeline.py
[2025-08-26T13:00:33.340+0000] {logging_mixin.py:188} INFO - [2025-08-26T13:00:33.339+0000] {dag.py:3036} INFO - Sync 1 DAGs
[2025-08-26T13:00:33.357+0000] {logging_mixin.py:188} INFO - [2025-08-26T13:00:33.357+0000] {dag.py:3823} INFO - Setting next_dagrun for ml_pipeline to None, run_after=None
[2025-08-26T13:00:33.387+0000] {processor.py:183} INFO - Processing /opt/airflow/dags/ml_pipeline.py took 0.143 seconds
[2025-08-26T13:01:03.481+0000] {processor.py:161} INFO - Started process (PID=1153) to work on /opt/airflow/dags/ml_pipeline.py
[2025-08-26T13:01:03.483+0000] {processor.py:830} INFO - Processing file /opt/airflow/dags/ml_pipeline.py for tasks to queue
[2025-08-26T13:01:03.484+0000] {logging_mixin.py:188} INFO - [2025-08-26T13:01:03.484+0000] {dagbag.py:538} INFO - Filling up the DagBag from /opt/airflow/dags/ml_pipeline.py
[2025-08-26T13:01:03.510+0000] {processor.py:840} INFO - DAG(s) 'ml_pipeline' retrieved from /opt/airflow/dags/ml_pipeline.py
[2025-08-26T13:01:03.553+0000] {logging_mixin.py:188} INFO - [2025-08-26T13:01:03.552+0000] {dag.py:3036} INFO - Sync 1 DAGs
[2025-08-26T13:01:03.569+0000] {logging_mixin.py:188} INFO - [2025-08-26T13:01:03.569+0000] {dag.py:3823} INFO - Setting next_dagrun for ml_pipeline to None, run_after=None
[2025-08-26T13:01:03.597+0000] {processor.py:183} INFO - Processing /opt/airflow/dags/ml_pipeline.py took 0.121 seconds
[2025-08-26T13:01:33.953+0000] {processor.py:161} INFO - Started process (PID=1158) to work on /opt/airflow/dags/ml_pipeline.py
[2025-08-26T13:01:33.956+0000] {processor.py:830} INFO - Processing file /opt/airflow/dags/ml_pipeline.py for tasks to queue
[2025-08-26T13:01:33.958+0000] {logging_mixin.py:188} INFO - [2025-08-26T13:01:33.957+0000] {dagbag.py:538} INFO - Filling up the DagBag from /opt/airflow/dags/ml_pipeline.py
[2025-08-26T13:01:33.985+0000] {processor.py:840} INFO - DAG(s) 'ml_pipeline' retrieved from /opt/airflow/dags/ml_pipeline.py
[2025-08-26T13:01:34.031+0000] {logging_mixin.py:188} INFO - [2025-08-26T13:01:34.031+0000] {dag.py:3036} INFO - Sync 1 DAGs
[2025-08-26T13:01:34.048+0000] {logging_mixin.py:188} INFO - [2025-08-26T13:01:34.047+0000] {dag.py:3823} INFO - Setting next_dagrun for ml_pipeline to None, run_after=None
[2025-08-26T13:01:34.077+0000] {processor.py:183} INFO - Processing /opt/airflow/dags/ml_pipeline.py took 0.130 seconds
[2025-08-26T13:02:04.296+0000] {processor.py:161} INFO - Started process (PID=1163) to work on /opt/airflow/dags/ml_pipeline.py
[2025-08-26T13:02:04.298+0000] {processor.py:830} INFO - Processing file /opt/airflow/dags/ml_pipeline.py for tasks to queue
[2025-08-26T13:02:04.301+0000] {logging_mixin.py:188} INFO - [2025-08-26T13:02:04.300+0000] {dagbag.py:538} INFO - Filling up the DagBag from /opt/airflow/dags/ml_pipeline.py
[2025-08-26T13:02:04.333+0000] {processor.py:840} INFO - DAG(s) 'ml_pipeline' retrieved from /opt/airflow/dags/ml_pipeline.py
[2025-08-26T13:02:04.392+0000] {logging_mixin.py:188} INFO - [2025-08-26T13:02:04.392+0000] {dag.py:3036} INFO - Sync 1 DAGs
[2025-08-26T13:02:04.413+0000] {logging_mixin.py:188} INFO - [2025-08-26T13:02:04.413+0000] {dag.py:3823} INFO - Setting next_dagrun for ml_pipeline to None, run_after=None
[2025-08-26T13:02:04.446+0000] {processor.py:183} INFO - Processing /opt/airflow/dags/ml_pipeline.py took 0.156 seconds
[2025-08-26T13:02:34.518+0000] {processor.py:161} INFO - Started process (PID=1168) to work on /opt/airflow/dags/ml_pipeline.py
[2025-08-26T13:02:34.520+0000] {processor.py:830} INFO - Processing file /opt/airflow/dags/ml_pipeline.py for tasks to queue
[2025-08-26T13:02:34.522+0000] {logging_mixin.py:188} INFO - [2025-08-26T13:02:34.521+0000] {dagbag.py:538} INFO - Filling up the DagBag from /opt/airflow/dags/ml_pipeline.py
[2025-08-26T13:02:34.558+0000] {processor.py:840} INFO - DAG(s) 'ml_pipeline' retrieved from /opt/airflow/dags/ml_pipeline.py
[2025-08-26T13:02:34.600+0000] {logging_mixin.py:188} INFO - [2025-08-26T13:02:34.600+0000] {dag.py:3036} INFO - Sync 1 DAGs
[2025-08-26T13:02:34.617+0000] {logging_mixin.py:188} INFO - [2025-08-26T13:02:34.617+0000] {dag.py:3823} INFO - Setting next_dagrun for ml_pipeline to None, run_after=None
[2025-08-26T13:02:34.658+0000] {processor.py:183} INFO - Processing /opt/airflow/dags/ml_pipeline.py took 0.147 seconds
[2025-08-26T13:03:04.862+0000] {processor.py:161} INFO - Started process (PID=1173) to work on /opt/airflow/dags/ml_pipeline.py
[2025-08-26T13:03:04.863+0000] {processor.py:830} INFO - Processing file /opt/airflow/dags/ml_pipeline.py for tasks to queue
[2025-08-26T13:03:04.865+0000] {logging_mixin.py:188} INFO - [2025-08-26T13:03:04.864+0000] {dagbag.py:538} INFO - Filling up the DagBag from /opt/airflow/dags/ml_pipeline.py
[2025-08-26T13:03:04.907+0000] {processor.py:840} INFO - DAG(s) 'ml_pipeline' retrieved from /opt/airflow/dags/ml_pipeline.py
[2025-08-26T13:03:04.981+0000] {logging_mixin.py:188} INFO - [2025-08-26T13:03:04.980+0000] {dag.py:3036} INFO - Sync 1 DAGs
[2025-08-26T13:03:05.022+0000] {logging_mixin.py:188} INFO - [2025-08-26T13:03:05.022+0000] {dag.py:3823} INFO - Setting next_dagrun for ml_pipeline to None, run_after=None
[2025-08-26T13:03:05.114+0000] {processor.py:183} INFO - Processing /opt/airflow/dags/ml_pipeline.py took 0.256 seconds
[2025-08-26T13:03:35.482+0000] {processor.py:161} INFO - Started process (PID=1178) to work on /opt/airflow/dags/ml_pipeline.py
[2025-08-26T13:03:35.486+0000] {processor.py:830} INFO - Processing file /opt/airflow/dags/ml_pipeline.py for tasks to queue
[2025-08-26T13:03:35.488+0000] {logging_mixin.py:188} INFO - [2025-08-26T13:03:35.488+0000] {dagbag.py:538} INFO - Filling up the DagBag from /opt/airflow/dags/ml_pipeline.py
[2025-08-26T13:03:35.675+0000] {processor.py:840} INFO - DAG(s) 'ml_pipeline' retrieved from /opt/airflow/dags/ml_pipeline.py
[2025-08-26T13:03:35.805+0000] {logging_mixin.py:188} INFO - [2025-08-26T13:03:35.805+0000] {dag.py:3036} INFO - Sync 1 DAGs
[2025-08-26T13:03:35.877+0000] {logging_mixin.py:188} INFO - [2025-08-26T13:03:35.876+0000] {dag.py:3823} INFO - Setting next_dagrun for ml_pipeline to None, run_after=None
[2025-08-26T13:03:35.995+0000] {processor.py:183} INFO - Processing /opt/airflow/dags/ml_pipeline.py took 0.526 seconds
[2025-08-26T13:04:06.373+0000] {processor.py:161} INFO - Started process (PID=1183) to work on /opt/airflow/dags/ml_pipeline.py
[2025-08-26T13:04:06.377+0000] {processor.py:830} INFO - Processing file /opt/airflow/dags/ml_pipeline.py for tasks to queue
[2025-08-26T13:04:06.379+0000] {logging_mixin.py:188} INFO - [2025-08-26T13:04:06.378+0000] {dagbag.py:538} INFO - Filling up the DagBag from /opt/airflow/dags/ml_pipeline.py
[2025-08-26T13:04:06.416+0000] {processor.py:840} INFO - DAG(s) 'ml_pipeline' retrieved from /opt/airflow/dags/ml_pipeline.py
[2025-08-26T13:04:06.464+0000] {logging_mixin.py:188} INFO - [2025-08-26T13:04:06.464+0000] {dag.py:3036} INFO - Sync 1 DAGs
[2025-08-26T13:04:06.487+0000] {logging_mixin.py:188} INFO - [2025-08-26T13:04:06.487+0000] {dag.py:3823} INFO - Setting next_dagrun for ml_pipeline to None, run_after=None
[2025-08-26T13:04:06.516+0000] {processor.py:183} INFO - Processing /opt/airflow/dags/ml_pipeline.py took 0.150 seconds
[2025-08-26T13:04:36.601+0000] {processor.py:161} INFO - Started process (PID=1188) to work on /opt/airflow/dags/ml_pipeline.py
[2025-08-26T13:04:36.606+0000] {processor.py:830} INFO - Processing file /opt/airflow/dags/ml_pipeline.py for tasks to queue
[2025-08-26T13:04:36.608+0000] {logging_mixin.py:188} INFO - [2025-08-26T13:04:36.607+0000] {dagbag.py:538} INFO - Filling up the DagBag from /opt/airflow/dags/ml_pipeline.py
[2025-08-26T13:04:36.643+0000] {processor.py:840} INFO - DAG(s) 'ml_pipeline' retrieved from /opt/airflow/dags/ml_pipeline.py
[2025-08-26T13:04:36.692+0000] {logging_mixin.py:188} INFO - [2025-08-26T13:04:36.692+0000] {dag.py:3036} INFO - Sync 1 DAGs
[2025-08-26T13:04:36.711+0000] {logging_mixin.py:188} INFO - [2025-08-26T13:04:36.710+0000] {dag.py:3823} INFO - Setting next_dagrun for ml_pipeline to None, run_after=None
[2025-08-26T13:04:36.748+0000] {processor.py:183} INFO - Processing /opt/airflow/dags/ml_pipeline.py took 0.156 seconds
[2025-08-26T13:05:06.975+0000] {processor.py:161} INFO - Started process (PID=1193) to work on /opt/airflow/dags/ml_pipeline.py
[2025-08-26T13:05:06.977+0000] {processor.py:830} INFO - Processing file /opt/airflow/dags/ml_pipeline.py for tasks to queue
[2025-08-26T13:05:06.982+0000] {logging_mixin.py:188} INFO - [2025-08-26T13:05:06.982+0000] {dagbag.py:538} INFO - Filling up the DagBag from /opt/airflow/dags/ml_pipeline.py
[2025-08-26T13:05:07.015+0000] {processor.py:840} INFO - DAG(s) 'ml_pipeline' retrieved from /opt/airflow/dags/ml_pipeline.py
[2025-08-26T13:05:07.055+0000] {logging_mixin.py:188} INFO - [2025-08-26T13:05:07.055+0000] {dag.py:3036} INFO - Sync 1 DAGs
[2025-08-26T13:05:07.075+0000] {logging_mixin.py:188} INFO - [2025-08-26T13:05:07.075+0000] {dag.py:3823} INFO - Setting next_dagrun for ml_pipeline to None, run_after=None
[2025-08-26T13:05:07.107+0000] {processor.py:183} INFO - Processing /opt/airflow/dags/ml_pipeline.py took 0.137 seconds
[2025-08-26T13:05:37.219+0000] {processor.py:161} INFO - Started process (PID=1198) to work on /opt/airflow/dags/ml_pipeline.py
[2025-08-26T13:05:37.221+0000] {processor.py:830} INFO - Processing file /opt/airflow/dags/ml_pipeline.py for tasks to queue
[2025-08-26T13:05:37.223+0000] {logging_mixin.py:188} INFO - [2025-08-26T13:05:37.222+0000] {dagbag.py:538} INFO - Filling up the DagBag from /opt/airflow/dags/ml_pipeline.py
[2025-08-26T13:05:37.263+0000] {processor.py:840} INFO - DAG(s) 'ml_pipeline' retrieved from /opt/airflow/dags/ml_pipeline.py
[2025-08-26T13:05:37.327+0000] {logging_mixin.py:188} INFO - [2025-08-26T13:05:37.327+0000] {dag.py:3036} INFO - Sync 1 DAGs
[2025-08-26T13:05:37.354+0000] {logging_mixin.py:188} INFO - [2025-08-26T13:05:37.353+0000] {dag.py:3823} INFO - Setting next_dagrun for ml_pipeline to None, run_after=None
[2025-08-26T13:05:37.393+0000] {processor.py:183} INFO - Processing /opt/airflow/dags/ml_pipeline.py took 0.181 seconds
[2025-08-26T13:06:07.603+0000] {processor.py:161} INFO - Started process (PID=1203) to work on /opt/airflow/dags/ml_pipeline.py
[2025-08-26T13:06:07.604+0000] {processor.py:830} INFO - Processing file /opt/airflow/dags/ml_pipeline.py for tasks to queue
[2025-08-26T13:06:07.607+0000] {logging_mixin.py:188} INFO - [2025-08-26T13:06:07.606+0000] {dagbag.py:538} INFO - Filling up the DagBag from /opt/airflow/dags/ml_pipeline.py
[2025-08-26T13:06:07.649+0000] {processor.py:840} INFO - DAG(s) 'ml_pipeline' retrieved from /opt/airflow/dags/ml_pipeline.py
[2025-08-26T13:06:07.703+0000] {logging_mixin.py:188} INFO - [2025-08-26T13:06:07.703+0000] {dag.py:3036} INFO - Sync 1 DAGs
[2025-08-26T13:06:07.722+0000] {logging_mixin.py:188} INFO - [2025-08-26T13:06:07.722+0000] {dag.py:3823} INFO - Setting next_dagrun for ml_pipeline to None, run_after=None
[2025-08-26T13:06:07.754+0000] {processor.py:183} INFO - Processing /opt/airflow/dags/ml_pipeline.py took 0.161 seconds
[2025-08-26T13:06:37.852+0000] {processor.py:161} INFO - Started process (PID=1208) to work on /opt/airflow/dags/ml_pipeline.py
[2025-08-26T13:06:37.854+0000] {processor.py:830} INFO - Processing file /opt/airflow/dags/ml_pipeline.py for tasks to queue
[2025-08-26T13:06:37.855+0000] {logging_mixin.py:188} INFO - [2025-08-26T13:06:37.855+0000] {dagbag.py:538} INFO - Filling up the DagBag from /opt/airflow/dags/ml_pipeline.py
[2025-08-26T13:06:37.899+0000] {processor.py:840} INFO - DAG(s) 'ml_pipeline' retrieved from /opt/airflow/dags/ml_pipeline.py
[2025-08-26T13:06:37.948+0000] {logging_mixin.py:188} INFO - [2025-08-26T13:06:37.947+0000] {dag.py:3036} INFO - Sync 1 DAGs
[2025-08-26T13:06:37.975+0000] {logging_mixin.py:188} INFO - [2025-08-26T13:06:37.974+0000] {dag.py:3823} INFO - Setting next_dagrun for ml_pipeline to None, run_after=None
[2025-08-26T13:06:38.021+0000] {processor.py:183} INFO - Processing /opt/airflow/dags/ml_pipeline.py took 0.173 seconds
[2025-08-26T13:07:08.380+0000] {processor.py:161} INFO - Started process (PID=1213) to work on /opt/airflow/dags/ml_pipeline.py
[2025-08-26T13:07:08.382+0000] {processor.py:830} INFO - Processing file /opt/airflow/dags/ml_pipeline.py for tasks to queue
[2025-08-26T13:07:08.384+0000] {logging_mixin.py:188} INFO - [2025-08-26T13:07:08.383+0000] {dagbag.py:538} INFO - Filling up the DagBag from /opt/airflow/dags/ml_pipeline.py
[2025-08-26T13:07:08.439+0000] {processor.py:840} INFO - DAG(s) 'ml_pipeline' retrieved from /opt/airflow/dags/ml_pipeline.py
[2025-08-26T13:07:08.481+0000] {logging_mixin.py:188} INFO - [2025-08-26T13:07:08.481+0000] {dag.py:3036} INFO - Sync 1 DAGs
[2025-08-26T13:07:08.500+0000] {logging_mixin.py:188} INFO - [2025-08-26T13:07:08.499+0000] {dag.py:3823} INFO - Setting next_dagrun for ml_pipeline to None, run_after=None
[2025-08-26T13:07:08.528+0000] {processor.py:183} INFO - Processing /opt/airflow/dags/ml_pipeline.py took 0.155 seconds
[2025-08-26T13:07:38.787+0000] {processor.py:161} INFO - Started process (PID=1218) to work on /opt/airflow/dags/ml_pipeline.py
[2025-08-26T13:07:38.789+0000] {processor.py:830} INFO - Processing file /opt/airflow/dags/ml_pipeline.py for tasks to queue
[2025-08-26T13:07:38.791+0000] {logging_mixin.py:188} INFO - [2025-08-26T13:07:38.790+0000] {dagbag.py:538} INFO - Filling up the DagBag from /opt/airflow/dags/ml_pipeline.py
[2025-08-26T13:07:38.835+0000] {processor.py:840} INFO - DAG(s) 'ml_pipeline' retrieved from /opt/airflow/dags/ml_pipeline.py
[2025-08-26T13:07:38.883+0000] {logging_mixin.py:188} INFO - [2025-08-26T13:07:38.883+0000] {dag.py:3036} INFO - Sync 1 DAGs
[2025-08-26T13:07:38.909+0000] {logging_mixin.py:188} INFO - [2025-08-26T13:07:38.909+0000] {dag.py:3823} INFO - Setting next_dagrun for ml_pipeline to None, run_after=None
[2025-08-26T13:07:38.959+0000] {processor.py:183} INFO - Processing /opt/airflow/dags/ml_pipeline.py took 0.179 seconds
[2025-08-26T13:08:09.209+0000] {processor.py:161} INFO - Started process (PID=1223) to work on /opt/airflow/dags/ml_pipeline.py
[2025-08-26T13:08:09.210+0000] {processor.py:830} INFO - Processing file /opt/airflow/dags/ml_pipeline.py for tasks to queue
[2025-08-26T13:08:09.212+0000] {logging_mixin.py:188} INFO - [2025-08-26T13:08:09.212+0000] {dagbag.py:538} INFO - Filling up the DagBag from /opt/airflow/dags/ml_pipeline.py
[2025-08-26T13:08:09.247+0000] {processor.py:840} INFO - DAG(s) 'ml_pipeline' retrieved from /opt/airflow/dags/ml_pipeline.py
[2025-08-26T13:08:09.290+0000] {logging_mixin.py:188} INFO - [2025-08-26T13:08:09.289+0000] {dag.py:3036} INFO - Sync 1 DAGs
[2025-08-26T13:08:09.313+0000] {logging_mixin.py:188} INFO - [2025-08-26T13:08:09.312+0000] {dag.py:3823} INFO - Setting next_dagrun for ml_pipeline to None, run_after=None
[2025-08-26T13:08:09.342+0000] {processor.py:183} INFO - Processing /opt/airflow/dags/ml_pipeline.py took 0.138 seconds
[2025-08-26T13:08:39.407+0000] {processor.py:161} INFO - Started process (PID=1228) to work on /opt/airflow/dags/ml_pipeline.py
[2025-08-26T13:08:39.408+0000] {processor.py:830} INFO - Processing file /opt/airflow/dags/ml_pipeline.py for tasks to queue
[2025-08-26T13:08:39.410+0000] {logging_mixin.py:188} INFO - [2025-08-26T13:08:39.409+0000] {dagbag.py:538} INFO - Filling up the DagBag from /opt/airflow/dags/ml_pipeline.py
[2025-08-26T13:08:39.438+0000] {processor.py:840} INFO - DAG(s) 'ml_pipeline' retrieved from /opt/airflow/dags/ml_pipeline.py
[2025-08-26T13:08:39.484+0000] {logging_mixin.py:188} INFO - [2025-08-26T13:08:39.484+0000] {dag.py:3036} INFO - Sync 1 DAGs
[2025-08-26T13:08:39.505+0000] {logging_mixin.py:188} INFO - [2025-08-26T13:08:39.504+0000] {dag.py:3823} INFO - Setting next_dagrun for ml_pipeline to None, run_after=None
[2025-08-26T13:08:39.534+0000] {processor.py:183} INFO - Processing /opt/airflow/dags/ml_pipeline.py took 0.131 seconds
[2025-08-26T13:09:09.738+0000] {processor.py:161} INFO - Started process (PID=1233) to work on /opt/airflow/dags/ml_pipeline.py
[2025-08-26T13:09:09.740+0000] {processor.py:830} INFO - Processing file /opt/airflow/dags/ml_pipeline.py for tasks to queue
[2025-08-26T13:09:09.741+0000] {logging_mixin.py:188} INFO - [2025-08-26T13:09:09.741+0000] {dagbag.py:538} INFO - Filling up the DagBag from /opt/airflow/dags/ml_pipeline.py
[2025-08-26T13:09:09.772+0000] {processor.py:840} INFO - DAG(s) 'ml_pipeline' retrieved from /opt/airflow/dags/ml_pipeline.py
[2025-08-26T13:09:09.806+0000] {logging_mixin.py:188} INFO - [2025-08-26T13:09:09.805+0000] {dag.py:3036} INFO - Sync 1 DAGs
[2025-08-26T13:09:09.825+0000] {logging_mixin.py:188} INFO - [2025-08-26T13:09:09.824+0000] {dag.py:3823} INFO - Setting next_dagrun for ml_pipeline to None, run_after=None
[2025-08-26T13:09:09.854+0000] {processor.py:183} INFO - Processing /opt/airflow/dags/ml_pipeline.py took 0.120 seconds
[2025-08-26T13:09:39.962+0000] {processor.py:161} INFO - Started process (PID=1238) to work on /opt/airflow/dags/ml_pipeline.py
[2025-08-26T13:09:39.963+0000] {processor.py:830} INFO - Processing file /opt/airflow/dags/ml_pipeline.py for tasks to queue
[2025-08-26T13:09:39.965+0000] {logging_mixin.py:188} INFO - [2025-08-26T13:09:39.964+0000] {dagbag.py:538} INFO - Filling up the DagBag from /opt/airflow/dags/ml_pipeline.py
[2025-08-26T13:09:39.991+0000] {processor.py:840} INFO - DAG(s) 'ml_pipeline' retrieved from /opt/airflow/dags/ml_pipeline.py
[2025-08-26T13:09:40.032+0000] {logging_mixin.py:188} INFO - [2025-08-26T13:09:40.032+0000] {dag.py:3036} INFO - Sync 1 DAGs
[2025-08-26T13:09:40.051+0000] {logging_mixin.py:188} INFO - [2025-08-26T13:09:40.050+0000] {dag.py:3823} INFO - Setting next_dagrun for ml_pipeline to None, run_after=None
[2025-08-26T13:09:40.078+0000] {processor.py:183} INFO - Processing /opt/airflow/dags/ml_pipeline.py took 0.121 seconds
[2025-08-26T13:10:10.258+0000] {processor.py:161} INFO - Started process (PID=1243) to work on /opt/airflow/dags/ml_pipeline.py
[2025-08-26T13:10:10.259+0000] {processor.py:830} INFO - Processing file /opt/airflow/dags/ml_pipeline.py for tasks to queue
[2025-08-26T13:10:10.261+0000] {logging_mixin.py:188} INFO - [2025-08-26T13:10:10.260+0000] {dagbag.py:538} INFO - Filling up the DagBag from /opt/airflow/dags/ml_pipeline.py
[2025-08-26T13:10:10.287+0000] {processor.py:840} INFO - DAG(s) 'ml_pipeline' retrieved from /opt/airflow/dags/ml_pipeline.py
[2025-08-26T13:10:10.325+0000] {logging_mixin.py:188} INFO - [2025-08-26T13:10:10.325+0000] {dag.py:3036} INFO - Sync 1 DAGs
[2025-08-26T13:10:10.344+0000] {logging_mixin.py:188} INFO - [2025-08-26T13:10:10.344+0000] {dag.py:3823} INFO - Setting next_dagrun for ml_pipeline to None, run_after=None
[2025-08-26T13:10:10.378+0000] {processor.py:183} INFO - Processing /opt/airflow/dags/ml_pipeline.py took 0.124 seconds
[2025-08-26T13:10:40.485+0000] {processor.py:161} INFO - Started process (PID=1248) to work on /opt/airflow/dags/ml_pipeline.py
[2025-08-26T13:10:40.486+0000] {processor.py:830} INFO - Processing file /opt/airflow/dags/ml_pipeline.py for tasks to queue
[2025-08-26T13:10:40.487+0000] {logging_mixin.py:188} INFO - [2025-08-26T13:10:40.487+0000] {dagbag.py:538} INFO - Filling up the DagBag from /opt/airflow/dags/ml_pipeline.py
[2025-08-26T13:10:40.512+0000] {processor.py:840} INFO - DAG(s) 'ml_pipeline' retrieved from /opt/airflow/dags/ml_pipeline.py
[2025-08-26T13:10:40.548+0000] {logging_mixin.py:188} INFO - [2025-08-26T13:10:40.548+0000] {dag.py:3036} INFO - Sync 1 DAGs
[2025-08-26T13:10:40.563+0000] {logging_mixin.py:188} INFO - [2025-08-26T13:10:40.562+0000] {dag.py:3823} INFO - Setting next_dagrun for ml_pipeline to None, run_after=None
[2025-08-26T13:10:40.587+0000] {processor.py:183} INFO - Processing /opt/airflow/dags/ml_pipeline.py took 0.107 seconds
[2025-08-26T13:11:10.792+0000] {processor.py:161} INFO - Started process (PID=1253) to work on /opt/airflow/dags/ml_pipeline.py
[2025-08-26T13:11:10.794+0000] {processor.py:830} INFO - Processing file /opt/airflow/dags/ml_pipeline.py for tasks to queue
[2025-08-26T13:11:10.795+0000] {logging_mixin.py:188} INFO - [2025-08-26T13:11:10.795+0000] {dagbag.py:538} INFO - Filling up the DagBag from /opt/airflow/dags/ml_pipeline.py
[2025-08-26T13:11:10.821+0000] {processor.py:840} INFO - DAG(s) 'ml_pipeline' retrieved from /opt/airflow/dags/ml_pipeline.py
[2025-08-26T13:11:10.855+0000] {logging_mixin.py:188} INFO - [2025-08-26T13:11:10.855+0000] {dag.py:3036} INFO - Sync 1 DAGs
[2025-08-26T13:11:10.871+0000] {logging_mixin.py:188} INFO - [2025-08-26T13:11:10.871+0000] {dag.py:3823} INFO - Setting next_dagrun for ml_pipeline to None, run_after=None
[2025-08-26T13:11:10.898+0000] {processor.py:183} INFO - Processing /opt/airflow/dags/ml_pipeline.py took 0.109 seconds
[2025-08-26T13:11:41.017+0000] {processor.py:161} INFO - Started process (PID=1258) to work on /opt/airflow/dags/ml_pipeline.py
[2025-08-26T13:11:41.020+0000] {processor.py:830} INFO - Processing file /opt/airflow/dags/ml_pipeline.py for tasks to queue
[2025-08-26T13:11:41.022+0000] {logging_mixin.py:188} INFO - [2025-08-26T13:11:41.022+0000] {dagbag.py:538} INFO - Filling up the DagBag from /opt/airflow/dags/ml_pipeline.py
[2025-08-26T13:11:41.062+0000] {processor.py:840} INFO - DAG(s) 'ml_pipeline' retrieved from /opt/airflow/dags/ml_pipeline.py
[2025-08-26T13:11:41.121+0000] {logging_mixin.py:188} INFO - [2025-08-26T13:11:41.121+0000] {dag.py:3036} INFO - Sync 1 DAGs
[2025-08-26T13:11:41.139+0000] {logging_mixin.py:188} INFO - [2025-08-26T13:11:41.138+0000] {dag.py:3823} INFO - Setting next_dagrun for ml_pipeline to None, run_after=None
[2025-08-26T13:11:41.167+0000] {processor.py:183} INFO - Processing /opt/airflow/dags/ml_pipeline.py took 0.156 seconds
[2025-08-26T13:12:11.357+0000] {processor.py:161} INFO - Started process (PID=1263) to work on /opt/airflow/dags/ml_pipeline.py
[2025-08-26T13:12:11.358+0000] {processor.py:830} INFO - Processing file /opt/airflow/dags/ml_pipeline.py for tasks to queue
[2025-08-26T13:12:11.360+0000] {logging_mixin.py:188} INFO - [2025-08-26T13:12:11.359+0000] {dagbag.py:538} INFO - Filling up the DagBag from /opt/airflow/dags/ml_pipeline.py
[2025-08-26T13:12:11.386+0000] {processor.py:840} INFO - DAG(s) 'ml_pipeline' retrieved from /opt/airflow/dags/ml_pipeline.py
[2025-08-26T13:12:11.422+0000] {logging_mixin.py:188} INFO - [2025-08-26T13:12:11.422+0000] {dag.py:3036} INFO - Sync 1 DAGs
[2025-08-26T13:12:11.438+0000] {logging_mixin.py:188} INFO - [2025-08-26T13:12:11.437+0000] {dag.py:3823} INFO - Setting next_dagrun for ml_pipeline to None, run_after=None
[2025-08-26T13:12:11.465+0000] {processor.py:183} INFO - Processing /opt/airflow/dags/ml_pipeline.py took 0.113 seconds
[2025-08-26T13:12:41.608+0000] {processor.py:161} INFO - Started process (PID=1268) to work on /opt/airflow/dags/ml_pipeline.py
[2025-08-26T13:12:41.610+0000] {processor.py:830} INFO - Processing file /opt/airflow/dags/ml_pipeline.py for tasks to queue
[2025-08-26T13:12:41.613+0000] {logging_mixin.py:188} INFO - [2025-08-26T13:12:41.612+0000] {dagbag.py:538} INFO - Filling up the DagBag from /opt/airflow/dags/ml_pipeline.py
[2025-08-26T13:12:41.646+0000] {processor.py:840} INFO - DAG(s) 'ml_pipeline' retrieved from /opt/airflow/dags/ml_pipeline.py
[2025-08-26T13:12:41.693+0000] {logging_mixin.py:188} INFO - [2025-08-26T13:12:41.693+0000] {dag.py:3036} INFO - Sync 1 DAGs
[2025-08-26T13:12:41.718+0000] {logging_mixin.py:188} INFO - [2025-08-26T13:12:41.718+0000] {dag.py:3823} INFO - Setting next_dagrun for ml_pipeline to None, run_after=None
[2025-08-26T13:12:41.758+0000] {processor.py:183} INFO - Processing /opt/airflow/dags/ml_pipeline.py took 0.156 seconds
[2025-08-26T13:13:11.938+0000] {processor.py:161} INFO - Started process (PID=1273) to work on /opt/airflow/dags/ml_pipeline.py
[2025-08-26T13:13:11.939+0000] {processor.py:830} INFO - Processing file /opt/airflow/dags/ml_pipeline.py for tasks to queue
[2025-08-26T13:13:11.941+0000] {logging_mixin.py:188} INFO - [2025-08-26T13:13:11.940+0000] {dagbag.py:538} INFO - Filling up the DagBag from /opt/airflow/dags/ml_pipeline.py
[2025-08-26T13:13:11.970+0000] {processor.py:840} INFO - DAG(s) 'ml_pipeline' retrieved from /opt/airflow/dags/ml_pipeline.py
[2025-08-26T13:13:12.025+0000] {logging_mixin.py:188} INFO - [2025-08-26T13:13:12.025+0000] {dag.py:3036} INFO - Sync 1 DAGs
[2025-08-26T13:13:12.080+0000] {logging_mixin.py:188} INFO - [2025-08-26T13:13:12.079+0000] {dag.py:3823} INFO - Setting next_dagrun for ml_pipeline to None, run_after=None
[2025-08-26T13:13:12.128+0000] {processor.py:183} INFO - Processing /opt/airflow/dags/ml_pipeline.py took 0.196 seconds
[2025-08-26T13:13:42.369+0000] {processor.py:161} INFO - Started process (PID=1278) to work on /opt/airflow/dags/ml_pipeline.py
[2025-08-26T13:13:42.371+0000] {processor.py:830} INFO - Processing file /opt/airflow/dags/ml_pipeline.py for tasks to queue
[2025-08-26T13:13:42.373+0000] {logging_mixin.py:188} INFO - [2025-08-26T13:13:42.373+0000] {dagbag.py:538} INFO - Filling up the DagBag from /opt/airflow/dags/ml_pipeline.py
[2025-08-26T13:13:42.409+0000] {processor.py:840} INFO - DAG(s) 'ml_pipeline' retrieved from /opt/airflow/dags/ml_pipeline.py
[2025-08-26T13:13:42.450+0000] {logging_mixin.py:188} INFO - [2025-08-26T13:13:42.449+0000] {dag.py:3036} INFO - Sync 1 DAGs
[2025-08-26T13:13:42.469+0000] {logging_mixin.py:188} INFO - [2025-08-26T13:13:42.469+0000] {dag.py:3823} INFO - Setting next_dagrun for ml_pipeline to None, run_after=None
[2025-08-26T13:13:42.499+0000] {processor.py:183} INFO - Processing /opt/airflow/dags/ml_pipeline.py took 0.137 seconds
[2025-08-26T13:14:12.653+0000] {processor.py:161} INFO - Started process (PID=1283) to work on /opt/airflow/dags/ml_pipeline.py
[2025-08-26T13:14:12.655+0000] {processor.py:830} INFO - Processing file /opt/airflow/dags/ml_pipeline.py for tasks to queue
[2025-08-26T13:14:12.657+0000] {logging_mixin.py:188} INFO - [2025-08-26T13:14:12.657+0000] {dagbag.py:538} INFO - Filling up the DagBag from /opt/airflow/dags/ml_pipeline.py
[2025-08-26T13:14:12.703+0000] {processor.py:840} INFO - DAG(s) 'ml_pipeline' retrieved from /opt/airflow/dags/ml_pipeline.py
[2025-08-26T13:14:12.763+0000] {logging_mixin.py:188} INFO - [2025-08-26T13:14:12.763+0000] {dag.py:3036} INFO - Sync 1 DAGs
[2025-08-26T13:14:12.793+0000] {logging_mixin.py:188} INFO - [2025-08-26T13:14:12.792+0000] {dag.py:3823} INFO - Setting next_dagrun for ml_pipeline to None, run_after=None
[2025-08-26T13:14:12.841+0000] {processor.py:183} INFO - Processing /opt/airflow/dags/ml_pipeline.py took 0.194 seconds
[2025-08-26T13:14:42.948+0000] {processor.py:161} INFO - Started process (PID=1288) to work on /opt/airflow/dags/ml_pipeline.py
[2025-08-26T13:14:42.950+0000] {processor.py:830} INFO - Processing file /opt/airflow/dags/ml_pipeline.py for tasks to queue
[2025-08-26T13:14:42.951+0000] {logging_mixin.py:188} INFO - [2025-08-26T13:14:42.951+0000] {dagbag.py:538} INFO - Filling up the DagBag from /opt/airflow/dags/ml_pipeline.py
[2025-08-26T13:14:42.978+0000] {processor.py:840} INFO - DAG(s) 'ml_pipeline' retrieved from /opt/airflow/dags/ml_pipeline.py
[2025-08-26T13:14:43.019+0000] {logging_mixin.py:188} INFO - [2025-08-26T13:14:43.018+0000] {dag.py:3036} INFO - Sync 1 DAGs
[2025-08-26T13:14:43.042+0000] {logging_mixin.py:188} INFO - [2025-08-26T13:14:43.042+0000] {dag.py:3823} INFO - Setting next_dagrun for ml_pipeline to None, run_after=None
[2025-08-26T13:14:43.075+0000] {processor.py:183} INFO - Processing /opt/airflow/dags/ml_pipeline.py took 0.134 seconds
[2025-08-26T13:15:13.268+0000] {processor.py:161} INFO - Started process (PID=1293) to work on /opt/airflow/dags/ml_pipeline.py
[2025-08-26T13:15:13.270+0000] {processor.py:830} INFO - Processing file /opt/airflow/dags/ml_pipeline.py for tasks to queue
[2025-08-26T13:15:13.271+0000] {logging_mixin.py:188} INFO - [2025-08-26T13:15:13.271+0000] {dagbag.py:538} INFO - Filling up the DagBag from /opt/airflow/dags/ml_pipeline.py
[2025-08-26T13:15:13.304+0000] {processor.py:840} INFO - DAG(s) 'ml_pipeline' retrieved from /opt/airflow/dags/ml_pipeline.py
[2025-08-26T13:15:13.352+0000] {logging_mixin.py:188} INFO - [2025-08-26T13:15:13.352+0000] {dag.py:3036} INFO - Sync 1 DAGs
[2025-08-26T13:15:13.366+0000] {logging_mixin.py:188} INFO - [2025-08-26T13:15:13.366+0000] {dag.py:3823} INFO - Setting next_dagrun for ml_pipeline to None, run_after=None
[2025-08-26T13:15:13.394+0000] {processor.py:183} INFO - Processing /opt/airflow/dags/ml_pipeline.py took 0.130 seconds
[2025-08-26T13:15:43.500+0000] {processor.py:161} INFO - Started process (PID=1298) to work on /opt/airflow/dags/ml_pipeline.py
[2025-08-26T13:15:43.502+0000] {processor.py:830} INFO - Processing file /opt/airflow/dags/ml_pipeline.py for tasks to queue
[2025-08-26T13:15:43.503+0000] {logging_mixin.py:188} INFO - [2025-08-26T13:15:43.503+0000] {dagbag.py:538} INFO - Filling up the DagBag from /opt/airflow/dags/ml_pipeline.py
[2025-08-26T13:15:43.528+0000] {processor.py:840} INFO - DAG(s) 'ml_pipeline' retrieved from /opt/airflow/dags/ml_pipeline.py
[2025-08-26T13:15:43.566+0000] {logging_mixin.py:188} INFO - [2025-08-26T13:15:43.566+0000] {dag.py:3036} INFO - Sync 1 DAGs
[2025-08-26T13:15:43.587+0000] {logging_mixin.py:188} INFO - [2025-08-26T13:15:43.586+0000] {dag.py:3823} INFO - Setting next_dagrun for ml_pipeline to None, run_after=None
[2025-08-26T13:15:43.614+0000] {processor.py:183} INFO - Processing /opt/airflow/dags/ml_pipeline.py took 0.119 seconds
[2025-08-26T13:16:13.830+0000] {processor.py:161} INFO - Started process (PID=1303) to work on /opt/airflow/dags/ml_pipeline.py
[2025-08-26T13:16:13.832+0000] {processor.py:830} INFO - Processing file /opt/airflow/dags/ml_pipeline.py for tasks to queue
[2025-08-26T13:16:13.834+0000] {logging_mixin.py:188} INFO - [2025-08-26T13:16:13.833+0000] {dagbag.py:538} INFO - Filling up the DagBag from /opt/airflow/dags/ml_pipeline.py
[2025-08-26T13:16:13.861+0000] {processor.py:840} INFO - DAG(s) 'ml_pipeline' retrieved from /opt/airflow/dags/ml_pipeline.py
[2025-08-26T13:16:13.902+0000] {logging_mixin.py:188} INFO - [2025-08-26T13:16:13.902+0000] {dag.py:3036} INFO - Sync 1 DAGs
[2025-08-26T13:16:13.925+0000] {logging_mixin.py:188} INFO - [2025-08-26T13:16:13.924+0000] {dag.py:3823} INFO - Setting next_dagrun for ml_pipeline to None, run_after=None
[2025-08-26T13:16:13.953+0000] {processor.py:183} INFO - Processing /opt/airflow/dags/ml_pipeline.py took 0.128 seconds
[2025-08-26T13:16:44.030+0000] {processor.py:161} INFO - Started process (PID=1308) to work on /opt/airflow/dags/ml_pipeline.py
[2025-08-26T13:16:44.032+0000] {processor.py:830} INFO - Processing file /opt/airflow/dags/ml_pipeline.py for tasks to queue
[2025-08-26T13:16:44.034+0000] {logging_mixin.py:188} INFO - [2025-08-26T13:16:44.033+0000] {dagbag.py:538} INFO - Filling up the DagBag from /opt/airflow/dags/ml_pipeline.py
[2025-08-26T13:16:44.061+0000] {processor.py:840} INFO - DAG(s) 'ml_pipeline' retrieved from /opt/airflow/dags/ml_pipeline.py
[2025-08-26T13:16:44.100+0000] {logging_mixin.py:188} INFO - [2025-08-26T13:16:44.099+0000] {dag.py:3036} INFO - Sync 1 DAGs
[2025-08-26T13:16:44.116+0000] {logging_mixin.py:188} INFO - [2025-08-26T13:16:44.115+0000] {dag.py:3823} INFO - Setting next_dagrun for ml_pipeline to None, run_after=None
[2025-08-26T13:16:44.141+0000] {processor.py:183} INFO - Processing /opt/airflow/dags/ml_pipeline.py took 0.116 seconds
[2025-08-26T13:17:14.429+0000] {processor.py:161} INFO - Started process (PID=1313) to work on /opt/airflow/dags/ml_pipeline.py
[2025-08-26T13:17:14.431+0000] {processor.py:830} INFO - Processing file /opt/airflow/dags/ml_pipeline.py for tasks to queue
[2025-08-26T13:17:14.432+0000] {logging_mixin.py:188} INFO - [2025-08-26T13:17:14.432+0000] {dagbag.py:538} INFO - Filling up the DagBag from /opt/airflow/dags/ml_pipeline.py
[2025-08-26T13:17:14.457+0000] {processor.py:840} INFO - DAG(s) 'ml_pipeline' retrieved from /opt/airflow/dags/ml_pipeline.py
[2025-08-26T13:17:14.492+0000] {logging_mixin.py:188} INFO - [2025-08-26T13:17:14.492+0000] {dag.py:3036} INFO - Sync 1 DAGs
[2025-08-26T13:17:14.510+0000] {logging_mixin.py:188} INFO - [2025-08-26T13:17:14.509+0000] {dag.py:3823} INFO - Setting next_dagrun for ml_pipeline to None, run_after=None
[2025-08-26T13:17:14.547+0000] {processor.py:183} INFO - Processing /opt/airflow/dags/ml_pipeline.py took 0.122 seconds
[2025-08-26T13:17:44.678+0000] {processor.py:161} INFO - Started process (PID=1318) to work on /opt/airflow/dags/ml_pipeline.py
[2025-08-26T13:17:44.680+0000] {processor.py:830} INFO - Processing file /opt/airflow/dags/ml_pipeline.py for tasks to queue
[2025-08-26T13:17:44.682+0000] {logging_mixin.py:188} INFO - [2025-08-26T13:17:44.681+0000] {dagbag.py:538} INFO - Filling up the DagBag from /opt/airflow/dags/ml_pipeline.py
[2025-08-26T13:17:44.722+0000] {processor.py:840} INFO - DAG(s) 'ml_pipeline' retrieved from /opt/airflow/dags/ml_pipeline.py
[2025-08-26T13:17:44.770+0000] {logging_mixin.py:188} INFO - [2025-08-26T13:17:44.770+0000] {dag.py:3036} INFO - Sync 1 DAGs
[2025-08-26T13:17:44.794+0000] {logging_mixin.py:188} INFO - [2025-08-26T13:17:44.793+0000] {dag.py:3823} INFO - Setting next_dagrun for ml_pipeline to None, run_after=None
[2025-08-26T13:17:44.825+0000] {processor.py:183} INFO - Processing /opt/airflow/dags/ml_pipeline.py took 0.153 seconds
[2025-08-26T13:18:14.965+0000] {processor.py:161} INFO - Started process (PID=1323) to work on /opt/airflow/dags/ml_pipeline.py
[2025-08-26T13:18:14.967+0000] {processor.py:830} INFO - Processing file /opt/airflow/dags/ml_pipeline.py for tasks to queue
[2025-08-26T13:18:14.969+0000] {logging_mixin.py:188} INFO - [2025-08-26T13:18:14.969+0000] {dagbag.py:538} INFO - Filling up the DagBag from /opt/airflow/dags/ml_pipeline.py
[2025-08-26T13:18:14.999+0000] {processor.py:840} INFO - DAG(s) 'ml_pipeline' retrieved from /opt/airflow/dags/ml_pipeline.py
[2025-08-26T13:18:15.040+0000] {logging_mixin.py:188} INFO - [2025-08-26T13:18:15.040+0000] {dag.py:3036} INFO - Sync 1 DAGs
[2025-08-26T13:18:15.073+0000] {logging_mixin.py:188} INFO - [2025-08-26T13:18:15.072+0000] {dag.py:3823} INFO - Setting next_dagrun for ml_pipeline to None, run_after=None
[2025-08-26T13:18:15.175+0000] {processor.py:183} INFO - Processing /opt/airflow/dags/ml_pipeline.py took 0.217 seconds
[2025-08-26T13:18:45.386+0000] {processor.py:161} INFO - Started process (PID=1328) to work on /opt/airflow/dags/ml_pipeline.py
[2025-08-26T13:18:45.390+0000] {processor.py:830} INFO - Processing file /opt/airflow/dags/ml_pipeline.py for tasks to queue
[2025-08-26T13:18:45.392+0000] {logging_mixin.py:188} INFO - [2025-08-26T13:18:45.391+0000] {dagbag.py:538} INFO - Filling up the DagBag from /opt/airflow/dags/ml_pipeline.py
[2025-08-26T13:18:45.422+0000] {processor.py:840} INFO - DAG(s) 'ml_pipeline' retrieved from /opt/airflow/dags/ml_pipeline.py
[2025-08-26T13:18:45.509+0000] {logging_mixin.py:188} INFO - [2025-08-26T13:18:45.509+0000] {dag.py:3036} INFO - Sync 1 DAGs
[2025-08-26T13:18:45.526+0000] {logging_mixin.py:188} INFO - [2025-08-26T13:18:45.526+0000] {dag.py:3823} INFO - Setting next_dagrun for ml_pipeline to None, run_after=None
[2025-08-26T13:18:45.552+0000] {processor.py:183} INFO - Processing /opt/airflow/dags/ml_pipeline.py took 0.172 seconds
[2025-08-26T13:19:15.752+0000] {processor.py:161} INFO - Started process (PID=1333) to work on /opt/airflow/dags/ml_pipeline.py
[2025-08-26T13:19:15.754+0000] {processor.py:830} INFO - Processing file /opt/airflow/dags/ml_pipeline.py for tasks to queue
[2025-08-26T13:19:15.756+0000] {logging_mixin.py:188} INFO - [2025-08-26T13:19:15.755+0000] {dagbag.py:538} INFO - Filling up the DagBag from /opt/airflow/dags/ml_pipeline.py
[2025-08-26T13:19:15.782+0000] {processor.py:840} INFO - DAG(s) 'ml_pipeline' retrieved from /opt/airflow/dags/ml_pipeline.py
[2025-08-26T13:19:15.823+0000] {logging_mixin.py:188} INFO - [2025-08-26T13:19:15.822+0000] {dag.py:3036} INFO - Sync 1 DAGs
[2025-08-26T13:19:15.853+0000] {logging_mixin.py:188} INFO - [2025-08-26T13:19:15.853+0000] {dag.py:3823} INFO - Setting next_dagrun for ml_pipeline to None, run_after=None
[2025-08-26T13:19:15.886+0000] {processor.py:183} INFO - Processing /opt/airflow/dags/ml_pipeline.py took 0.139 seconds
[2025-08-26T13:19:45.958+0000] {processor.py:161} INFO - Started process (PID=1338) to work on /opt/airflow/dags/ml_pipeline.py
[2025-08-26T13:19:45.960+0000] {processor.py:830} INFO - Processing file /opt/airflow/dags/ml_pipeline.py for tasks to queue
[2025-08-26T13:19:45.962+0000] {logging_mixin.py:188} INFO - [2025-08-26T13:19:45.961+0000] {dagbag.py:538} INFO - Filling up the DagBag from /opt/airflow/dags/ml_pipeline.py
[2025-08-26T13:19:45.988+0000] {processor.py:840} INFO - DAG(s) 'ml_pipeline' retrieved from /opt/airflow/dags/ml_pipeline.py
[2025-08-26T13:19:46.034+0000] {logging_mixin.py:188} INFO - [2025-08-26T13:19:46.033+0000] {dag.py:3036} INFO - Sync 1 DAGs
[2025-08-26T13:19:46.053+0000] {logging_mixin.py:188} INFO - [2025-08-26T13:19:46.053+0000] {dag.py:3823} INFO - Setting next_dagrun for ml_pipeline to None, run_after=None
[2025-08-26T13:19:46.080+0000] {processor.py:183} INFO - Processing /opt/airflow/dags/ml_pipeline.py took 0.126 seconds
[2025-08-26T13:20:16.286+0000] {processor.py:161} INFO - Started process (PID=1343) to work on /opt/airflow/dags/ml_pipeline.py
[2025-08-26T13:20:16.288+0000] {processor.py:830} INFO - Processing file /opt/airflow/dags/ml_pipeline.py for tasks to queue
[2025-08-26T13:20:16.290+0000] {logging_mixin.py:188} INFO - [2025-08-26T13:20:16.289+0000] {dagbag.py:538} INFO - Filling up the DagBag from /opt/airflow/dags/ml_pipeline.py
[2025-08-26T13:20:16.329+0000] {processor.py:840} INFO - DAG(s) 'ml_pipeline' retrieved from /opt/airflow/dags/ml_pipeline.py
[2025-08-26T13:20:16.403+0000] {logging_mixin.py:188} INFO - [2025-08-26T13:20:16.403+0000] {dag.py:3036} INFO - Sync 1 DAGs
[2025-08-26T13:20:16.422+0000] {logging_mixin.py:188} INFO - [2025-08-26T13:20:16.421+0000] {dag.py:3823} INFO - Setting next_dagrun for ml_pipeline to None, run_after=None
[2025-08-26T13:20:16.454+0000] {processor.py:183} INFO - Processing /opt/airflow/dags/ml_pipeline.py took 0.173 seconds
[2025-08-26T13:20:46.510+0000] {processor.py:161} INFO - Started process (PID=1348) to work on /opt/airflow/dags/ml_pipeline.py
[2025-08-26T13:20:46.512+0000] {processor.py:830} INFO - Processing file /opt/airflow/dags/ml_pipeline.py for tasks to queue
[2025-08-26T13:20:46.513+0000] {logging_mixin.py:188} INFO - [2025-08-26T13:20:46.513+0000] {dagbag.py:538} INFO - Filling up the DagBag from /opt/airflow/dags/ml_pipeline.py
[2025-08-26T13:20:46.540+0000] {processor.py:840} INFO - DAG(s) 'ml_pipeline' retrieved from /opt/airflow/dags/ml_pipeline.py
[2025-08-26T13:20:46.574+0000] {logging_mixin.py:188} INFO - [2025-08-26T13:20:46.574+0000] {dag.py:3036} INFO - Sync 1 DAGs
[2025-08-26T13:20:46.588+0000] {logging_mixin.py:188} INFO - [2025-08-26T13:20:46.588+0000] {dag.py:3823} INFO - Setting next_dagrun for ml_pipeline to None, run_after=None
[2025-08-26T13:20:46.612+0000] {processor.py:183} INFO - Processing /opt/airflow/dags/ml_pipeline.py took 0.109 seconds
[2025-08-26T13:21:16.703+0000] {processor.py:161} INFO - Started process (PID=1353) to work on /opt/airflow/dags/ml_pipeline.py
[2025-08-26T13:21:16.705+0000] {processor.py:830} INFO - Processing file /opt/airflow/dags/ml_pipeline.py for tasks to queue
[2025-08-26T13:21:16.706+0000] {logging_mixin.py:188} INFO - [2025-08-26T13:21:16.706+0000] {dagbag.py:538} INFO - Filling up the DagBag from /opt/airflow/dags/ml_pipeline.py
[2025-08-26T13:21:16.739+0000] {processor.py:840} INFO - DAG(s) 'ml_pipeline' retrieved from /opt/airflow/dags/ml_pipeline.py
[2025-08-26T13:21:16.787+0000] {logging_mixin.py:188} INFO - [2025-08-26T13:21:16.786+0000] {dag.py:3036} INFO - Sync 1 DAGs
[2025-08-26T13:21:16.803+0000] {logging_mixin.py:188} INFO - [2025-08-26T13:21:16.803+0000] {dag.py:3823} INFO - Setting next_dagrun for ml_pipeline to None, run_after=None
[2025-08-26T13:21:16.831+0000] {processor.py:183} INFO - Processing /opt/airflow/dags/ml_pipeline.py took 0.137 seconds
[2025-08-26T13:21:46.994+0000] {processor.py:161} INFO - Started process (PID=1358) to work on /opt/airflow/dags/ml_pipeline.py
[2025-08-26T13:21:46.996+0000] {processor.py:830} INFO - Processing file /opt/airflow/dags/ml_pipeline.py for tasks to queue
[2025-08-26T13:21:46.997+0000] {logging_mixin.py:188} INFO - [2025-08-26T13:21:46.997+0000] {dagbag.py:538} INFO - Filling up the DagBag from /opt/airflow/dags/ml_pipeline.py
[2025-08-26T13:21:47.023+0000] {processor.py:840} INFO - DAG(s) 'ml_pipeline' retrieved from /opt/airflow/dags/ml_pipeline.py
[2025-08-26T13:21:47.056+0000] {logging_mixin.py:188} INFO - [2025-08-26T13:21:47.055+0000] {dag.py:3036} INFO - Sync 1 DAGs
[2025-08-26T13:21:47.072+0000] {logging_mixin.py:188} INFO - [2025-08-26T13:21:47.071+0000] {dag.py:3823} INFO - Setting next_dagrun for ml_pipeline to None, run_after=None
[2025-08-26T13:21:47.097+0000] {processor.py:183} INFO - Processing /opt/airflow/dags/ml_pipeline.py took 0.107 seconds
[2025-08-26T13:22:17.252+0000] {processor.py:161} INFO - Started process (PID=1363) to work on /opt/airflow/dags/ml_pipeline.py
[2025-08-26T13:22:17.253+0000] {processor.py:830} INFO - Processing file /opt/airflow/dags/ml_pipeline.py for tasks to queue
[2025-08-26T13:22:17.255+0000] {logging_mixin.py:188} INFO - [2025-08-26T13:22:17.254+0000] {dagbag.py:538} INFO - Filling up the DagBag from /opt/airflow/dags/ml_pipeline.py
[2025-08-26T13:22:17.279+0000] {processor.py:840} INFO - DAG(s) 'ml_pipeline' retrieved from /opt/airflow/dags/ml_pipeline.py
[2025-08-26T13:22:17.317+0000] {logging_mixin.py:188} INFO - [2025-08-26T13:22:17.317+0000] {dag.py:3036} INFO - Sync 1 DAGs
[2025-08-26T13:22:17.333+0000] {logging_mixin.py:188} INFO - [2025-08-26T13:22:17.333+0000] {dag.py:3823} INFO - Setting next_dagrun for ml_pipeline to None, run_after=None
[2025-08-26T13:22:17.361+0000] {processor.py:183} INFO - Processing /opt/airflow/dags/ml_pipeline.py took 0.113 seconds
[2025-08-26T13:22:47.502+0000] {processor.py:161} INFO - Started process (PID=1368) to work on /opt/airflow/dags/ml_pipeline.py
[2025-08-26T13:22:47.504+0000] {processor.py:830} INFO - Processing file /opt/airflow/dags/ml_pipeline.py for tasks to queue
[2025-08-26T13:22:47.506+0000] {logging_mixin.py:188} INFO - [2025-08-26T13:22:47.505+0000] {dagbag.py:538} INFO - Filling up the DagBag from /opt/airflow/dags/ml_pipeline.py
[2025-08-26T13:22:47.543+0000] {processor.py:840} INFO - DAG(s) 'ml_pipeline' retrieved from /opt/airflow/dags/ml_pipeline.py
[2025-08-26T13:22:47.597+0000] {logging_mixin.py:188} INFO - [2025-08-26T13:22:47.596+0000] {dag.py:3036} INFO - Sync 1 DAGs
[2025-08-26T13:22:47.613+0000] {logging_mixin.py:188} INFO - [2025-08-26T13:22:47.612+0000] {dag.py:3823} INFO - Setting next_dagrun for ml_pipeline to None, run_after=None
[2025-08-26T13:22:47.643+0000] {processor.py:183} INFO - Processing /opt/airflow/dags/ml_pipeline.py took 0.149 seconds
[2025-08-26T13:23:17.748+0000] {processor.py:161} INFO - Started process (PID=1373) to work on /opt/airflow/dags/ml_pipeline.py
[2025-08-26T13:23:17.750+0000] {processor.py:830} INFO - Processing file /opt/airflow/dags/ml_pipeline.py for tasks to queue
[2025-08-26T13:23:17.751+0000] {logging_mixin.py:188} INFO - [2025-08-26T13:23:17.751+0000] {dagbag.py:538} INFO - Filling up the DagBag from /opt/airflow/dags/ml_pipeline.py
[2025-08-26T13:23:17.779+0000] {processor.py:840} INFO - DAG(s) 'ml_pipeline' retrieved from /opt/airflow/dags/ml_pipeline.py
[2025-08-26T13:23:17.813+0000] {logging_mixin.py:188} INFO - [2025-08-26T13:23:17.813+0000] {dag.py:3036} INFO - Sync 1 DAGs
[2025-08-26T13:23:17.828+0000] {logging_mixin.py:188} INFO - [2025-08-26T13:23:17.828+0000] {dag.py:3823} INFO - Setting next_dagrun for ml_pipeline to None, run_after=None
[2025-08-26T13:23:17.859+0000] {processor.py:183} INFO - Processing /opt/airflow/dags/ml_pipeline.py took 0.116 seconds
[2025-08-26T13:23:48.034+0000] {processor.py:161} INFO - Started process (PID=1378) to work on /opt/airflow/dags/ml_pipeline.py
[2025-08-26T13:23:48.035+0000] {processor.py:830} INFO - Processing file /opt/airflow/dags/ml_pipeline.py for tasks to queue
[2025-08-26T13:23:48.037+0000] {logging_mixin.py:188} INFO - [2025-08-26T13:23:48.036+0000] {dagbag.py:538} INFO - Filling up the DagBag from /opt/airflow/dags/ml_pipeline.py
[2025-08-26T13:23:48.069+0000] {processor.py:840} INFO - DAG(s) 'ml_pipeline' retrieved from /opt/airflow/dags/ml_pipeline.py
[2025-08-26T13:23:48.112+0000] {logging_mixin.py:188} INFO - [2025-08-26T13:23:48.112+0000] {dag.py:3036} INFO - Sync 1 DAGs
[2025-08-26T13:23:48.133+0000] {logging_mixin.py:188} INFO - [2025-08-26T13:23:48.132+0000] {dag.py:3823} INFO - Setting next_dagrun for ml_pipeline to None, run_after=None
[2025-08-26T13:23:48.160+0000] {processor.py:183} INFO - Processing /opt/airflow/dags/ml_pipeline.py took 0.130 seconds
[2025-08-26T13:24:18.246+0000] {processor.py:161} INFO - Started process (PID=1383) to work on /opt/airflow/dags/ml_pipeline.py
[2025-08-26T13:24:18.248+0000] {processor.py:830} INFO - Processing file /opt/airflow/dags/ml_pipeline.py for tasks to queue
[2025-08-26T13:24:18.250+0000] {logging_mixin.py:188} INFO - [2025-08-26T13:24:18.249+0000] {dagbag.py:538} INFO - Filling up the DagBag from /opt/airflow/dags/ml_pipeline.py
[2025-08-26T13:24:18.276+0000] {processor.py:840} INFO - DAG(s) 'ml_pipeline' retrieved from /opt/airflow/dags/ml_pipeline.py
[2025-08-26T13:24:18.312+0000] {logging_mixin.py:188} INFO - [2025-08-26T13:24:18.312+0000] {dag.py:3036} INFO - Sync 1 DAGs
[2025-08-26T13:24:18.330+0000] {logging_mixin.py:188} INFO - [2025-08-26T13:24:18.330+0000] {dag.py:3823} INFO - Setting next_dagrun for ml_pipeline to None, run_after=None
[2025-08-26T13:24:18.359+0000] {processor.py:183} INFO - Processing /opt/airflow/dags/ml_pipeline.py took 0.117 seconds
[2025-08-26T13:24:48.536+0000] {processor.py:161} INFO - Started process (PID=1388) to work on /opt/airflow/dags/ml_pipeline.py
[2025-08-26T13:24:48.538+0000] {processor.py:830} INFO - Processing file /opt/airflow/dags/ml_pipeline.py for tasks to queue
[2025-08-26T13:24:48.539+0000] {logging_mixin.py:188} INFO - [2025-08-26T13:24:48.539+0000] {dagbag.py:538} INFO - Filling up the DagBag from /opt/airflow/dags/ml_pipeline.py
[2025-08-26T13:24:48.566+0000] {processor.py:840} INFO - DAG(s) 'ml_pipeline' retrieved from /opt/airflow/dags/ml_pipeline.py
[2025-08-26T13:24:48.601+0000] {logging_mixin.py:188} INFO - [2025-08-26T13:24:48.601+0000] {dag.py:3036} INFO - Sync 1 DAGs
[2025-08-26T13:24:48.617+0000] {logging_mixin.py:188} INFO - [2025-08-26T13:24:48.617+0000] {dag.py:3823} INFO - Setting next_dagrun for ml_pipeline to None, run_after=None
[2025-08-26T13:24:48.644+0000] {processor.py:183} INFO - Processing /opt/airflow/dags/ml_pipeline.py took 0.112 seconds
[2025-08-26T13:25:18.745+0000] {processor.py:161} INFO - Started process (PID=1393) to work on /opt/airflow/dags/ml_pipeline.py
[2025-08-26T13:25:18.747+0000] {processor.py:830} INFO - Processing file /opt/airflow/dags/ml_pipeline.py for tasks to queue
[2025-08-26T13:25:18.749+0000] {logging_mixin.py:188} INFO - [2025-08-26T13:25:18.748+0000] {dagbag.py:538} INFO - Filling up the DagBag from /opt/airflow/dags/ml_pipeline.py
[2025-08-26T13:25:18.780+0000] {processor.py:840} INFO - DAG(s) 'ml_pipeline' retrieved from /opt/airflow/dags/ml_pipeline.py
[2025-08-26T13:25:18.817+0000] {logging_mixin.py:188} INFO - [2025-08-26T13:25:18.817+0000] {dag.py:3036} INFO - Sync 1 DAGs
[2025-08-26T13:25:18.834+0000] {logging_mixin.py:188} INFO - [2025-08-26T13:25:18.833+0000] {dag.py:3823} INFO - Setting next_dagrun for ml_pipeline to None, run_after=None
[2025-08-26T13:25:18.863+0000] {processor.py:183} INFO - Processing /opt/airflow/dags/ml_pipeline.py took 0.125 seconds
[2025-08-26T13:25:49.054+0000] {processor.py:161} INFO - Started process (PID=1398) to work on /opt/airflow/dags/ml_pipeline.py
[2025-08-26T13:25:49.056+0000] {processor.py:830} INFO - Processing file /opt/airflow/dags/ml_pipeline.py for tasks to queue
[2025-08-26T13:25:49.057+0000] {logging_mixin.py:188} INFO - [2025-08-26T13:25:49.057+0000] {dagbag.py:538} INFO - Filling up the DagBag from /opt/airflow/dags/ml_pipeline.py
[2025-08-26T13:25:49.088+0000] {processor.py:840} INFO - DAG(s) 'ml_pipeline' retrieved from /opt/airflow/dags/ml_pipeline.py
[2025-08-26T13:25:49.119+0000] {logging_mixin.py:188} INFO - [2025-08-26T13:25:49.118+0000] {dag.py:3036} INFO - Sync 1 DAGs
[2025-08-26T13:25:49.135+0000] {logging_mixin.py:188} INFO - [2025-08-26T13:25:49.134+0000] {dag.py:3823} INFO - Setting next_dagrun for ml_pipeline to None, run_after=None
[2025-08-26T13:25:49.171+0000] {processor.py:183} INFO - Processing /opt/airflow/dags/ml_pipeline.py took 0.120 seconds
[2025-08-26T13:26:19.268+0000] {processor.py:161} INFO - Started process (PID=1403) to work on /opt/airflow/dags/ml_pipeline.py
[2025-08-26T13:26:19.269+0000] {processor.py:830} INFO - Processing file /opt/airflow/dags/ml_pipeline.py for tasks to queue
[2025-08-26T13:26:19.271+0000] {logging_mixin.py:188} INFO - [2025-08-26T13:26:19.270+0000] {dagbag.py:538} INFO - Filling up the DagBag from /opt/airflow/dags/ml_pipeline.py
[2025-08-26T13:26:19.299+0000] {processor.py:840} INFO - DAG(s) 'ml_pipeline' retrieved from /opt/airflow/dags/ml_pipeline.py
[2025-08-26T13:26:19.338+0000] {logging_mixin.py:188} INFO - [2025-08-26T13:26:19.337+0000] {dag.py:3036} INFO - Sync 1 DAGs
[2025-08-26T13:26:19.355+0000] {logging_mixin.py:188} INFO - [2025-08-26T13:26:19.354+0000] {dag.py:3823} INFO - Setting next_dagrun for ml_pipeline to None, run_after=None
[2025-08-26T13:26:19.386+0000] {processor.py:183} INFO - Processing /opt/airflow/dags/ml_pipeline.py took 0.123 seconds
[2025-08-26T13:26:49.557+0000] {processor.py:161} INFO - Started process (PID=1408) to work on /opt/airflow/dags/ml_pipeline.py
[2025-08-26T13:26:49.559+0000] {processor.py:830} INFO - Processing file /opt/airflow/dags/ml_pipeline.py for tasks to queue
[2025-08-26T13:26:49.560+0000] {logging_mixin.py:188} INFO - [2025-08-26T13:26:49.559+0000] {dagbag.py:538} INFO - Filling up the DagBag from /opt/airflow/dags/ml_pipeline.py
[2025-08-26T13:26:49.585+0000] {processor.py:840} INFO - DAG(s) 'ml_pipeline' retrieved from /opt/airflow/dags/ml_pipeline.py
[2025-08-26T13:26:49.618+0000] {logging_mixin.py:188} INFO - [2025-08-26T13:26:49.618+0000] {dag.py:3036} INFO - Sync 1 DAGs
[2025-08-26T13:26:49.635+0000] {logging_mixin.py:188} INFO - [2025-08-26T13:26:49.634+0000] {dag.py:3823} INFO - Setting next_dagrun for ml_pipeline to None, run_after=None
[2025-08-26T13:26:49.659+0000] {processor.py:183} INFO - Processing /opt/airflow/dags/ml_pipeline.py took 0.107 seconds
[2025-08-26T13:27:19.817+0000] {processor.py:161} INFO - Started process (PID=1413) to work on /opt/airflow/dags/ml_pipeline.py
[2025-08-26T13:27:19.819+0000] {processor.py:830} INFO - Processing file /opt/airflow/dags/ml_pipeline.py for tasks to queue
[2025-08-26T13:27:19.820+0000] {logging_mixin.py:188} INFO - [2025-08-26T13:27:19.820+0000] {dagbag.py:538} INFO - Filling up the DagBag from /opt/airflow/dags/ml_pipeline.py
[2025-08-26T13:27:19.849+0000] {processor.py:840} INFO - DAG(s) 'ml_pipeline' retrieved from /opt/airflow/dags/ml_pipeline.py
[2025-08-26T13:27:19.885+0000] {logging_mixin.py:188} INFO - [2025-08-26T13:27:19.884+0000] {dag.py:3036} INFO - Sync 1 DAGs
[2025-08-26T13:27:19.902+0000] {logging_mixin.py:188} INFO - [2025-08-26T13:27:19.901+0000] {dag.py:3823} INFO - Setting next_dagrun for ml_pipeline to None, run_after=None
[2025-08-26T13:27:19.930+0000] {processor.py:183} INFO - Processing /opt/airflow/dags/ml_pipeline.py took 0.117 seconds
[2025-08-26T13:27:50.061+0000] {processor.py:161} INFO - Started process (PID=1418) to work on /opt/airflow/dags/ml_pipeline.py
[2025-08-26T13:27:50.063+0000] {processor.py:830} INFO - Processing file /opt/airflow/dags/ml_pipeline.py for tasks to queue
[2025-08-26T13:27:50.064+0000] {logging_mixin.py:188} INFO - [2025-08-26T13:27:50.064+0000] {dagbag.py:538} INFO - Filling up the DagBag from /opt/airflow/dags/ml_pipeline.py
[2025-08-26T13:27:50.093+0000] {processor.py:840} INFO - DAG(s) 'ml_pipeline' retrieved from /opt/airflow/dags/ml_pipeline.py
[2025-08-26T13:27:50.128+0000] {logging_mixin.py:188} INFO - [2025-08-26T13:27:50.128+0000] {dag.py:3036} INFO - Sync 1 DAGs
[2025-08-26T13:27:50.143+0000] {logging_mixin.py:188} INFO - [2025-08-26T13:27:50.143+0000] {dag.py:3823} INFO - Setting next_dagrun for ml_pipeline to None, run_after=None
[2025-08-26T13:27:50.169+0000] {processor.py:183} INFO - Processing /opt/airflow/dags/ml_pipeline.py took 0.112 seconds
[2025-08-26T13:28:20.323+0000] {processor.py:161} INFO - Started process (PID=1423) to work on /opt/airflow/dags/ml_pipeline.py
[2025-08-26T13:28:20.324+0000] {processor.py:830} INFO - Processing file /opt/airflow/dags/ml_pipeline.py for tasks to queue
[2025-08-26T13:28:20.326+0000] {logging_mixin.py:188} INFO - [2025-08-26T13:28:20.325+0000] {dagbag.py:538} INFO - Filling up the DagBag from /opt/airflow/dags/ml_pipeline.py
[2025-08-26T13:28:20.355+0000] {processor.py:840} INFO - DAG(s) 'ml_pipeline' retrieved from /opt/airflow/dags/ml_pipeline.py
[2025-08-26T13:28:20.395+0000] {logging_mixin.py:188} INFO - [2025-08-26T13:28:20.394+0000] {dag.py:3036} INFO - Sync 1 DAGs
[2025-08-26T13:28:20.411+0000] {logging_mixin.py:188} INFO - [2025-08-26T13:28:20.411+0000] {dag.py:3823} INFO - Setting next_dagrun for ml_pipeline to None, run_after=None
[2025-08-26T13:28:20.439+0000] {processor.py:183} INFO - Processing /opt/airflow/dags/ml_pipeline.py took 0.121 seconds
[2025-08-26T13:28:50.618+0000] {processor.py:161} INFO - Started process (PID=1428) to work on /opt/airflow/dags/ml_pipeline.py
[2025-08-26T13:28:50.621+0000] {processor.py:830} INFO - Processing file /opt/airflow/dags/ml_pipeline.py for tasks to queue
[2025-08-26T13:28:50.623+0000] {logging_mixin.py:188} INFO - [2025-08-26T13:28:50.622+0000] {dagbag.py:538} INFO - Filling up the DagBag from /opt/airflow/dags/ml_pipeline.py
[2025-08-26T13:28:50.657+0000] {processor.py:840} INFO - DAG(s) 'ml_pipeline' retrieved from /opt/airflow/dags/ml_pipeline.py
[2025-08-26T13:28:50.714+0000] {logging_mixin.py:188} INFO - [2025-08-26T13:28:50.713+0000] {dag.py:3036} INFO - Sync 1 DAGs
[2025-08-26T13:28:50.734+0000] {logging_mixin.py:188} INFO - [2025-08-26T13:28:50.733+0000] {dag.py:3823} INFO - Setting next_dagrun for ml_pipeline to None, run_after=None
[2025-08-26T13:28:50.771+0000] {processor.py:183} INFO - Processing /opt/airflow/dags/ml_pipeline.py took 0.162 seconds
[2025-08-26T13:29:20.900+0000] {processor.py:161} INFO - Started process (PID=1433) to work on /opt/airflow/dags/ml_pipeline.py
[2025-08-26T13:29:20.901+0000] {processor.py:830} INFO - Processing file /opt/airflow/dags/ml_pipeline.py for tasks to queue
[2025-08-26T13:29:20.902+0000] {logging_mixin.py:188} INFO - [2025-08-26T13:29:20.902+0000] {dagbag.py:538} INFO - Filling up the DagBag from /opt/airflow/dags/ml_pipeline.py
[2025-08-26T13:29:20.928+0000] {processor.py:840} INFO - DAG(s) 'ml_pipeline' retrieved from /opt/airflow/dags/ml_pipeline.py
[2025-08-26T13:29:20.964+0000] {logging_mixin.py:188} INFO - [2025-08-26T13:29:20.963+0000] {dag.py:3036} INFO - Sync 1 DAGs
[2025-08-26T13:29:20.979+0000] {logging_mixin.py:188} INFO - [2025-08-26T13:29:20.979+0000] {dag.py:3823} INFO - Setting next_dagrun for ml_pipeline to None, run_after=None
[2025-08-26T13:29:21.005+0000] {processor.py:183} INFO - Processing /opt/airflow/dags/ml_pipeline.py took 0.110 seconds
