[2025-08-17T12:21:42.964+0000] {processor.py:161} INFO - Started process (PID=163) to work on /opt/airflow/dags/ml_pipeline.py
[2025-08-17T12:21:42.980+0000] {processor.py:830} INFO - Processing file /opt/airflow/dags/ml_pipeline.py for tasks to queue
[2025-08-17T12:21:42.990+0000] {logging_mixin.py:188} INFO - [2025-08-17T12:21:42.989+0000] {dagbag.py:538} INFO - Filling up the DagBag from /opt/airflow/dags/ml_pipeline.py
[2025-08-17T12:21:43.082+0000] {processor.py:840} INFO - DAG(s) 'ml_pipeline' retrieved from /opt/airflow/dags/ml_pipeline.py
[2025-08-17T12:21:43.133+0000] {logging_mixin.py:188} INFO - [2025-08-17T12:21:43.132+0000] {dag.py:3036} INFO - Sync 1 DAGs
[2025-08-17T12:21:43.158+0000] {logging_mixin.py:188} INFO - [2025-08-17T12:21:43.157+0000] {dag.py:3823} INFO - Setting next_dagrun for ml_pipeline to None, run_after=None
[2025-08-17T12:21:43.189+0000] {processor.py:183} INFO - Processing /opt/airflow/dags/ml_pipeline.py took 0.244 seconds
[2025-08-17T12:22:13.288+0000] {processor.py:161} INFO - Started process (PID=168) to work on /opt/airflow/dags/ml_pipeline.py
[2025-08-17T12:22:13.290+0000] {processor.py:830} INFO - Processing file /opt/airflow/dags/ml_pipeline.py for tasks to queue
[2025-08-17T12:22:13.292+0000] {logging_mixin.py:188} INFO - [2025-08-17T12:22:13.292+0000] {dagbag.py:538} INFO - Filling up the DagBag from /opt/airflow/dags/ml_pipeline.py
[2025-08-17T12:22:13.329+0000] {processor.py:840} INFO - DAG(s) 'ml_pipeline' retrieved from /opt/airflow/dags/ml_pipeline.py
[2025-08-17T12:22:13.481+0000] {logging_mixin.py:188} INFO - [2025-08-17T12:22:13.481+0000] {dag.py:3036} INFO - Sync 1 DAGs
[2025-08-17T12:22:13.497+0000] {logging_mixin.py:188} INFO - [2025-08-17T12:22:13.497+0000] {dag.py:3823} INFO - Setting next_dagrun for ml_pipeline to None, run_after=None
[2025-08-17T12:22:13.526+0000] {processor.py:183} INFO - Processing /opt/airflow/dags/ml_pipeline.py took 0.244 seconds
[2025-08-17T12:22:43.785+0000] {processor.py:161} INFO - Started process (PID=173) to work on /opt/airflow/dags/ml_pipeline.py
[2025-08-17T12:22:43.792+0000] {processor.py:830} INFO - Processing file /opt/airflow/dags/ml_pipeline.py for tasks to queue
[2025-08-17T12:22:43.795+0000] {logging_mixin.py:188} INFO - [2025-08-17T12:22:43.794+0000] {dagbag.py:538} INFO - Filling up the DagBag from /opt/airflow/dags/ml_pipeline.py
[2025-08-17T12:22:43.853+0000] {processor.py:840} INFO - DAG(s) 'ml_pipeline' retrieved from /opt/airflow/dags/ml_pipeline.py
[2025-08-17T12:22:43.934+0000] {logging_mixin.py:188} INFO - [2025-08-17T12:22:43.934+0000] {dag.py:3036} INFO - Sync 1 DAGs
[2025-08-17T12:22:43.967+0000] {logging_mixin.py:188} INFO - [2025-08-17T12:22:43.967+0000] {dag.py:3823} INFO - Setting next_dagrun for ml_pipeline to None, run_after=None
[2025-08-17T12:22:44.016+0000] {processor.py:183} INFO - Processing /opt/airflow/dags/ml_pipeline.py took 0.240 seconds
[2025-08-17T12:23:14.113+0000] {processor.py:161} INFO - Started process (PID=178) to work on /opt/airflow/dags/ml_pipeline.py
[2025-08-17T12:23:14.114+0000] {processor.py:830} INFO - Processing file /opt/airflow/dags/ml_pipeline.py for tasks to queue
[2025-08-17T12:23:14.116+0000] {logging_mixin.py:188} INFO - [2025-08-17T12:23:14.115+0000] {dagbag.py:538} INFO - Filling up the DagBag from /opt/airflow/dags/ml_pipeline.py
[2025-08-17T12:23:14.148+0000] {processor.py:840} INFO - DAG(s) 'ml_pipeline' retrieved from /opt/airflow/dags/ml_pipeline.py
[2025-08-17T12:23:14.220+0000] {logging_mixin.py:188} INFO - [2025-08-17T12:23:14.220+0000] {dag.py:3036} INFO - Sync 1 DAGs
[2025-08-17T12:23:14.268+0000] {logging_mixin.py:188} INFO - [2025-08-17T12:23:14.265+0000] {dag.py:3823} INFO - Setting next_dagrun for ml_pipeline to None, run_after=None
[2025-08-17T12:23:14.338+0000] {processor.py:183} INFO - Processing /opt/airflow/dags/ml_pipeline.py took 0.231 seconds
[2025-08-17T12:23:44.584+0000] {processor.py:161} INFO - Started process (PID=183) to work on /opt/airflow/dags/ml_pipeline.py
[2025-08-17T12:23:44.586+0000] {processor.py:830} INFO - Processing file /opt/airflow/dags/ml_pipeline.py for tasks to queue
[2025-08-17T12:23:44.587+0000] {logging_mixin.py:188} INFO - [2025-08-17T12:23:44.587+0000] {dagbag.py:538} INFO - Filling up the DagBag from /opt/airflow/dags/ml_pipeline.py
[2025-08-17T12:23:44.616+0000] {processor.py:840} INFO - DAG(s) 'ml_pipeline' retrieved from /opt/airflow/dags/ml_pipeline.py
[2025-08-17T12:23:44.652+0000] {logging_mixin.py:188} INFO - [2025-08-17T12:23:44.652+0000] {dag.py:3036} INFO - Sync 1 DAGs
[2025-08-17T12:23:44.667+0000] {logging_mixin.py:188} INFO - [2025-08-17T12:23:44.667+0000] {dag.py:3823} INFO - Setting next_dagrun for ml_pipeline to None, run_after=None
[2025-08-17T12:23:44.694+0000] {processor.py:183} INFO - Processing /opt/airflow/dags/ml_pipeline.py took 0.115 seconds
[2025-08-17T12:24:14.773+0000] {processor.py:161} INFO - Started process (PID=188) to work on /opt/airflow/dags/ml_pipeline.py
[2025-08-17T12:24:14.774+0000] {processor.py:830} INFO - Processing file /opt/airflow/dags/ml_pipeline.py for tasks to queue
[2025-08-17T12:24:14.775+0000] {logging_mixin.py:188} INFO - [2025-08-17T12:24:14.775+0000] {dagbag.py:538} INFO - Filling up the DagBag from /opt/airflow/dags/ml_pipeline.py
[2025-08-17T12:24:14.801+0000] {processor.py:840} INFO - DAG(s) 'ml_pipeline' retrieved from /opt/airflow/dags/ml_pipeline.py
[2025-08-17T12:24:14.836+0000] {logging_mixin.py:188} INFO - [2025-08-17T12:24:14.835+0000] {dag.py:3036} INFO - Sync 1 DAGs
[2025-08-17T12:24:14.851+0000] {logging_mixin.py:188} INFO - [2025-08-17T12:24:14.851+0000] {dag.py:3823} INFO - Setting next_dagrun for ml_pipeline to None, run_after=None
[2025-08-17T12:24:14.877+0000] {processor.py:183} INFO - Processing /opt/airflow/dags/ml_pipeline.py took 0.109 seconds
[2025-08-17T12:24:45.079+0000] {processor.py:161} INFO - Started process (PID=193) to work on /opt/airflow/dags/ml_pipeline.py
[2025-08-17T12:24:45.080+0000] {processor.py:830} INFO - Processing file /opt/airflow/dags/ml_pipeline.py for tasks to queue
[2025-08-17T12:24:45.082+0000] {logging_mixin.py:188} INFO - [2025-08-17T12:24:45.081+0000] {dagbag.py:538} INFO - Filling up the DagBag from /opt/airflow/dags/ml_pipeline.py
[2025-08-17T12:24:45.105+0000] {processor.py:840} INFO - DAG(s) 'ml_pipeline' retrieved from /opt/airflow/dags/ml_pipeline.py
[2025-08-17T12:24:45.138+0000] {logging_mixin.py:188} INFO - [2025-08-17T12:24:45.137+0000] {dag.py:3036} INFO - Sync 1 DAGs
[2025-08-17T12:24:45.152+0000] {logging_mixin.py:188} INFO - [2025-08-17T12:24:45.152+0000] {dag.py:3823} INFO - Setting next_dagrun for ml_pipeline to None, run_after=None
[2025-08-17T12:24:45.178+0000] {processor.py:183} INFO - Processing /opt/airflow/dags/ml_pipeline.py took 0.102 seconds
[2025-08-17T12:25:15.281+0000] {processor.py:161} INFO - Started process (PID=198) to work on /opt/airflow/dags/ml_pipeline.py
[2025-08-17T12:25:15.283+0000] {processor.py:830} INFO - Processing file /opt/airflow/dags/ml_pipeline.py for tasks to queue
[2025-08-17T12:25:15.285+0000] {logging_mixin.py:188} INFO - [2025-08-17T12:25:15.284+0000] {dagbag.py:538} INFO - Filling up the DagBag from /opt/airflow/dags/ml_pipeline.py
[2025-08-17T12:25:15.313+0000] {processor.py:840} INFO - DAG(s) 'ml_pipeline' retrieved from /opt/airflow/dags/ml_pipeline.py
[2025-08-17T12:25:15.356+0000] {logging_mixin.py:188} INFO - [2025-08-17T12:25:15.356+0000] {dag.py:3036} INFO - Sync 1 DAGs
[2025-08-17T12:25:15.371+0000] {logging_mixin.py:188} INFO - [2025-08-17T12:25:15.371+0000] {dag.py:3823} INFO - Setting next_dagrun for ml_pipeline to None, run_after=None
[2025-08-17T12:25:15.404+0000] {processor.py:183} INFO - Processing /opt/airflow/dags/ml_pipeline.py took 0.127 seconds
[2025-08-17T12:25:45.571+0000] {processor.py:161} INFO - Started process (PID=203) to work on /opt/airflow/dags/ml_pipeline.py
[2025-08-17T12:25:45.572+0000] {processor.py:830} INFO - Processing file /opt/airflow/dags/ml_pipeline.py for tasks to queue
[2025-08-17T12:25:45.573+0000] {logging_mixin.py:188} INFO - [2025-08-17T12:25:45.573+0000] {dagbag.py:538} INFO - Filling up the DagBag from /opt/airflow/dags/ml_pipeline.py
[2025-08-17T12:25:45.599+0000] {processor.py:840} INFO - DAG(s) 'ml_pipeline' retrieved from /opt/airflow/dags/ml_pipeline.py
[2025-08-17T12:25:45.631+0000] {logging_mixin.py:188} INFO - [2025-08-17T12:25:45.631+0000] {dag.py:3036} INFO - Sync 1 DAGs
[2025-08-17T12:25:45.646+0000] {logging_mixin.py:188} INFO - [2025-08-17T12:25:45.646+0000] {dag.py:3823} INFO - Setting next_dagrun for ml_pipeline to None, run_after=None
[2025-08-17T12:25:45.670+0000] {processor.py:183} INFO - Processing /opt/airflow/dags/ml_pipeline.py took 0.103 seconds
[2025-08-17T12:26:15.778+0000] {processor.py:161} INFO - Started process (PID=208) to work on /opt/airflow/dags/ml_pipeline.py
[2025-08-17T12:26:15.779+0000] {processor.py:830} INFO - Processing file /opt/airflow/dags/ml_pipeline.py for tasks to queue
[2025-08-17T12:26:15.780+0000] {logging_mixin.py:188} INFO - [2025-08-17T12:26:15.780+0000] {dagbag.py:538} INFO - Filling up the DagBag from /opt/airflow/dags/ml_pipeline.py
[2025-08-17T12:26:15.806+0000] {processor.py:840} INFO - DAG(s) 'ml_pipeline' retrieved from /opt/airflow/dags/ml_pipeline.py
[2025-08-17T12:26:15.850+0000] {logging_mixin.py:188} INFO - [2025-08-17T12:26:15.850+0000] {dag.py:3036} INFO - Sync 1 DAGs
[2025-08-17T12:26:15.868+0000] {logging_mixin.py:188} INFO - [2025-08-17T12:26:15.867+0000] {dag.py:3823} INFO - Setting next_dagrun for ml_pipeline to None, run_after=None
[2025-08-17T12:26:15.898+0000] {processor.py:183} INFO - Processing /opt/airflow/dags/ml_pipeline.py took 0.124 seconds
[2025-08-17T12:26:46.170+0000] {processor.py:161} INFO - Started process (PID=213) to work on /opt/airflow/dags/ml_pipeline.py
[2025-08-17T12:26:46.171+0000] {processor.py:830} INFO - Processing file /opt/airflow/dags/ml_pipeline.py for tasks to queue
[2025-08-17T12:26:46.172+0000] {logging_mixin.py:188} INFO - [2025-08-17T12:26:46.172+0000] {dagbag.py:538} INFO - Filling up the DagBag from /opt/airflow/dags/ml_pipeline.py
[2025-08-17T12:26:46.212+0000] {processor.py:840} INFO - DAG(s) 'ml_pipeline' retrieved from /opt/airflow/dags/ml_pipeline.py
[2025-08-17T12:26:46.271+0000] {logging_mixin.py:188} INFO - [2025-08-17T12:26:46.271+0000] {dag.py:3036} INFO - Sync 1 DAGs
[2025-08-17T12:26:46.293+0000] {logging_mixin.py:188} INFO - [2025-08-17T12:26:46.293+0000] {dag.py:3823} INFO - Setting next_dagrun for ml_pipeline to None, run_after=None
[2025-08-17T12:26:46.329+0000] {processor.py:183} INFO - Processing /opt/airflow/dags/ml_pipeline.py took 0.164 seconds
[2025-08-17T12:27:16.494+0000] {processor.py:161} INFO - Started process (PID=261) to work on /opt/airflow/dags/ml_pipeline.py
[2025-08-17T12:27:16.495+0000] {processor.py:830} INFO - Processing file /opt/airflow/dags/ml_pipeline.py for tasks to queue
[2025-08-17T12:27:16.496+0000] {logging_mixin.py:188} INFO - [2025-08-17T12:27:16.496+0000] {dagbag.py:538} INFO - Filling up the DagBag from /opt/airflow/dags/ml_pipeline.py
[2025-08-17T12:27:16.526+0000] {processor.py:840} INFO - DAG(s) 'ml_pipeline' retrieved from /opt/airflow/dags/ml_pipeline.py
[2025-08-17T12:27:16.582+0000] {logging_mixin.py:188} INFO - [2025-08-17T12:27:16.582+0000] {dag.py:3036} INFO - Sync 1 DAGs
[2025-08-17T12:27:16.608+0000] {logging_mixin.py:188} INFO - [2025-08-17T12:27:16.608+0000] {dag.py:3823} INFO - Setting next_dagrun for ml_pipeline to None, run_after=None
[2025-08-17T12:27:16.635+0000] {processor.py:183} INFO - Processing /opt/airflow/dags/ml_pipeline.py took 0.147 seconds
[2025-08-17T12:27:46.786+0000] {processor.py:161} INFO - Started process (PID=266) to work on /opt/airflow/dags/ml_pipeline.py
[2025-08-17T12:27:46.787+0000] {processor.py:830} INFO - Processing file /opt/airflow/dags/ml_pipeline.py for tasks to queue
[2025-08-17T12:27:46.788+0000] {logging_mixin.py:188} INFO - [2025-08-17T12:27:46.788+0000] {dagbag.py:538} INFO - Filling up the DagBag from /opt/airflow/dags/ml_pipeline.py
[2025-08-17T12:27:46.814+0000] {processor.py:840} INFO - DAG(s) 'ml_pipeline' retrieved from /opt/airflow/dags/ml_pipeline.py
[2025-08-17T12:27:46.855+0000] {logging_mixin.py:188} INFO - [2025-08-17T12:27:46.855+0000] {dag.py:3036} INFO - Sync 1 DAGs
[2025-08-17T12:27:46.874+0000] {logging_mixin.py:188} INFO - [2025-08-17T12:27:46.873+0000] {dag.py:3823} INFO - Setting next_dagrun for ml_pipeline to None, run_after=None
[2025-08-17T12:27:46.899+0000] {processor.py:183} INFO - Processing /opt/airflow/dags/ml_pipeline.py took 0.117 seconds
[2025-08-17T12:28:17.042+0000] {processor.py:161} INFO - Started process (PID=271) to work on /opt/airflow/dags/ml_pipeline.py
[2025-08-17T12:28:17.044+0000] {processor.py:830} INFO - Processing file /opt/airflow/dags/ml_pipeline.py for tasks to queue
[2025-08-17T12:28:17.045+0000] {logging_mixin.py:188} INFO - [2025-08-17T12:28:17.045+0000] {dagbag.py:538} INFO - Filling up the DagBag from /opt/airflow/dags/ml_pipeline.py
[2025-08-17T12:28:17.080+0000] {processor.py:840} INFO - DAG(s) 'ml_pipeline' retrieved from /opt/airflow/dags/ml_pipeline.py
[2025-08-17T12:28:17.121+0000] {logging_mixin.py:188} INFO - [2025-08-17T12:28:17.121+0000] {dag.py:3036} INFO - Sync 1 DAGs
[2025-08-17T12:28:17.145+0000] {logging_mixin.py:188} INFO - [2025-08-17T12:28:17.145+0000] {dag.py:3823} INFO - Setting next_dagrun for ml_pipeline to None, run_after=None
[2025-08-17T12:28:17.180+0000] {processor.py:183} INFO - Processing /opt/airflow/dags/ml_pipeline.py took 0.142 seconds
[2025-08-17T12:28:47.286+0000] {processor.py:161} INFO - Started process (PID=276) to work on /opt/airflow/dags/ml_pipeline.py
[2025-08-17T12:28:47.287+0000] {processor.py:830} INFO - Processing file /opt/airflow/dags/ml_pipeline.py for tasks to queue
[2025-08-17T12:28:47.289+0000] {logging_mixin.py:188} INFO - [2025-08-17T12:28:47.288+0000] {dagbag.py:538} INFO - Filling up the DagBag from /opt/airflow/dags/ml_pipeline.py
[2025-08-17T12:28:47.314+0000] {processor.py:840} INFO - DAG(s) 'ml_pipeline' retrieved from /opt/airflow/dags/ml_pipeline.py
[2025-08-17T12:28:47.349+0000] {logging_mixin.py:188} INFO - [2025-08-17T12:28:47.349+0000] {dag.py:3036} INFO - Sync 1 DAGs
[2025-08-17T12:28:47.364+0000] {logging_mixin.py:188} INFO - [2025-08-17T12:28:47.364+0000] {dag.py:3823} INFO - Setting next_dagrun for ml_pipeline to None, run_after=None
[2025-08-17T12:28:47.396+0000] {processor.py:183} INFO - Processing /opt/airflow/dags/ml_pipeline.py took 0.114 seconds
[2025-08-17T12:29:17.595+0000] {processor.py:161} INFO - Started process (PID=281) to work on /opt/airflow/dags/ml_pipeline.py
[2025-08-17T12:29:17.597+0000] {processor.py:830} INFO - Processing file /opt/airflow/dags/ml_pipeline.py for tasks to queue
[2025-08-17T12:29:17.598+0000] {logging_mixin.py:188} INFO - [2025-08-17T12:29:17.597+0000] {dagbag.py:538} INFO - Filling up the DagBag from /opt/airflow/dags/ml_pipeline.py
[2025-08-17T12:29:17.623+0000] {processor.py:840} INFO - DAG(s) 'ml_pipeline' retrieved from /opt/airflow/dags/ml_pipeline.py
[2025-08-17T12:29:17.670+0000] {logging_mixin.py:188} INFO - [2025-08-17T12:29:17.669+0000] {dag.py:3036} INFO - Sync 1 DAGs
[2025-08-17T12:29:17.687+0000] {logging_mixin.py:188} INFO - [2025-08-17T12:29:17.687+0000] {dag.py:3823} INFO - Setting next_dagrun for ml_pipeline to None, run_after=None
[2025-08-17T12:29:17.720+0000] {processor.py:183} INFO - Processing /opt/airflow/dags/ml_pipeline.py took 0.128 seconds
[2025-08-17T12:29:47.807+0000] {processor.py:161} INFO - Started process (PID=286) to work on /opt/airflow/dags/ml_pipeline.py
[2025-08-17T12:29:47.808+0000] {processor.py:830} INFO - Processing file /opt/airflow/dags/ml_pipeline.py for tasks to queue
[2025-08-17T12:29:47.810+0000] {logging_mixin.py:188} INFO - [2025-08-17T12:29:47.809+0000] {dagbag.py:538} INFO - Filling up the DagBag from /opt/airflow/dags/ml_pipeline.py
[2025-08-17T12:29:47.835+0000] {processor.py:840} INFO - DAG(s) 'ml_pipeline' retrieved from /opt/airflow/dags/ml_pipeline.py
[2025-08-17T12:29:47.871+0000] {logging_mixin.py:188} INFO - [2025-08-17T12:29:47.870+0000] {dag.py:3036} INFO - Sync 1 DAGs
[2025-08-17T12:29:47.886+0000] {logging_mixin.py:188} INFO - [2025-08-17T12:29:47.886+0000] {dag.py:3823} INFO - Setting next_dagrun for ml_pipeline to None, run_after=None
[2025-08-17T12:29:47.919+0000] {processor.py:183} INFO - Processing /opt/airflow/dags/ml_pipeline.py took 0.117 seconds
[2025-08-17T12:30:18.124+0000] {processor.py:161} INFO - Started process (PID=291) to work on /opt/airflow/dags/ml_pipeline.py
[2025-08-17T12:30:18.126+0000] {processor.py:830} INFO - Processing file /opt/airflow/dags/ml_pipeline.py for tasks to queue
[2025-08-17T12:30:18.128+0000] {logging_mixin.py:188} INFO - [2025-08-17T12:30:18.127+0000] {dagbag.py:538} INFO - Filling up the DagBag from /opt/airflow/dags/ml_pipeline.py
[2025-08-17T12:30:18.157+0000] {processor.py:840} INFO - DAG(s) 'ml_pipeline' retrieved from /opt/airflow/dags/ml_pipeline.py
[2025-08-17T12:30:18.192+0000] {logging_mixin.py:188} INFO - [2025-08-17T12:30:18.192+0000] {dag.py:3036} INFO - Sync 1 DAGs
[2025-08-17T12:30:18.207+0000] {logging_mixin.py:188} INFO - [2025-08-17T12:30:18.207+0000] {dag.py:3823} INFO - Setting next_dagrun for ml_pipeline to None, run_after=None
[2025-08-17T12:30:18.236+0000] {processor.py:183} INFO - Processing /opt/airflow/dags/ml_pipeline.py took 0.120 seconds
[2025-08-17T12:30:48.326+0000] {processor.py:161} INFO - Started process (PID=296) to work on /opt/airflow/dags/ml_pipeline.py
[2025-08-17T12:30:48.327+0000] {processor.py:830} INFO - Processing file /opt/airflow/dags/ml_pipeline.py for tasks to queue
[2025-08-17T12:30:48.328+0000] {logging_mixin.py:188} INFO - [2025-08-17T12:30:48.328+0000] {dagbag.py:538} INFO - Filling up the DagBag from /opt/airflow/dags/ml_pipeline.py
[2025-08-17T12:30:48.356+0000] {processor.py:840} INFO - DAG(s) 'ml_pipeline' retrieved from /opt/airflow/dags/ml_pipeline.py
[2025-08-17T12:30:48.392+0000] {logging_mixin.py:188} INFO - [2025-08-17T12:30:48.392+0000] {dag.py:3036} INFO - Sync 1 DAGs
[2025-08-17T12:30:48.408+0000] {logging_mixin.py:188} INFO - [2025-08-17T12:30:48.407+0000] {dag.py:3823} INFO - Setting next_dagrun for ml_pipeline to None, run_after=None
[2025-08-17T12:30:48.434+0000] {processor.py:183} INFO - Processing /opt/airflow/dags/ml_pipeline.py took 0.112 seconds
[2025-08-17T12:31:18.656+0000] {processor.py:161} INFO - Started process (PID=301) to work on /opt/airflow/dags/ml_pipeline.py
[2025-08-17T12:31:18.657+0000] {processor.py:830} INFO - Processing file /opt/airflow/dags/ml_pipeline.py for tasks to queue
[2025-08-17T12:31:18.658+0000] {logging_mixin.py:188} INFO - [2025-08-17T12:31:18.658+0000] {dagbag.py:538} INFO - Filling up the DagBag from /opt/airflow/dags/ml_pipeline.py
[2025-08-17T12:31:18.688+0000] {processor.py:840} INFO - DAG(s) 'ml_pipeline' retrieved from /opt/airflow/dags/ml_pipeline.py
[2025-08-17T12:31:18.724+0000] {logging_mixin.py:188} INFO - [2025-08-17T12:31:18.724+0000] {dag.py:3036} INFO - Sync 1 DAGs
[2025-08-17T12:31:18.739+0000] {logging_mixin.py:188} INFO - [2025-08-17T12:31:18.739+0000] {dag.py:3823} INFO - Setting next_dagrun for ml_pipeline to None, run_after=None
[2025-08-17T12:31:18.769+0000] {processor.py:183} INFO - Processing /opt/airflow/dags/ml_pipeline.py took 0.117 seconds
[2025-08-17T12:31:48.920+0000] {processor.py:161} INFO - Started process (PID=306) to work on /opt/airflow/dags/ml_pipeline.py
[2025-08-17T12:31:48.921+0000] {processor.py:830} INFO - Processing file /opt/airflow/dags/ml_pipeline.py for tasks to queue
[2025-08-17T12:31:48.923+0000] {logging_mixin.py:188} INFO - [2025-08-17T12:31:48.922+0000] {dagbag.py:538} INFO - Filling up the DagBag from /opt/airflow/dags/ml_pipeline.py
[2025-08-17T12:31:48.952+0000] {processor.py:840} INFO - DAG(s) 'ml_pipeline' retrieved from /opt/airflow/dags/ml_pipeline.py
[2025-08-17T12:31:49.002+0000] {logging_mixin.py:188} INFO - [2025-08-17T12:31:49.001+0000] {dag.py:3036} INFO - Sync 1 DAGs
[2025-08-17T12:31:49.019+0000] {logging_mixin.py:188} INFO - [2025-08-17T12:31:49.019+0000] {dag.py:3823} INFO - Setting next_dagrun for ml_pipeline to None, run_after=None
[2025-08-17T12:31:49.049+0000] {processor.py:183} INFO - Processing /opt/airflow/dags/ml_pipeline.py took 0.133 seconds
[2025-08-17T12:32:19.210+0000] {processor.py:161} INFO - Started process (PID=329) to work on /opt/airflow/dags/ml_pipeline.py
[2025-08-17T12:32:19.211+0000] {processor.py:830} INFO - Processing file /opt/airflow/dags/ml_pipeline.py for tasks to queue
[2025-08-17T12:32:19.213+0000] {logging_mixin.py:188} INFO - [2025-08-17T12:32:19.212+0000] {dagbag.py:538} INFO - Filling up the DagBag from /opt/airflow/dags/ml_pipeline.py
[2025-08-17T12:32:19.256+0000] {processor.py:840} INFO - DAG(s) 'ml_pipeline' retrieved from /opt/airflow/dags/ml_pipeline.py
[2025-08-17T12:32:19.304+0000] {logging_mixin.py:188} INFO - [2025-08-17T12:32:19.304+0000] {dag.py:3036} INFO - Sync 1 DAGs
[2025-08-17T12:32:19.331+0000] {logging_mixin.py:188} INFO - [2025-08-17T12:32:19.330+0000] {dag.py:3823} INFO - Setting next_dagrun for ml_pipeline to None, run_after=None
[2025-08-17T12:32:19.375+0000] {processor.py:183} INFO - Processing /opt/airflow/dags/ml_pipeline.py took 0.173 seconds
[2025-08-17T12:32:49.451+0000] {processor.py:161} INFO - Started process (PID=337) to work on /opt/airflow/dags/ml_pipeline.py
[2025-08-17T12:32:49.452+0000] {processor.py:830} INFO - Processing file /opt/airflow/dags/ml_pipeline.py for tasks to queue
[2025-08-17T12:32:49.454+0000] {logging_mixin.py:188} INFO - [2025-08-17T12:32:49.453+0000] {dagbag.py:538} INFO - Filling up the DagBag from /opt/airflow/dags/ml_pipeline.py
[2025-08-17T12:32:49.481+0000] {processor.py:840} INFO - DAG(s) 'ml_pipeline' retrieved from /opt/airflow/dags/ml_pipeline.py
[2025-08-17T12:32:49.514+0000] {logging_mixin.py:188} INFO - [2025-08-17T12:32:49.514+0000] {dag.py:3036} INFO - Sync 1 DAGs
[2025-08-17T12:32:49.532+0000] {logging_mixin.py:188} INFO - [2025-08-17T12:32:49.531+0000] {dag.py:3823} INFO - Setting next_dagrun for ml_pipeline to None, run_after=None
[2025-08-17T12:32:49.559+0000] {processor.py:183} INFO - Processing /opt/airflow/dags/ml_pipeline.py took 0.113 seconds
[2025-08-17T12:33:19.779+0000] {processor.py:161} INFO - Started process (PID=342) to work on /opt/airflow/dags/ml_pipeline.py
[2025-08-17T12:33:19.781+0000] {processor.py:830} INFO - Processing file /opt/airflow/dags/ml_pipeline.py for tasks to queue
[2025-08-17T12:33:19.782+0000] {logging_mixin.py:188} INFO - [2025-08-17T12:33:19.782+0000] {dagbag.py:538} INFO - Filling up the DagBag from /opt/airflow/dags/ml_pipeline.py
[2025-08-17T12:33:19.812+0000] {processor.py:840} INFO - DAG(s) 'ml_pipeline' retrieved from /opt/airflow/dags/ml_pipeline.py
[2025-08-17T12:33:19.846+0000] {logging_mixin.py:188} INFO - [2025-08-17T12:33:19.846+0000] {dag.py:3036} INFO - Sync 1 DAGs
[2025-08-17T12:33:19.861+0000] {logging_mixin.py:188} INFO - [2025-08-17T12:33:19.861+0000] {dag.py:3823} INFO - Setting next_dagrun for ml_pipeline to None, run_after=None
[2025-08-17T12:33:19.890+0000] {processor.py:183} INFO - Processing /opt/airflow/dags/ml_pipeline.py took 0.114 seconds
[2025-08-17T12:33:50.024+0000] {processor.py:161} INFO - Started process (PID=347) to work on /opt/airflow/dags/ml_pipeline.py
[2025-08-17T12:33:50.025+0000] {processor.py:830} INFO - Processing file /opt/airflow/dags/ml_pipeline.py for tasks to queue
[2025-08-17T12:33:50.026+0000] {logging_mixin.py:188} INFO - [2025-08-17T12:33:50.026+0000] {dagbag.py:538} INFO - Filling up the DagBag from /opt/airflow/dags/ml_pipeline.py
[2025-08-17T12:33:50.054+0000] {processor.py:840} INFO - DAG(s) 'ml_pipeline' retrieved from /opt/airflow/dags/ml_pipeline.py
[2025-08-17T12:33:50.086+0000] {logging_mixin.py:188} INFO - [2025-08-17T12:33:50.086+0000] {dag.py:3036} INFO - Sync 1 DAGs
[2025-08-17T12:33:50.099+0000] {logging_mixin.py:188} INFO - [2025-08-17T12:33:50.099+0000] {dag.py:3823} INFO - Setting next_dagrun for ml_pipeline to None, run_after=None
[2025-08-17T12:33:50.137+0000] {processor.py:183} INFO - Processing /opt/airflow/dags/ml_pipeline.py took 0.118 seconds
[2025-08-17T12:34:20.285+0000] {processor.py:161} INFO - Started process (PID=352) to work on /opt/airflow/dags/ml_pipeline.py
[2025-08-17T12:34:20.286+0000] {processor.py:830} INFO - Processing file /opt/airflow/dags/ml_pipeline.py for tasks to queue
[2025-08-17T12:34:20.287+0000] {logging_mixin.py:188} INFO - [2025-08-17T12:34:20.287+0000] {dagbag.py:538} INFO - Filling up the DagBag from /opt/airflow/dags/ml_pipeline.py
[2025-08-17T12:34:20.312+0000] {processor.py:840} INFO - DAG(s) 'ml_pipeline' retrieved from /opt/airflow/dags/ml_pipeline.py
[2025-08-17T12:34:20.346+0000] {logging_mixin.py:188} INFO - [2025-08-17T12:34:20.346+0000] {dag.py:3036} INFO - Sync 1 DAGs
[2025-08-17T12:34:20.361+0000] {logging_mixin.py:188} INFO - [2025-08-17T12:34:20.361+0000] {dag.py:3823} INFO - Setting next_dagrun for ml_pipeline to None, run_after=None
[2025-08-17T12:34:20.392+0000] {processor.py:183} INFO - Processing /opt/airflow/dags/ml_pipeline.py took 0.111 seconds
[2025-08-17T12:34:50.556+0000] {processor.py:161} INFO - Started process (PID=357) to work on /opt/airflow/dags/ml_pipeline.py
[2025-08-17T12:34:50.557+0000] {processor.py:830} INFO - Processing file /opt/airflow/dags/ml_pipeline.py for tasks to queue
[2025-08-17T12:34:50.559+0000] {logging_mixin.py:188} INFO - [2025-08-17T12:34:50.558+0000] {dagbag.py:538} INFO - Filling up the DagBag from /opt/airflow/dags/ml_pipeline.py
[2025-08-17T12:34:50.583+0000] {processor.py:840} INFO - DAG(s) 'ml_pipeline' retrieved from /opt/airflow/dags/ml_pipeline.py
[2025-08-17T12:34:50.619+0000] {logging_mixin.py:188} INFO - [2025-08-17T12:34:50.619+0000] {dag.py:3036} INFO - Sync 1 DAGs
[2025-08-17T12:34:50.634+0000] {logging_mixin.py:188} INFO - [2025-08-17T12:34:50.634+0000] {dag.py:3823} INFO - Setting next_dagrun for ml_pipeline to None, run_after=None
[2025-08-17T12:34:50.658+0000] {processor.py:183} INFO - Processing /opt/airflow/dags/ml_pipeline.py took 0.107 seconds
[2025-08-17T12:35:20.784+0000] {processor.py:161} INFO - Started process (PID=362) to work on /opt/airflow/dags/ml_pipeline.py
[2025-08-17T12:35:20.786+0000] {processor.py:830} INFO - Processing file /opt/airflow/dags/ml_pipeline.py for tasks to queue
[2025-08-17T12:35:20.787+0000] {logging_mixin.py:188} INFO - [2025-08-17T12:35:20.787+0000] {dagbag.py:538} INFO - Filling up the DagBag from /opt/airflow/dags/ml_pipeline.py
[2025-08-17T12:35:20.819+0000] {processor.py:840} INFO - DAG(s) 'ml_pipeline' retrieved from /opt/airflow/dags/ml_pipeline.py
[2025-08-17T12:35:20.854+0000] {logging_mixin.py:188} INFO - [2025-08-17T12:35:20.854+0000] {dag.py:3036} INFO - Sync 1 DAGs
[2025-08-17T12:35:20.869+0000] {logging_mixin.py:188} INFO - [2025-08-17T12:35:20.869+0000] {dag.py:3823} INFO - Setting next_dagrun for ml_pipeline to None, run_after=None
[2025-08-17T12:35:20.897+0000] {processor.py:183} INFO - Processing /opt/airflow/dags/ml_pipeline.py took 0.117 seconds
[2025-08-17T12:35:51.036+0000] {processor.py:161} INFO - Started process (PID=367) to work on /opt/airflow/dags/ml_pipeline.py
[2025-08-17T12:35:51.038+0000] {processor.py:830} INFO - Processing file /opt/airflow/dags/ml_pipeline.py for tasks to queue
[2025-08-17T12:35:51.039+0000] {logging_mixin.py:188} INFO - [2025-08-17T12:35:51.039+0000] {dagbag.py:538} INFO - Filling up the DagBag from /opt/airflow/dags/ml_pipeline.py
[2025-08-17T12:35:51.067+0000] {processor.py:840} INFO - DAG(s) 'ml_pipeline' retrieved from /opt/airflow/dags/ml_pipeline.py
[2025-08-17T12:35:51.107+0000] {logging_mixin.py:188} INFO - [2025-08-17T12:35:51.106+0000] {dag.py:3036} INFO - Sync 1 DAGs
[2025-08-17T12:35:51.122+0000] {logging_mixin.py:188} INFO - [2025-08-17T12:35:51.122+0000] {dag.py:3823} INFO - Setting next_dagrun for ml_pipeline to None, run_after=None
[2025-08-17T12:35:51.148+0000] {processor.py:183} INFO - Processing /opt/airflow/dags/ml_pipeline.py took 0.116 seconds
[2025-08-17T12:36:21.300+0000] {processor.py:161} INFO - Started process (PID=372) to work on /opt/airflow/dags/ml_pipeline.py
[2025-08-17T12:36:21.302+0000] {processor.py:830} INFO - Processing file /opt/airflow/dags/ml_pipeline.py for tasks to queue
[2025-08-17T12:36:21.303+0000] {logging_mixin.py:188} INFO - [2025-08-17T12:36:21.303+0000] {dagbag.py:538} INFO - Filling up the DagBag from /opt/airflow/dags/ml_pipeline.py
[2025-08-17T12:36:21.330+0000] {processor.py:840} INFO - DAG(s) 'ml_pipeline' retrieved from /opt/airflow/dags/ml_pipeline.py
[2025-08-17T12:36:21.368+0000] {logging_mixin.py:188} INFO - [2025-08-17T12:36:21.367+0000] {dag.py:3036} INFO - Sync 1 DAGs
[2025-08-17T12:36:21.386+0000] {logging_mixin.py:188} INFO - [2025-08-17T12:36:21.386+0000] {dag.py:3823} INFO - Setting next_dagrun for ml_pipeline to None, run_after=None
[2025-08-17T12:36:21.416+0000] {processor.py:183} INFO - Processing /opt/airflow/dags/ml_pipeline.py took 0.121 seconds
[2025-08-17T12:36:51.594+0000] {processor.py:161} INFO - Started process (PID=377) to work on /opt/airflow/dags/ml_pipeline.py
[2025-08-17T12:36:51.595+0000] {processor.py:830} INFO - Processing file /opt/airflow/dags/ml_pipeline.py for tasks to queue
[2025-08-17T12:36:51.596+0000] {logging_mixin.py:188} INFO - [2025-08-17T12:36:51.596+0000] {dagbag.py:538} INFO - Filling up the DagBag from /opt/airflow/dags/ml_pipeline.py
[2025-08-17T12:36:51.625+0000] {processor.py:840} INFO - DAG(s) 'ml_pipeline' retrieved from /opt/airflow/dags/ml_pipeline.py
[2025-08-17T12:36:51.663+0000] {logging_mixin.py:188} INFO - [2025-08-17T12:36:51.663+0000] {dag.py:3036} INFO - Sync 1 DAGs
[2025-08-17T12:36:51.685+0000] {logging_mixin.py:188} INFO - [2025-08-17T12:36:51.684+0000] {dag.py:3823} INFO - Setting next_dagrun for ml_pipeline to None, run_after=None
[2025-08-17T12:36:51.710+0000] {processor.py:183} INFO - Processing /opt/airflow/dags/ml_pipeline.py took 0.120 seconds
[2025-08-17T12:37:21.830+0000] {processor.py:161} INFO - Started process (PID=382) to work on /opt/airflow/dags/ml_pipeline.py
[2025-08-17T12:37:21.832+0000] {processor.py:830} INFO - Processing file /opt/airflow/dags/ml_pipeline.py for tasks to queue
[2025-08-17T12:37:21.833+0000] {logging_mixin.py:188} INFO - [2025-08-17T12:37:21.833+0000] {dagbag.py:538} INFO - Filling up the DagBag from /opt/airflow/dags/ml_pipeline.py
[2025-08-17T12:37:21.858+0000] {processor.py:840} INFO - DAG(s) 'ml_pipeline' retrieved from /opt/airflow/dags/ml_pipeline.py
[2025-08-17T12:37:21.894+0000] {logging_mixin.py:188} INFO - [2025-08-17T12:37:21.893+0000] {dag.py:3036} INFO - Sync 1 DAGs
[2025-08-17T12:37:21.910+0000] {logging_mixin.py:188} INFO - [2025-08-17T12:37:21.910+0000] {dag.py:3823} INFO - Setting next_dagrun for ml_pipeline to None, run_after=None
[2025-08-17T12:37:21.939+0000] {processor.py:183} INFO - Processing /opt/airflow/dags/ml_pipeline.py took 0.112 seconds
[2025-08-17T12:37:52.091+0000] {processor.py:161} INFO - Started process (PID=387) to work on /opt/airflow/dags/ml_pipeline.py
[2025-08-17T12:37:52.092+0000] {processor.py:830} INFO - Processing file /opt/airflow/dags/ml_pipeline.py for tasks to queue
[2025-08-17T12:37:52.093+0000] {logging_mixin.py:188} INFO - [2025-08-17T12:37:52.093+0000] {dagbag.py:538} INFO - Filling up the DagBag from /opt/airflow/dags/ml_pipeline.py
[2025-08-17T12:37:52.132+0000] {processor.py:840} INFO - DAG(s) 'ml_pipeline' retrieved from /opt/airflow/dags/ml_pipeline.py
[2025-08-17T12:37:52.178+0000] {logging_mixin.py:188} INFO - [2025-08-17T12:37:52.178+0000] {dag.py:3036} INFO - Sync 1 DAGs
[2025-08-17T12:37:52.201+0000] {logging_mixin.py:188} INFO - [2025-08-17T12:37:52.200+0000] {dag.py:3823} INFO - Setting next_dagrun for ml_pipeline to None, run_after=None
[2025-08-17T12:37:52.233+0000] {processor.py:183} INFO - Processing /opt/airflow/dags/ml_pipeline.py took 0.147 seconds
[2025-08-17T12:38:22.346+0000] {processor.py:161} INFO - Started process (PID=392) to work on /opt/airflow/dags/ml_pipeline.py
[2025-08-17T12:38:22.347+0000] {processor.py:830} INFO - Processing file /opt/airflow/dags/ml_pipeline.py for tasks to queue
[2025-08-17T12:38:22.348+0000] {logging_mixin.py:188} INFO - [2025-08-17T12:38:22.348+0000] {dagbag.py:538} INFO - Filling up the DagBag from /opt/airflow/dags/ml_pipeline.py
[2025-08-17T12:38:22.373+0000] {processor.py:840} INFO - DAG(s) 'ml_pipeline' retrieved from /opt/airflow/dags/ml_pipeline.py
[2025-08-17T12:38:22.413+0000] {logging_mixin.py:188} INFO - [2025-08-17T12:38:22.413+0000] {dag.py:3036} INFO - Sync 1 DAGs
[2025-08-17T12:38:22.428+0000] {logging_mixin.py:188} INFO - [2025-08-17T12:38:22.428+0000] {dag.py:3823} INFO - Setting next_dagrun for ml_pipeline to None, run_after=None
[2025-08-17T12:38:22.453+0000] {processor.py:183} INFO - Processing /opt/airflow/dags/ml_pipeline.py took 0.112 seconds
[2025-08-17T12:38:52.629+0000] {processor.py:161} INFO - Started process (PID=397) to work on /opt/airflow/dags/ml_pipeline.py
[2025-08-17T12:38:52.631+0000] {processor.py:830} INFO - Processing file /opt/airflow/dags/ml_pipeline.py for tasks to queue
[2025-08-17T12:38:52.633+0000] {logging_mixin.py:188} INFO - [2025-08-17T12:38:52.633+0000] {dagbag.py:538} INFO - Filling up the DagBag from /opt/airflow/dags/ml_pipeline.py
[2025-08-17T12:38:52.679+0000] {processor.py:840} INFO - DAG(s) 'ml_pipeline' retrieved from /opt/airflow/dags/ml_pipeline.py
[2025-08-17T12:38:52.735+0000] {logging_mixin.py:188} INFO - [2025-08-17T12:38:52.734+0000] {dag.py:3036} INFO - Sync 1 DAGs
[2025-08-17T12:38:52.766+0000] {logging_mixin.py:188} INFO - [2025-08-17T12:38:52.766+0000] {dag.py:3823} INFO - Setting next_dagrun for ml_pipeline to None, run_after=None
[2025-08-17T12:38:52.803+0000] {processor.py:183} INFO - Processing /opt/airflow/dags/ml_pipeline.py took 0.182 seconds
[2025-08-17T12:39:23.023+0000] {processor.py:161} INFO - Started process (PID=402) to work on /opt/airflow/dags/ml_pipeline.py
[2025-08-17T12:39:23.024+0000] {processor.py:830} INFO - Processing file /opt/airflow/dags/ml_pipeline.py for tasks to queue
[2025-08-17T12:39:23.025+0000] {logging_mixin.py:188} INFO - [2025-08-17T12:39:23.025+0000] {dagbag.py:538} INFO - Filling up the DagBag from /opt/airflow/dags/ml_pipeline.py
[2025-08-17T12:39:23.052+0000] {processor.py:840} INFO - DAG(s) 'ml_pipeline' retrieved from /opt/airflow/dags/ml_pipeline.py
[2025-08-17T12:39:23.085+0000] {logging_mixin.py:188} INFO - [2025-08-17T12:39:23.085+0000] {dag.py:3036} INFO - Sync 1 DAGs
[2025-08-17T12:39:23.100+0000] {logging_mixin.py:188} INFO - [2025-08-17T12:39:23.100+0000] {dag.py:3823} INFO - Setting next_dagrun for ml_pipeline to None, run_after=None
[2025-08-17T12:39:23.131+0000] {processor.py:183} INFO - Processing /opt/airflow/dags/ml_pipeline.py took 0.113 seconds
[2025-08-17T12:39:53.220+0000] {processor.py:161} INFO - Started process (PID=407) to work on /opt/airflow/dags/ml_pipeline.py
[2025-08-17T12:39:53.222+0000] {processor.py:830} INFO - Processing file /opt/airflow/dags/ml_pipeline.py for tasks to queue
[2025-08-17T12:39:53.223+0000] {logging_mixin.py:188} INFO - [2025-08-17T12:39:53.223+0000] {dagbag.py:538} INFO - Filling up the DagBag from /opt/airflow/dags/ml_pipeline.py
[2025-08-17T12:39:53.247+0000] {processor.py:840} INFO - DAG(s) 'ml_pipeline' retrieved from /opt/airflow/dags/ml_pipeline.py
[2025-08-17T12:39:53.288+0000] {logging_mixin.py:188} INFO - [2025-08-17T12:39:53.287+0000] {dag.py:3036} INFO - Sync 1 DAGs
[2025-08-17T12:39:53.305+0000] {logging_mixin.py:188} INFO - [2025-08-17T12:39:53.305+0000] {dag.py:3823} INFO - Setting next_dagrun for ml_pipeline to None, run_after=None
[2025-08-17T12:39:53.340+0000] {processor.py:183} INFO - Processing /opt/airflow/dags/ml_pipeline.py took 0.124 seconds
[2025-08-17T12:40:23.589+0000] {processor.py:161} INFO - Started process (PID=434) to work on /opt/airflow/dags/ml_pipeline.py
[2025-08-17T12:40:23.590+0000] {processor.py:830} INFO - Processing file /opt/airflow/dags/ml_pipeline.py for tasks to queue
[2025-08-17T12:40:23.593+0000] {logging_mixin.py:188} INFO - [2025-08-17T12:40:23.592+0000] {dagbag.py:538} INFO - Filling up the DagBag from /opt/airflow/dags/ml_pipeline.py
[2025-08-17T12:40:23.647+0000] {processor.py:840} INFO - DAG(s) 'ml_pipeline' retrieved from /opt/airflow/dags/ml_pipeline.py
[2025-08-17T12:40:23.711+0000] {logging_mixin.py:188} INFO - [2025-08-17T12:40:23.710+0000] {dag.py:3036} INFO - Sync 1 DAGs
[2025-08-17T12:40:23.745+0000] {logging_mixin.py:188} INFO - [2025-08-17T12:40:23.745+0000] {dag.py:3823} INFO - Setting next_dagrun for ml_pipeline to None, run_after=None
[2025-08-17T12:40:23.856+0000] {processor.py:183} INFO - Processing /opt/airflow/dags/ml_pipeline.py took 0.276 seconds
[2025-08-17T12:40:54.086+0000] {processor.py:161} INFO - Started process (PID=460) to work on /opt/airflow/dags/ml_pipeline.py
[2025-08-17T12:40:54.093+0000] {processor.py:830} INFO - Processing file /opt/airflow/dags/ml_pipeline.py for tasks to queue
[2025-08-17T12:40:54.095+0000] {logging_mixin.py:188} INFO - [2025-08-17T12:40:54.095+0000] {dagbag.py:538} INFO - Filling up the DagBag from /opt/airflow/dags/ml_pipeline.py
[2025-08-17T12:40:54.127+0000] {processor.py:840} INFO - DAG(s) 'ml_pipeline' retrieved from /opt/airflow/dags/ml_pipeline.py
[2025-08-17T12:40:54.163+0000] {logging_mixin.py:188} INFO - [2025-08-17T12:40:54.163+0000] {dag.py:3036} INFO - Sync 1 DAGs
[2025-08-17T12:40:54.195+0000] {logging_mixin.py:188} INFO - [2025-08-17T12:40:54.194+0000] {dag.py:3823} INFO - Setting next_dagrun for ml_pipeline to None, run_after=None
[2025-08-17T12:40:54.236+0000] {processor.py:183} INFO - Processing /opt/airflow/dags/ml_pipeline.py took 0.155 seconds
[2025-08-17T12:41:24.454+0000] {processor.py:161} INFO - Started process (PID=465) to work on /opt/airflow/dags/ml_pipeline.py
[2025-08-17T12:41:24.456+0000] {processor.py:830} INFO - Processing file /opt/airflow/dags/ml_pipeline.py for tasks to queue
[2025-08-17T12:41:24.458+0000] {logging_mixin.py:188} INFO - [2025-08-17T12:41:24.457+0000] {dagbag.py:538} INFO - Filling up the DagBag from /opt/airflow/dags/ml_pipeline.py
[2025-08-17T12:41:24.482+0000] {processor.py:840} INFO - DAG(s) 'ml_pipeline' retrieved from /opt/airflow/dags/ml_pipeline.py
[2025-08-17T12:41:24.517+0000] {logging_mixin.py:188} INFO - [2025-08-17T12:41:24.517+0000] {dag.py:3036} INFO - Sync 1 DAGs
[2025-08-17T12:41:24.532+0000] {logging_mixin.py:188} INFO - [2025-08-17T12:41:24.531+0000] {dag.py:3823} INFO - Setting next_dagrun for ml_pipeline to None, run_after=None
[2025-08-17T12:41:24.569+0000] {processor.py:183} INFO - Processing /opt/airflow/dags/ml_pipeline.py took 0.120 seconds
[2025-08-17T12:41:54.697+0000] {processor.py:161} INFO - Started process (PID=470) to work on /opt/airflow/dags/ml_pipeline.py
[2025-08-17T12:41:54.698+0000] {processor.py:830} INFO - Processing file /opt/airflow/dags/ml_pipeline.py for tasks to queue
[2025-08-17T12:41:54.700+0000] {logging_mixin.py:188} INFO - [2025-08-17T12:41:54.699+0000] {dagbag.py:538} INFO - Filling up the DagBag from /opt/airflow/dags/ml_pipeline.py
[2025-08-17T12:41:54.725+0000] {processor.py:840} INFO - DAG(s) 'ml_pipeline' retrieved from /opt/airflow/dags/ml_pipeline.py
[2025-08-17T12:41:54.759+0000] {logging_mixin.py:188} INFO - [2025-08-17T12:41:54.759+0000] {dag.py:3036} INFO - Sync 1 DAGs
[2025-08-17T12:41:54.774+0000] {logging_mixin.py:188} INFO - [2025-08-17T12:41:54.773+0000] {dag.py:3823} INFO - Setting next_dagrun for ml_pipeline to None, run_after=None
[2025-08-17T12:41:54.797+0000] {processor.py:183} INFO - Processing /opt/airflow/dags/ml_pipeline.py took 0.105 seconds
[2025-08-17T12:42:24.953+0000] {processor.py:161} INFO - Started process (PID=475) to work on /opt/airflow/dags/ml_pipeline.py
[2025-08-17T12:42:24.954+0000] {processor.py:830} INFO - Processing file /opt/airflow/dags/ml_pipeline.py for tasks to queue
[2025-08-17T12:42:24.956+0000] {logging_mixin.py:188} INFO - [2025-08-17T12:42:24.956+0000] {dagbag.py:538} INFO - Filling up the DagBag from /opt/airflow/dags/ml_pipeline.py
[2025-08-17T12:42:24.995+0000] {processor.py:840} INFO - DAG(s) 'ml_pipeline' retrieved from /opt/airflow/dags/ml_pipeline.py
[2025-08-17T12:42:25.031+0000] {logging_mixin.py:188} INFO - [2025-08-17T12:42:25.031+0000] {dag.py:3036} INFO - Sync 1 DAGs
[2025-08-17T12:42:25.048+0000] {logging_mixin.py:188} INFO - [2025-08-17T12:42:25.047+0000] {dag.py:3823} INFO - Setting next_dagrun for ml_pipeline to None, run_after=None
[2025-08-17T12:42:25.077+0000] {processor.py:183} INFO - Processing /opt/airflow/dags/ml_pipeline.py took 0.129 seconds
[2025-08-17T12:42:55.175+0000] {processor.py:161} INFO - Started process (PID=480) to work on /opt/airflow/dags/ml_pipeline.py
[2025-08-17T12:42:55.176+0000] {processor.py:830} INFO - Processing file /opt/airflow/dags/ml_pipeline.py for tasks to queue
[2025-08-17T12:42:55.178+0000] {logging_mixin.py:188} INFO - [2025-08-17T12:42:55.177+0000] {dagbag.py:538} INFO - Filling up the DagBag from /opt/airflow/dags/ml_pipeline.py
[2025-08-17T12:42:55.201+0000] {processor.py:840} INFO - DAG(s) 'ml_pipeline' retrieved from /opt/airflow/dags/ml_pipeline.py
[2025-08-17T12:42:55.241+0000] {logging_mixin.py:188} INFO - [2025-08-17T12:42:55.240+0000] {dag.py:3036} INFO - Sync 1 DAGs
[2025-08-17T12:42:55.260+0000] {logging_mixin.py:188} INFO - [2025-08-17T12:42:55.260+0000] {dag.py:3823} INFO - Setting next_dagrun for ml_pipeline to None, run_after=None
[2025-08-17T12:42:55.287+0000] {processor.py:183} INFO - Processing /opt/airflow/dags/ml_pipeline.py took 0.116 seconds
[2025-08-17T12:43:25.494+0000] {processor.py:161} INFO - Started process (PID=485) to work on /opt/airflow/dags/ml_pipeline.py
[2025-08-17T12:43:25.496+0000] {processor.py:830} INFO - Processing file /opt/airflow/dags/ml_pipeline.py for tasks to queue
[2025-08-17T12:43:25.497+0000] {logging_mixin.py:188} INFO - [2025-08-17T12:43:25.496+0000] {dagbag.py:538} INFO - Filling up the DagBag from /opt/airflow/dags/ml_pipeline.py
[2025-08-17T12:43:25.523+0000] {processor.py:840} INFO - DAG(s) 'ml_pipeline' retrieved from /opt/airflow/dags/ml_pipeline.py
[2025-08-17T12:43:25.555+0000] {logging_mixin.py:188} INFO - [2025-08-17T12:43:25.555+0000] {dag.py:3036} INFO - Sync 1 DAGs
[2025-08-17T12:43:25.570+0000] {logging_mixin.py:188} INFO - [2025-08-17T12:43:25.570+0000] {dag.py:3823} INFO - Setting next_dagrun for ml_pipeline to None, run_after=None
[2025-08-17T12:43:25.595+0000] {processor.py:183} INFO - Processing /opt/airflow/dags/ml_pipeline.py took 0.105 seconds
[2025-08-17T12:43:55.699+0000] {processor.py:161} INFO - Started process (PID=490) to work on /opt/airflow/dags/ml_pipeline.py
[2025-08-17T12:43:55.700+0000] {processor.py:830} INFO - Processing file /opt/airflow/dags/ml_pipeline.py for tasks to queue
[2025-08-17T12:43:55.702+0000] {logging_mixin.py:188} INFO - [2025-08-17T12:43:55.701+0000] {dagbag.py:538} INFO - Filling up the DagBag from /opt/airflow/dags/ml_pipeline.py
[2025-08-17T12:43:55.728+0000] {processor.py:840} INFO - DAG(s) 'ml_pipeline' retrieved from /opt/airflow/dags/ml_pipeline.py
[2025-08-17T12:43:55.763+0000] {logging_mixin.py:188} INFO - [2025-08-17T12:43:55.763+0000] {dag.py:3036} INFO - Sync 1 DAGs
[2025-08-17T12:43:55.778+0000] {logging_mixin.py:188} INFO - [2025-08-17T12:43:55.778+0000] {dag.py:3823} INFO - Setting next_dagrun for ml_pipeline to None, run_after=None
[2025-08-17T12:43:55.809+0000] {processor.py:183} INFO - Processing /opt/airflow/dags/ml_pipeline.py took 0.115 seconds
[2025-08-17T12:44:25.998+0000] {processor.py:161} INFO - Started process (PID=495) to work on /opt/airflow/dags/ml_pipeline.py
[2025-08-17T12:44:26.000+0000] {processor.py:830} INFO - Processing file /opt/airflow/dags/ml_pipeline.py for tasks to queue
[2025-08-17T12:44:26.001+0000] {logging_mixin.py:188} INFO - [2025-08-17T12:44:26.001+0000] {dagbag.py:538} INFO - Filling up the DagBag from /opt/airflow/dags/ml_pipeline.py
[2025-08-17T12:44:26.027+0000] {processor.py:840} INFO - DAG(s) 'ml_pipeline' retrieved from /opt/airflow/dags/ml_pipeline.py
[2025-08-17T12:44:26.060+0000] {logging_mixin.py:188} INFO - [2025-08-17T12:44:26.060+0000] {dag.py:3036} INFO - Sync 1 DAGs
[2025-08-17T12:44:26.075+0000] {logging_mixin.py:188} INFO - [2025-08-17T12:44:26.075+0000] {dag.py:3823} INFO - Setting next_dagrun for ml_pipeline to None, run_after=None
[2025-08-17T12:44:26.105+0000] {processor.py:183} INFO - Processing /opt/airflow/dags/ml_pipeline.py took 0.110 seconds
[2025-08-17T12:44:56.202+0000] {processor.py:161} INFO - Started process (PID=500) to work on /opt/airflow/dags/ml_pipeline.py
[2025-08-17T12:44:56.203+0000] {processor.py:830} INFO - Processing file /opt/airflow/dags/ml_pipeline.py for tasks to queue
[2025-08-17T12:44:56.204+0000] {logging_mixin.py:188} INFO - [2025-08-17T12:44:56.204+0000] {dagbag.py:538} INFO - Filling up the DagBag from /opt/airflow/dags/ml_pipeline.py
[2025-08-17T12:44:56.229+0000] {processor.py:840} INFO - DAG(s) 'ml_pipeline' retrieved from /opt/airflow/dags/ml_pipeline.py
[2025-08-17T12:44:56.269+0000] {logging_mixin.py:188} INFO - [2025-08-17T12:44:56.268+0000] {dag.py:3036} INFO - Sync 1 DAGs
[2025-08-17T12:44:56.288+0000] {logging_mixin.py:188} INFO - [2025-08-17T12:44:56.288+0000] {dag.py:3823} INFO - Setting next_dagrun for ml_pipeline to None, run_after=None
[2025-08-17T12:44:56.312+0000] {processor.py:183} INFO - Processing /opt/airflow/dags/ml_pipeline.py took 0.114 seconds
[2025-08-17T12:45:26.477+0000] {processor.py:161} INFO - Started process (PID=505) to work on /opt/airflow/dags/ml_pipeline.py
[2025-08-17T12:45:26.478+0000] {processor.py:830} INFO - Processing file /opt/airflow/dags/ml_pipeline.py for tasks to queue
[2025-08-17T12:45:26.479+0000] {logging_mixin.py:188} INFO - [2025-08-17T12:45:26.479+0000] {dagbag.py:538} INFO - Filling up the DagBag from /opt/airflow/dags/ml_pipeline.py
[2025-08-17T12:45:26.506+0000] {processor.py:840} INFO - DAG(s) 'ml_pipeline' retrieved from /opt/airflow/dags/ml_pipeline.py
[2025-08-17T12:45:26.538+0000] {logging_mixin.py:188} INFO - [2025-08-17T12:45:26.538+0000] {dag.py:3036} INFO - Sync 1 DAGs
[2025-08-17T12:45:26.553+0000] {logging_mixin.py:188} INFO - [2025-08-17T12:45:26.552+0000] {dag.py:3823} INFO - Setting next_dagrun for ml_pipeline to None, run_after=None
[2025-08-17T12:45:26.579+0000] {processor.py:183} INFO - Processing /opt/airflow/dags/ml_pipeline.py took 0.106 seconds
[2025-08-17T12:45:56.701+0000] {processor.py:161} INFO - Started process (PID=531) to work on /opt/airflow/dags/ml_pipeline.py
[2025-08-17T12:45:56.702+0000] {processor.py:830} INFO - Processing file /opt/airflow/dags/ml_pipeline.py for tasks to queue
[2025-08-17T12:45:56.704+0000] {logging_mixin.py:188} INFO - [2025-08-17T12:45:56.703+0000] {dagbag.py:538} INFO - Filling up the DagBag from /opt/airflow/dags/ml_pipeline.py
[2025-08-17T12:45:56.730+0000] {processor.py:840} INFO - DAG(s) 'ml_pipeline' retrieved from /opt/airflow/dags/ml_pipeline.py
[2025-08-17T12:45:56.766+0000] {logging_mixin.py:188} INFO - [2025-08-17T12:45:56.766+0000] {dag.py:3036} INFO - Sync 1 DAGs
[2025-08-17T12:45:56.782+0000] {logging_mixin.py:188} INFO - [2025-08-17T12:45:56.782+0000] {dag.py:3823} INFO - Setting next_dagrun for ml_pipeline to None, run_after=None
[2025-08-17T12:45:56.807+0000] {processor.py:183} INFO - Processing /opt/airflow/dags/ml_pipeline.py took 0.110 seconds
[2025-08-17T12:46:26.963+0000] {processor.py:161} INFO - Started process (PID=536) to work on /opt/airflow/dags/ml_pipeline.py
[2025-08-17T12:46:26.965+0000] {processor.py:830} INFO - Processing file /opt/airflow/dags/ml_pipeline.py for tasks to queue
[2025-08-17T12:46:26.966+0000] {logging_mixin.py:188} INFO - [2025-08-17T12:46:26.966+0000] {dagbag.py:538} INFO - Filling up the DagBag from /opt/airflow/dags/ml_pipeline.py
[2025-08-17T12:46:26.993+0000] {processor.py:840} INFO - DAG(s) 'ml_pipeline' retrieved from /opt/airflow/dags/ml_pipeline.py
[2025-08-17T12:46:27.026+0000] {logging_mixin.py:188} INFO - [2025-08-17T12:46:27.026+0000] {dag.py:3036} INFO - Sync 1 DAGs
[2025-08-17T12:46:27.043+0000] {logging_mixin.py:188} INFO - [2025-08-17T12:46:27.043+0000] {dag.py:3823} INFO - Setting next_dagrun for ml_pipeline to None, run_after=None
[2025-08-17T12:46:27.069+0000] {processor.py:183} INFO - Processing /opt/airflow/dags/ml_pipeline.py took 0.110 seconds
[2025-08-17T12:46:57.242+0000] {processor.py:161} INFO - Started process (PID=541) to work on /opt/airflow/dags/ml_pipeline.py
[2025-08-17T12:46:57.243+0000] {processor.py:830} INFO - Processing file /opt/airflow/dags/ml_pipeline.py for tasks to queue
[2025-08-17T12:46:57.245+0000] {logging_mixin.py:188} INFO - [2025-08-17T12:46:57.244+0000] {dagbag.py:538} INFO - Filling up the DagBag from /opt/airflow/dags/ml_pipeline.py
[2025-08-17T12:46:57.273+0000] {processor.py:840} INFO - DAG(s) 'ml_pipeline' retrieved from /opt/airflow/dags/ml_pipeline.py
[2025-08-17T12:46:57.305+0000] {logging_mixin.py:188} INFO - [2025-08-17T12:46:57.305+0000] {dag.py:3036} INFO - Sync 1 DAGs
[2025-08-17T12:46:57.319+0000] {logging_mixin.py:188} INFO - [2025-08-17T12:46:57.319+0000] {dag.py:3823} INFO - Setting next_dagrun for ml_pipeline to None, run_after=None
[2025-08-17T12:46:57.349+0000] {processor.py:183} INFO - Processing /opt/airflow/dags/ml_pipeline.py took 0.110 seconds
[2025-08-17T12:47:27.456+0000] {processor.py:161} INFO - Started process (PID=546) to work on /opt/airflow/dags/ml_pipeline.py
[2025-08-17T12:47:27.457+0000] {processor.py:830} INFO - Processing file /opt/airflow/dags/ml_pipeline.py for tasks to queue
[2025-08-17T12:47:27.459+0000] {logging_mixin.py:188} INFO - [2025-08-17T12:47:27.458+0000] {dagbag.py:538} INFO - Filling up the DagBag from /opt/airflow/dags/ml_pipeline.py
[2025-08-17T12:47:27.486+0000] {processor.py:840} INFO - DAG(s) 'ml_pipeline' retrieved from /opt/airflow/dags/ml_pipeline.py
[2025-08-17T12:47:27.524+0000] {logging_mixin.py:188} INFO - [2025-08-17T12:47:27.523+0000] {dag.py:3036} INFO - Sync 1 DAGs
[2025-08-17T12:47:27.540+0000] {logging_mixin.py:188} INFO - [2025-08-17T12:47:27.539+0000] {dag.py:3823} INFO - Setting next_dagrun for ml_pipeline to None, run_after=None
[2025-08-17T12:47:27.565+0000] {processor.py:183} INFO - Processing /opt/airflow/dags/ml_pipeline.py took 0.113 seconds
[2025-08-17T12:47:57.764+0000] {processor.py:161} INFO - Started process (PID=551) to work on /opt/airflow/dags/ml_pipeline.py
[2025-08-17T12:47:57.765+0000] {processor.py:830} INFO - Processing file /opt/airflow/dags/ml_pipeline.py for tasks to queue
[2025-08-17T12:47:57.767+0000] {logging_mixin.py:188} INFO - [2025-08-17T12:47:57.766+0000] {dagbag.py:538} INFO - Filling up the DagBag from /opt/airflow/dags/ml_pipeline.py
[2025-08-17T12:47:57.795+0000] {processor.py:840} INFO - DAG(s) 'ml_pipeline' retrieved from /opt/airflow/dags/ml_pipeline.py
[2025-08-17T12:47:57.833+0000] {logging_mixin.py:188} INFO - [2025-08-17T12:47:57.832+0000] {dag.py:3036} INFO - Sync 1 DAGs
[2025-08-17T12:47:57.849+0000] {logging_mixin.py:188} INFO - [2025-08-17T12:47:57.849+0000] {dag.py:3823} INFO - Setting next_dagrun for ml_pipeline to None, run_after=None
[2025-08-17T12:47:57.876+0000] {processor.py:183} INFO - Processing /opt/airflow/dags/ml_pipeline.py took 0.116 seconds
[2025-08-17T12:48:27.964+0000] {processor.py:161} INFO - Started process (PID=556) to work on /opt/airflow/dags/ml_pipeline.py
[2025-08-17T12:48:27.965+0000] {processor.py:830} INFO - Processing file /opt/airflow/dags/ml_pipeline.py for tasks to queue
[2025-08-17T12:48:27.966+0000] {logging_mixin.py:188} INFO - [2025-08-17T12:48:27.966+0000] {dagbag.py:538} INFO - Filling up the DagBag from /opt/airflow/dags/ml_pipeline.py
[2025-08-17T12:48:27.995+0000] {processor.py:840} INFO - DAG(s) 'ml_pipeline' retrieved from /opt/airflow/dags/ml_pipeline.py
[2025-08-17T12:48:28.031+0000] {logging_mixin.py:188} INFO - [2025-08-17T12:48:28.030+0000] {dag.py:3036} INFO - Sync 1 DAGs
[2025-08-17T12:48:28.047+0000] {logging_mixin.py:188} INFO - [2025-08-17T12:48:28.046+0000] {dag.py:3823} INFO - Setting next_dagrun for ml_pipeline to None, run_after=None
[2025-08-17T12:48:28.072+0000] {processor.py:183} INFO - Processing /opt/airflow/dags/ml_pipeline.py took 0.113 seconds
[2025-08-17T12:48:58.263+0000] {processor.py:161} INFO - Started process (PID=561) to work on /opt/airflow/dags/ml_pipeline.py
[2025-08-17T12:48:58.264+0000] {processor.py:830} INFO - Processing file /opt/airflow/dags/ml_pipeline.py for tasks to queue
[2025-08-17T12:48:58.265+0000] {logging_mixin.py:188} INFO - [2025-08-17T12:48:58.265+0000] {dagbag.py:538} INFO - Filling up the DagBag from /opt/airflow/dags/ml_pipeline.py
[2025-08-17T12:48:58.292+0000] {processor.py:840} INFO - DAG(s) 'ml_pipeline' retrieved from /opt/airflow/dags/ml_pipeline.py
[2025-08-17T12:48:58.325+0000] {logging_mixin.py:188} INFO - [2025-08-17T12:48:58.325+0000] {dag.py:3036} INFO - Sync 1 DAGs
[2025-08-17T12:48:58.340+0000] {logging_mixin.py:188} INFO - [2025-08-17T12:48:58.339+0000] {dag.py:3823} INFO - Setting next_dagrun for ml_pipeline to None, run_after=None
[2025-08-17T12:48:58.364+0000] {processor.py:183} INFO - Processing /opt/airflow/dags/ml_pipeline.py took 0.105 seconds
[2025-08-17T12:49:28.470+0000] {processor.py:161} INFO - Started process (PID=566) to work on /opt/airflow/dags/ml_pipeline.py
[2025-08-17T12:49:28.472+0000] {processor.py:830} INFO - Processing file /opt/airflow/dags/ml_pipeline.py for tasks to queue
[2025-08-17T12:49:28.473+0000] {logging_mixin.py:188} INFO - [2025-08-17T12:49:28.473+0000] {dagbag.py:538} INFO - Filling up the DagBag from /opt/airflow/dags/ml_pipeline.py
[2025-08-17T12:49:28.500+0000] {processor.py:840} INFO - DAG(s) 'ml_pipeline' retrieved from /opt/airflow/dags/ml_pipeline.py
[2025-08-17T12:49:28.538+0000] {logging_mixin.py:188} INFO - [2025-08-17T12:49:28.538+0000] {dag.py:3036} INFO - Sync 1 DAGs
[2025-08-17T12:49:28.552+0000] {logging_mixin.py:188} INFO - [2025-08-17T12:49:28.552+0000] {dag.py:3823} INFO - Setting next_dagrun for ml_pipeline to None, run_after=None
[2025-08-17T12:49:28.577+0000] {processor.py:183} INFO - Processing /opt/airflow/dags/ml_pipeline.py took 0.111 seconds
[2025-08-17T12:49:58.757+0000] {processor.py:161} INFO - Started process (PID=571) to work on /opt/airflow/dags/ml_pipeline.py
[2025-08-17T12:49:58.758+0000] {processor.py:830} INFO - Processing file /opt/airflow/dags/ml_pipeline.py for tasks to queue
[2025-08-17T12:49:58.759+0000] {logging_mixin.py:188} INFO - [2025-08-17T12:49:58.759+0000] {dagbag.py:538} INFO - Filling up the DagBag from /opt/airflow/dags/ml_pipeline.py
[2025-08-17T12:49:58.785+0000] {processor.py:840} INFO - DAG(s) 'ml_pipeline' retrieved from /opt/airflow/dags/ml_pipeline.py
[2025-08-17T12:49:58.817+0000] {logging_mixin.py:188} INFO - [2025-08-17T12:49:58.816+0000] {dag.py:3036} INFO - Sync 1 DAGs
[2025-08-17T12:49:58.832+0000] {logging_mixin.py:188} INFO - [2025-08-17T12:49:58.832+0000] {dag.py:3823} INFO - Setting next_dagrun for ml_pipeline to None, run_after=None
[2025-08-17T12:49:58.858+0000] {processor.py:183} INFO - Processing /opt/airflow/dags/ml_pipeline.py took 0.104 seconds
[2025-08-17T12:50:28.972+0000] {processor.py:161} INFO - Started process (PID=576) to work on /opt/airflow/dags/ml_pipeline.py
[2025-08-17T12:50:28.973+0000] {processor.py:830} INFO - Processing file /opt/airflow/dags/ml_pipeline.py for tasks to queue
[2025-08-17T12:50:28.975+0000] {logging_mixin.py:188} INFO - [2025-08-17T12:50:28.974+0000] {dagbag.py:538} INFO - Filling up the DagBag from /opt/airflow/dags/ml_pipeline.py
[2025-08-17T12:50:29.002+0000] {processor.py:840} INFO - DAG(s) 'ml_pipeline' retrieved from /opt/airflow/dags/ml_pipeline.py
[2025-08-17T12:50:29.035+0000] {logging_mixin.py:188} INFO - [2025-08-17T12:50:29.035+0000] {dag.py:3036} INFO - Sync 1 DAGs
[2025-08-17T12:50:29.050+0000] {logging_mixin.py:188} INFO - [2025-08-17T12:50:29.050+0000] {dag.py:3823} INFO - Setting next_dagrun for ml_pipeline to None, run_after=None
[2025-08-17T12:50:29.076+0000] {processor.py:183} INFO - Processing /opt/airflow/dags/ml_pipeline.py took 0.109 seconds
[2025-08-17T12:50:59.250+0000] {processor.py:161} INFO - Started process (PID=581) to work on /opt/airflow/dags/ml_pipeline.py
[2025-08-17T12:50:59.251+0000] {processor.py:830} INFO - Processing file /opt/airflow/dags/ml_pipeline.py for tasks to queue
[2025-08-17T12:50:59.252+0000] {logging_mixin.py:188} INFO - [2025-08-17T12:50:59.252+0000] {dagbag.py:538} INFO - Filling up the DagBag from /opt/airflow/dags/ml_pipeline.py
[2025-08-17T12:50:59.281+0000] {processor.py:840} INFO - DAG(s) 'ml_pipeline' retrieved from /opt/airflow/dags/ml_pipeline.py
[2025-08-17T12:50:59.314+0000] {logging_mixin.py:188} INFO - [2025-08-17T12:50:59.314+0000] {dag.py:3036} INFO - Sync 1 DAGs
[2025-08-17T12:50:59.330+0000] {logging_mixin.py:188} INFO - [2025-08-17T12:50:59.330+0000] {dag.py:3823} INFO - Setting next_dagrun for ml_pipeline to None, run_after=None
[2025-08-17T12:50:59.353+0000] {processor.py:183} INFO - Processing /opt/airflow/dags/ml_pipeline.py took 0.107 seconds
[2025-08-17T12:51:29.472+0000] {processor.py:161} INFO - Started process (PID=586) to work on /opt/airflow/dags/ml_pipeline.py
[2025-08-17T12:51:29.473+0000] {processor.py:830} INFO - Processing file /opt/airflow/dags/ml_pipeline.py for tasks to queue
[2025-08-17T12:51:29.475+0000] {logging_mixin.py:188} INFO - [2025-08-17T12:51:29.474+0000] {dagbag.py:538} INFO - Filling up the DagBag from /opt/airflow/dags/ml_pipeline.py
[2025-08-17T12:51:29.503+0000] {processor.py:840} INFO - DAG(s) 'ml_pipeline' retrieved from /opt/airflow/dags/ml_pipeline.py
[2025-08-17T12:51:29.538+0000] {logging_mixin.py:188} INFO - [2025-08-17T12:51:29.538+0000] {dag.py:3036} INFO - Sync 1 DAGs
[2025-08-17T12:51:29.554+0000] {logging_mixin.py:188} INFO - [2025-08-17T12:51:29.554+0000] {dag.py:3823} INFO - Setting next_dagrun for ml_pipeline to None, run_after=None
[2025-08-17T12:51:29.580+0000] {processor.py:183} INFO - Processing /opt/airflow/dags/ml_pipeline.py took 0.112 seconds
[2025-08-17T12:51:59.785+0000] {processor.py:161} INFO - Started process (PID=591) to work on /opt/airflow/dags/ml_pipeline.py
[2025-08-17T12:51:59.786+0000] {processor.py:830} INFO - Processing file /opt/airflow/dags/ml_pipeline.py for tasks to queue
[2025-08-17T12:51:59.788+0000] {logging_mixin.py:188} INFO - [2025-08-17T12:51:59.787+0000] {dagbag.py:538} INFO - Filling up the DagBag from /opt/airflow/dags/ml_pipeline.py
[2025-08-17T12:51:59.816+0000] {processor.py:840} INFO - DAG(s) 'ml_pipeline' retrieved from /opt/airflow/dags/ml_pipeline.py
[2025-08-17T12:51:59.849+0000] {logging_mixin.py:188} INFO - [2025-08-17T12:51:59.848+0000] {dag.py:3036} INFO - Sync 1 DAGs
[2025-08-17T12:51:59.862+0000] {logging_mixin.py:188} INFO - [2025-08-17T12:51:59.862+0000] {dag.py:3823} INFO - Setting next_dagrun for ml_pipeline to None, run_after=None
[2025-08-17T12:51:59.885+0000] {processor.py:183} INFO - Processing /opt/airflow/dags/ml_pipeline.py took 0.104 seconds
[2025-08-17T12:52:30.006+0000] {processor.py:161} INFO - Started process (PID=596) to work on /opt/airflow/dags/ml_pipeline.py
[2025-08-17T12:52:30.008+0000] {processor.py:830} INFO - Processing file /opt/airflow/dags/ml_pipeline.py for tasks to queue
[2025-08-17T12:52:30.009+0000] {logging_mixin.py:188} INFO - [2025-08-17T12:52:30.009+0000] {dagbag.py:538} INFO - Filling up the DagBag from /opt/airflow/dags/ml_pipeline.py
[2025-08-17T12:52:30.036+0000] {processor.py:840} INFO - DAG(s) 'ml_pipeline' retrieved from /opt/airflow/dags/ml_pipeline.py
[2025-08-17T12:52:30.071+0000] {logging_mixin.py:188} INFO - [2025-08-17T12:52:30.070+0000] {dag.py:3036} INFO - Sync 1 DAGs
[2025-08-17T12:52:30.088+0000] {logging_mixin.py:188} INFO - [2025-08-17T12:52:30.087+0000] {dag.py:3823} INFO - Setting next_dagrun for ml_pipeline to None, run_after=None
[2025-08-17T12:52:30.114+0000] {processor.py:183} INFO - Processing /opt/airflow/dags/ml_pipeline.py took 0.113 seconds
[2025-08-17T12:53:00.272+0000] {processor.py:161} INFO - Started process (PID=623) to work on /opt/airflow/dags/ml_pipeline.py
[2025-08-17T12:53:00.274+0000] {processor.py:830} INFO - Processing file /opt/airflow/dags/ml_pipeline.py for tasks to queue
[2025-08-17T12:53:00.275+0000] {logging_mixin.py:188} INFO - [2025-08-17T12:53:00.275+0000] {dagbag.py:538} INFO - Filling up the DagBag from /opt/airflow/dags/ml_pipeline.py
[2025-08-17T12:53:00.303+0000] {processor.py:840} INFO - DAG(s) 'ml_pipeline' retrieved from /opt/airflow/dags/ml_pipeline.py
[2025-08-17T12:53:00.340+0000] {logging_mixin.py:188} INFO - [2025-08-17T12:53:00.340+0000] {dag.py:3036} INFO - Sync 1 DAGs
[2025-08-17T12:53:00.362+0000] {logging_mixin.py:188} INFO - [2025-08-17T12:53:00.362+0000] {dag.py:3823} INFO - Setting next_dagrun for ml_pipeline to None, run_after=None
[2025-08-17T12:53:00.400+0000] {processor.py:183} INFO - Processing /opt/airflow/dags/ml_pipeline.py took 0.136 seconds
[2025-08-17T12:53:30.509+0000] {processor.py:161} INFO - Started process (PID=649) to work on /opt/airflow/dags/ml_pipeline.py
[2025-08-17T12:53:30.510+0000] {processor.py:830} INFO - Processing file /opt/airflow/dags/ml_pipeline.py for tasks to queue
[2025-08-17T12:53:30.512+0000] {logging_mixin.py:188} INFO - [2025-08-17T12:53:30.511+0000] {dagbag.py:538} INFO - Filling up the DagBag from /opt/airflow/dags/ml_pipeline.py
[2025-08-17T12:53:30.538+0000] {processor.py:840} INFO - DAG(s) 'ml_pipeline' retrieved from /opt/airflow/dags/ml_pipeline.py
[2025-08-17T12:53:30.580+0000] {logging_mixin.py:188} INFO - [2025-08-17T12:53:30.580+0000] {dag.py:3036} INFO - Sync 1 DAGs
[2025-08-17T12:53:30.596+0000] {logging_mixin.py:188} INFO - [2025-08-17T12:53:30.596+0000] {dag.py:3823} INFO - Setting next_dagrun for ml_pipeline to None, run_after=None
[2025-08-17T12:53:30.624+0000] {processor.py:183} INFO - Processing /opt/airflow/dags/ml_pipeline.py took 0.119 seconds
[2025-08-17T12:54:00.821+0000] {processor.py:161} INFO - Started process (PID=654) to work on /opt/airflow/dags/ml_pipeline.py
[2025-08-17T12:54:00.822+0000] {processor.py:830} INFO - Processing file /opt/airflow/dags/ml_pipeline.py for tasks to queue
[2025-08-17T12:54:00.824+0000] {logging_mixin.py:188} INFO - [2025-08-17T12:54:00.823+0000] {dagbag.py:538} INFO - Filling up the DagBag from /opt/airflow/dags/ml_pipeline.py
[2025-08-17T12:54:00.852+0000] {processor.py:840} INFO - DAG(s) 'ml_pipeline' retrieved from /opt/airflow/dags/ml_pipeline.py
[2025-08-17T12:54:00.885+0000] {logging_mixin.py:188} INFO - [2025-08-17T12:54:00.885+0000] {dag.py:3036} INFO - Sync 1 DAGs
[2025-08-17T12:54:00.899+0000] {logging_mixin.py:188} INFO - [2025-08-17T12:54:00.899+0000] {dag.py:3823} INFO - Setting next_dagrun for ml_pipeline to None, run_after=None
[2025-08-17T12:54:00.924+0000] {processor.py:183} INFO - Processing /opt/airflow/dags/ml_pipeline.py took 0.107 seconds
[2025-08-17T12:54:31.025+0000] {processor.py:161} INFO - Started process (PID=659) to work on /opt/airflow/dags/ml_pipeline.py
[2025-08-17T12:54:31.027+0000] {processor.py:830} INFO - Processing file /opt/airflow/dags/ml_pipeline.py for tasks to queue
[2025-08-17T12:54:31.028+0000] {logging_mixin.py:188} INFO - [2025-08-17T12:54:31.028+0000] {dagbag.py:538} INFO - Filling up the DagBag from /opt/airflow/dags/ml_pipeline.py
[2025-08-17T12:54:31.059+0000] {processor.py:840} INFO - DAG(s) 'ml_pipeline' retrieved from /opt/airflow/dags/ml_pipeline.py
[2025-08-17T12:54:31.095+0000] {logging_mixin.py:188} INFO - [2025-08-17T12:54:31.094+0000] {dag.py:3036} INFO - Sync 1 DAGs
[2025-08-17T12:54:31.110+0000] {logging_mixin.py:188} INFO - [2025-08-17T12:54:31.110+0000] {dag.py:3823} INFO - Setting next_dagrun for ml_pipeline to None, run_after=None
[2025-08-17T12:54:31.140+0000] {processor.py:183} INFO - Processing /opt/airflow/dags/ml_pipeline.py took 0.119 seconds
[2025-08-17T12:55:01.356+0000] {processor.py:161} INFO - Started process (PID=664) to work on /opt/airflow/dags/ml_pipeline.py
[2025-08-17T12:55:01.358+0000] {processor.py:830} INFO - Processing file /opt/airflow/dags/ml_pipeline.py for tasks to queue
[2025-08-17T12:55:01.362+0000] {logging_mixin.py:188} INFO - [2025-08-17T12:55:01.361+0000] {dagbag.py:538} INFO - Filling up the DagBag from /opt/airflow/dags/ml_pipeline.py
[2025-08-17T12:55:01.389+0000] {processor.py:840} INFO - DAG(s) 'ml_pipeline' retrieved from /opt/airflow/dags/ml_pipeline.py
[2025-08-17T12:55:01.433+0000] {logging_mixin.py:188} INFO - [2025-08-17T12:55:01.433+0000] {dag.py:3036} INFO - Sync 1 DAGs
[2025-08-17T12:55:01.452+0000] {logging_mixin.py:188} INFO - [2025-08-17T12:55:01.451+0000] {dag.py:3823} INFO - Setting next_dagrun for ml_pipeline to None, run_after=None
[2025-08-17T12:55:01.486+0000] {processor.py:183} INFO - Processing /opt/airflow/dags/ml_pipeline.py took 0.137 seconds
[2025-08-17T12:55:31.568+0000] {processor.py:161} INFO - Started process (PID=669) to work on /opt/airflow/dags/ml_pipeline.py
[2025-08-17T12:55:31.569+0000] {processor.py:830} INFO - Processing file /opt/airflow/dags/ml_pipeline.py for tasks to queue
[2025-08-17T12:55:31.570+0000] {logging_mixin.py:188} INFO - [2025-08-17T12:55:31.570+0000] {dagbag.py:538} INFO - Filling up the DagBag from /opt/airflow/dags/ml_pipeline.py
[2025-08-17T12:55:31.598+0000] {processor.py:840} INFO - DAG(s) 'ml_pipeline' retrieved from /opt/airflow/dags/ml_pipeline.py
[2025-08-17T12:55:31.632+0000] {logging_mixin.py:188} INFO - [2025-08-17T12:55:31.632+0000] {dag.py:3036} INFO - Sync 1 DAGs
[2025-08-17T12:55:31.647+0000] {logging_mixin.py:188} INFO - [2025-08-17T12:55:31.647+0000] {dag.py:3823} INFO - Setting next_dagrun for ml_pipeline to None, run_after=None
[2025-08-17T12:55:31.674+0000] {processor.py:183} INFO - Processing /opt/airflow/dags/ml_pipeline.py took 0.110 seconds
[2025-08-17T12:56:01.891+0000] {processor.py:161} INFO - Started process (PID=674) to work on /opt/airflow/dags/ml_pipeline.py
[2025-08-17T12:56:01.893+0000] {processor.py:830} INFO - Processing file /opt/airflow/dags/ml_pipeline.py for tasks to queue
[2025-08-17T12:56:01.894+0000] {logging_mixin.py:188} INFO - [2025-08-17T12:56:01.894+0000] {dagbag.py:538} INFO - Filling up the DagBag from /opt/airflow/dags/ml_pipeline.py
[2025-08-17T12:56:01.921+0000] {processor.py:840} INFO - DAG(s) 'ml_pipeline' retrieved from /opt/airflow/dags/ml_pipeline.py
[2025-08-17T12:56:01.959+0000] {logging_mixin.py:188} INFO - [2025-08-17T12:56:01.959+0000] {dag.py:3036} INFO - Sync 1 DAGs
[2025-08-17T12:56:01.981+0000] {logging_mixin.py:188} INFO - [2025-08-17T12:56:01.980+0000] {dag.py:3823} INFO - Setting next_dagrun for ml_pipeline to None, run_after=None
[2025-08-17T12:56:02.017+0000] {processor.py:183} INFO - Processing /opt/airflow/dags/ml_pipeline.py took 0.129 seconds
[2025-08-17T12:56:32.112+0000] {processor.py:161} INFO - Started process (PID=679) to work on /opt/airflow/dags/ml_pipeline.py
[2025-08-17T12:56:32.113+0000] {processor.py:830} INFO - Processing file /opt/airflow/dags/ml_pipeline.py for tasks to queue
[2025-08-17T12:56:32.115+0000] {logging_mixin.py:188} INFO - [2025-08-17T12:56:32.115+0000] {dagbag.py:538} INFO - Filling up the DagBag from /opt/airflow/dags/ml_pipeline.py
[2025-08-17T12:56:32.144+0000] {processor.py:840} INFO - DAG(s) 'ml_pipeline' retrieved from /opt/airflow/dags/ml_pipeline.py
[2025-08-17T12:56:32.178+0000] {logging_mixin.py:188} INFO - [2025-08-17T12:56:32.178+0000] {dag.py:3036} INFO - Sync 1 DAGs
[2025-08-17T12:56:32.196+0000] {logging_mixin.py:188} INFO - [2025-08-17T12:56:32.195+0000] {dag.py:3823} INFO - Setting next_dagrun for ml_pipeline to None, run_after=None
[2025-08-17T12:56:32.224+0000] {processor.py:183} INFO - Processing /opt/airflow/dags/ml_pipeline.py took 0.117 seconds
[2025-08-17T12:57:02.466+0000] {processor.py:161} INFO - Started process (PID=684) to work on /opt/airflow/dags/ml_pipeline.py
[2025-08-17T12:57:02.467+0000] {processor.py:830} INFO - Processing file /opt/airflow/dags/ml_pipeline.py for tasks to queue
[2025-08-17T12:57:02.468+0000] {logging_mixin.py:188} INFO - [2025-08-17T12:57:02.468+0000] {dagbag.py:538} INFO - Filling up the DagBag from /opt/airflow/dags/ml_pipeline.py
[2025-08-17T12:57:02.496+0000] {processor.py:840} INFO - DAG(s) 'ml_pipeline' retrieved from /opt/airflow/dags/ml_pipeline.py
[2025-08-17T12:57:02.531+0000] {logging_mixin.py:188} INFO - [2025-08-17T12:57:02.531+0000] {dag.py:3036} INFO - Sync 1 DAGs
[2025-08-17T12:57:02.545+0000] {logging_mixin.py:188} INFO - [2025-08-17T12:57:02.545+0000] {dag.py:3823} INFO - Setting next_dagrun for ml_pipeline to None, run_after=None
[2025-08-17T12:57:02.575+0000] {processor.py:183} INFO - Processing /opt/airflow/dags/ml_pipeline.py took 0.113 seconds
[2025-08-17T12:57:32.673+0000] {processor.py:161} INFO - Started process (PID=689) to work on /opt/airflow/dags/ml_pipeline.py
[2025-08-17T12:57:32.674+0000] {processor.py:830} INFO - Processing file /opt/airflow/dags/ml_pipeline.py for tasks to queue
[2025-08-17T12:57:32.677+0000] {logging_mixin.py:188} INFO - [2025-08-17T12:57:32.676+0000] {dagbag.py:538} INFO - Filling up the DagBag from /opt/airflow/dags/ml_pipeline.py
[2025-08-17T12:57:32.709+0000] {processor.py:840} INFO - DAG(s) 'ml_pipeline' retrieved from /opt/airflow/dags/ml_pipeline.py
[2025-08-17T12:57:32.747+0000] {logging_mixin.py:188} INFO - [2025-08-17T12:57:32.747+0000] {dag.py:3036} INFO - Sync 1 DAGs
[2025-08-17T12:57:32.763+0000] {logging_mixin.py:188} INFO - [2025-08-17T12:57:32.763+0000] {dag.py:3823} INFO - Setting next_dagrun for ml_pipeline to None, run_after=None
[2025-08-17T12:57:32.794+0000] {processor.py:183} INFO - Processing /opt/airflow/dags/ml_pipeline.py took 0.126 seconds
[2025-08-17T12:58:02.977+0000] {processor.py:161} INFO - Started process (PID=694) to work on /opt/airflow/dags/ml_pipeline.py
[2025-08-17T12:58:02.978+0000] {processor.py:830} INFO - Processing file /opt/airflow/dags/ml_pipeline.py for tasks to queue
[2025-08-17T12:58:02.980+0000] {logging_mixin.py:188} INFO - [2025-08-17T12:58:02.979+0000] {dagbag.py:538} INFO - Filling up the DagBag from /opt/airflow/dags/ml_pipeline.py
[2025-08-17T12:58:03.010+0000] {processor.py:840} INFO - DAG(s) 'ml_pipeline' retrieved from /opt/airflow/dags/ml_pipeline.py
[2025-08-17T12:58:03.050+0000] {logging_mixin.py:188} INFO - [2025-08-17T12:58:03.049+0000] {dag.py:3036} INFO - Sync 1 DAGs
[2025-08-17T12:58:03.064+0000] {logging_mixin.py:188} INFO - [2025-08-17T12:58:03.064+0000] {dag.py:3823} INFO - Setting next_dagrun for ml_pipeline to None, run_after=None
[2025-08-17T12:58:03.105+0000] {processor.py:183} INFO - Processing /opt/airflow/dags/ml_pipeline.py took 0.131 seconds
[2025-08-17T12:58:33.212+0000] {processor.py:161} INFO - Started process (PID=720) to work on /opt/airflow/dags/ml_pipeline.py
[2025-08-17T12:58:33.213+0000] {processor.py:830} INFO - Processing file /opt/airflow/dags/ml_pipeline.py for tasks to queue
[2025-08-17T12:58:33.215+0000] {logging_mixin.py:188} INFO - [2025-08-17T12:58:33.214+0000] {dagbag.py:538} INFO - Filling up the DagBag from /opt/airflow/dags/ml_pipeline.py
[2025-08-17T12:58:33.239+0000] {processor.py:840} INFO - DAG(s) 'ml_pipeline' retrieved from /opt/airflow/dags/ml_pipeline.py
[2025-08-17T12:58:33.271+0000] {logging_mixin.py:188} INFO - [2025-08-17T12:58:33.270+0000] {dag.py:3036} INFO - Sync 1 DAGs
[2025-08-17T12:58:33.286+0000] {logging_mixin.py:188} INFO - [2025-08-17T12:58:33.286+0000] {dag.py:3823} INFO - Setting next_dagrun for ml_pipeline to None, run_after=None
[2025-08-17T12:58:33.311+0000] {processor.py:183} INFO - Processing /opt/airflow/dags/ml_pipeline.py took 0.106 seconds
[2025-08-17T12:59:03.530+0000] {processor.py:161} INFO - Started process (PID=725) to work on /opt/airflow/dags/ml_pipeline.py
[2025-08-17T12:59:03.531+0000] {processor.py:830} INFO - Processing file /opt/airflow/dags/ml_pipeline.py for tasks to queue
[2025-08-17T12:59:03.533+0000] {logging_mixin.py:188} INFO - [2025-08-17T12:59:03.533+0000] {dagbag.py:538} INFO - Filling up the DagBag from /opt/airflow/dags/ml_pipeline.py
[2025-08-17T12:59:03.563+0000] {processor.py:840} INFO - DAG(s) 'ml_pipeline' retrieved from /opt/airflow/dags/ml_pipeline.py
[2025-08-17T12:59:03.615+0000] {logging_mixin.py:188} INFO - [2025-08-17T12:59:03.614+0000] {dag.py:3036} INFO - Sync 1 DAGs
[2025-08-17T12:59:03.638+0000] {logging_mixin.py:188} INFO - [2025-08-17T12:59:03.638+0000] {dag.py:3823} INFO - Setting next_dagrun for ml_pipeline to None, run_after=None
[2025-08-17T12:59:03.676+0000] {processor.py:183} INFO - Processing /opt/airflow/dags/ml_pipeline.py took 0.151 seconds
[2025-08-17T12:59:33.912+0000] {processor.py:161} INFO - Started process (PID=730) to work on /opt/airflow/dags/ml_pipeline.py
[2025-08-17T12:59:33.913+0000] {processor.py:830} INFO - Processing file /opt/airflow/dags/ml_pipeline.py for tasks to queue
[2025-08-17T12:59:33.915+0000] {logging_mixin.py:188} INFO - [2025-08-17T12:59:33.914+0000] {dagbag.py:538} INFO - Filling up the DagBag from /opt/airflow/dags/ml_pipeline.py
[2025-08-17T12:59:33.943+0000] {processor.py:840} INFO - DAG(s) 'ml_pipeline' retrieved from /opt/airflow/dags/ml_pipeline.py
[2025-08-17T12:59:33.978+0000] {logging_mixin.py:188} INFO - [2025-08-17T12:59:33.977+0000] {dag.py:3036} INFO - Sync 1 DAGs
[2025-08-17T12:59:33.992+0000] {logging_mixin.py:188} INFO - [2025-08-17T12:59:33.992+0000] {dag.py:3823} INFO - Setting next_dagrun for ml_pipeline to None, run_after=None
[2025-08-17T12:59:34.017+0000] {processor.py:183} INFO - Processing /opt/airflow/dags/ml_pipeline.py took 0.115 seconds
[2025-08-17T13:00:04.096+0000] {processor.py:161} INFO - Started process (PID=735) to work on /opt/airflow/dags/ml_pipeline.py
[2025-08-17T13:00:04.097+0000] {processor.py:830} INFO - Processing file /opt/airflow/dags/ml_pipeline.py for tasks to queue
[2025-08-17T13:00:04.098+0000] {logging_mixin.py:188} INFO - [2025-08-17T13:00:04.098+0000] {dagbag.py:538} INFO - Filling up the DagBag from /opt/airflow/dags/ml_pipeline.py
[2025-08-17T13:00:04.127+0000] {processor.py:840} INFO - DAG(s) 'ml_pipeline' retrieved from /opt/airflow/dags/ml_pipeline.py
[2025-08-17T13:00:04.162+0000] {logging_mixin.py:188} INFO - [2025-08-17T13:00:04.162+0000] {dag.py:3036} INFO - Sync 1 DAGs
[2025-08-17T13:00:04.176+0000] {logging_mixin.py:188} INFO - [2025-08-17T13:00:04.176+0000] {dag.py:3823} INFO - Setting next_dagrun for ml_pipeline to None, run_after=None
[2025-08-17T13:00:04.201+0000] {processor.py:183} INFO - Processing /opt/airflow/dags/ml_pipeline.py took 0.110 seconds
[2025-08-17T13:00:34.412+0000] {processor.py:161} INFO - Started process (PID=740) to work on /opt/airflow/dags/ml_pipeline.py
[2025-08-17T13:00:34.413+0000] {processor.py:830} INFO - Processing file /opt/airflow/dags/ml_pipeline.py for tasks to queue
[2025-08-17T13:00:34.415+0000] {logging_mixin.py:188} INFO - [2025-08-17T13:00:34.414+0000] {dagbag.py:538} INFO - Filling up the DagBag from /opt/airflow/dags/ml_pipeline.py
[2025-08-17T13:00:34.442+0000] {processor.py:840} INFO - DAG(s) 'ml_pipeline' retrieved from /opt/airflow/dags/ml_pipeline.py
[2025-08-17T13:00:34.475+0000] {logging_mixin.py:188} INFO - [2025-08-17T13:00:34.474+0000] {dag.py:3036} INFO - Sync 1 DAGs
[2025-08-17T13:00:34.493+0000] {logging_mixin.py:188} INFO - [2025-08-17T13:00:34.493+0000] {dag.py:3823} INFO - Setting next_dagrun for ml_pipeline to None, run_after=None
[2025-08-17T13:00:34.520+0000] {processor.py:183} INFO - Processing /opt/airflow/dags/ml_pipeline.py took 0.112 seconds
[2025-08-17T13:01:04.630+0000] {processor.py:161} INFO - Started process (PID=745) to work on /opt/airflow/dags/ml_pipeline.py
[2025-08-17T13:01:04.632+0000] {processor.py:830} INFO - Processing file /opt/airflow/dags/ml_pipeline.py for tasks to queue
[2025-08-17T13:01:04.633+0000] {logging_mixin.py:188} INFO - [2025-08-17T13:01:04.633+0000] {dagbag.py:538} INFO - Filling up the DagBag from /opt/airflow/dags/ml_pipeline.py
[2025-08-17T13:01:04.662+0000] {processor.py:840} INFO - DAG(s) 'ml_pipeline' retrieved from /opt/airflow/dags/ml_pipeline.py
[2025-08-17T13:01:04.695+0000] {logging_mixin.py:188} INFO - [2025-08-17T13:01:04.695+0000] {dag.py:3036} INFO - Sync 1 DAGs
[2025-08-17T13:01:04.710+0000] {logging_mixin.py:188} INFO - [2025-08-17T13:01:04.710+0000] {dag.py:3823} INFO - Setting next_dagrun for ml_pipeline to None, run_after=None
[2025-08-17T13:01:04.734+0000] {processor.py:183} INFO - Processing /opt/airflow/dags/ml_pipeline.py took 0.108 seconds
[2025-08-17T13:01:34.927+0000] {processor.py:161} INFO - Started process (PID=750) to work on /opt/airflow/dags/ml_pipeline.py
[2025-08-17T13:01:34.928+0000] {processor.py:830} INFO - Processing file /opt/airflow/dags/ml_pipeline.py for tasks to queue
[2025-08-17T13:01:34.929+0000] {logging_mixin.py:188} INFO - [2025-08-17T13:01:34.929+0000] {dagbag.py:538} INFO - Filling up the DagBag from /opt/airflow/dags/ml_pipeline.py
[2025-08-17T13:01:34.955+0000] {processor.py:840} INFO - DAG(s) 'ml_pipeline' retrieved from /opt/airflow/dags/ml_pipeline.py
[2025-08-17T13:01:34.987+0000] {logging_mixin.py:188} INFO - [2025-08-17T13:01:34.987+0000] {dag.py:3036} INFO - Sync 1 DAGs
[2025-08-17T13:01:35.001+0000] {logging_mixin.py:188} INFO - [2025-08-17T13:01:35.001+0000] {dag.py:3823} INFO - Setting next_dagrun for ml_pipeline to None, run_after=None
[2025-08-17T13:01:35.025+0000] {processor.py:183} INFO - Processing /opt/airflow/dags/ml_pipeline.py took 0.102 seconds
[2025-08-17T13:02:05.196+0000] {processor.py:161} INFO - Started process (PID=755) to work on /opt/airflow/dags/ml_pipeline.py
[2025-08-17T13:02:05.197+0000] {processor.py:830} INFO - Processing file /opt/airflow/dags/ml_pipeline.py for tasks to queue
[2025-08-17T13:02:05.199+0000] {logging_mixin.py:188} INFO - [2025-08-17T13:02:05.199+0000] {dagbag.py:538} INFO - Filling up the DagBag from /opt/airflow/dags/ml_pipeline.py
[2025-08-17T13:02:05.228+0000] {processor.py:840} INFO - DAG(s) 'ml_pipeline' retrieved from /opt/airflow/dags/ml_pipeline.py
[2025-08-17T13:02:05.270+0000] {logging_mixin.py:188} INFO - [2025-08-17T13:02:05.270+0000] {dag.py:3036} INFO - Sync 1 DAGs
[2025-08-17T13:02:05.291+0000] {logging_mixin.py:188} INFO - [2025-08-17T13:02:05.290+0000] {dag.py:3823} INFO - Setting next_dagrun for ml_pipeline to None, run_after=None
[2025-08-17T13:02:05.324+0000] {processor.py:183} INFO - Processing /opt/airflow/dags/ml_pipeline.py took 0.132 seconds
[2025-08-17T13:02:35.441+0000] {processor.py:161} INFO - Started process (PID=760) to work on /opt/airflow/dags/ml_pipeline.py
[2025-08-17T13:02:35.442+0000] {processor.py:830} INFO - Processing file /opt/airflow/dags/ml_pipeline.py for tasks to queue
[2025-08-17T13:02:35.443+0000] {logging_mixin.py:188} INFO - [2025-08-17T13:02:35.443+0000] {dagbag.py:538} INFO - Filling up the DagBag from /opt/airflow/dags/ml_pipeline.py
[2025-08-17T13:02:35.467+0000] {processor.py:840} INFO - DAG(s) 'ml_pipeline' retrieved from /opt/airflow/dags/ml_pipeline.py
[2025-08-17T13:02:35.499+0000] {logging_mixin.py:188} INFO - [2025-08-17T13:02:35.499+0000] {dag.py:3036} INFO - Sync 1 DAGs
[2025-08-17T13:02:35.515+0000] {logging_mixin.py:188} INFO - [2025-08-17T13:02:35.514+0000] {dag.py:3823} INFO - Setting next_dagrun for ml_pipeline to None, run_after=None
[2025-08-17T13:02:35.538+0000] {processor.py:183} INFO - Processing /opt/airflow/dags/ml_pipeline.py took 0.102 seconds
[2025-08-17T13:03:05.714+0000] {processor.py:161} INFO - Started process (PID=765) to work on /opt/airflow/dags/ml_pipeline.py
[2025-08-17T13:03:05.715+0000] {processor.py:830} INFO - Processing file /opt/airflow/dags/ml_pipeline.py for tasks to queue
[2025-08-17T13:03:05.716+0000] {logging_mixin.py:188} INFO - [2025-08-17T13:03:05.716+0000] {dagbag.py:538} INFO - Filling up the DagBag from /opt/airflow/dags/ml_pipeline.py
[2025-08-17T13:03:05.743+0000] {processor.py:840} INFO - DAG(s) 'ml_pipeline' retrieved from /opt/airflow/dags/ml_pipeline.py
[2025-08-17T13:03:05.775+0000] {logging_mixin.py:188} INFO - [2025-08-17T13:03:05.774+0000] {dag.py:3036} INFO - Sync 1 DAGs
[2025-08-17T13:03:05.788+0000] {logging_mixin.py:188} INFO - [2025-08-17T13:03:05.788+0000] {dag.py:3823} INFO - Setting next_dagrun for ml_pipeline to None, run_after=None
[2025-08-17T13:03:05.819+0000] {processor.py:183} INFO - Processing /opt/airflow/dags/ml_pipeline.py took 0.109 seconds
[2025-08-17T13:03:35.925+0000] {processor.py:161} INFO - Started process (PID=770) to work on /opt/airflow/dags/ml_pipeline.py
[2025-08-17T13:03:35.926+0000] {processor.py:830} INFO - Processing file /opt/airflow/dags/ml_pipeline.py for tasks to queue
[2025-08-17T13:03:35.928+0000] {logging_mixin.py:188} INFO - [2025-08-17T13:03:35.927+0000] {dagbag.py:538} INFO - Filling up the DagBag from /opt/airflow/dags/ml_pipeline.py
[2025-08-17T13:03:35.953+0000] {processor.py:840} INFO - DAG(s) 'ml_pipeline' retrieved from /opt/airflow/dags/ml_pipeline.py
[2025-08-17T13:03:35.991+0000] {logging_mixin.py:188} INFO - [2025-08-17T13:03:35.990+0000] {dag.py:3036} INFO - Sync 1 DAGs
[2025-08-17T13:03:36.019+0000] {logging_mixin.py:188} INFO - [2025-08-17T13:03:36.018+0000] {dag.py:3823} INFO - Setting next_dagrun for ml_pipeline to None, run_after=None
[2025-08-17T13:03:36.044+0000] {processor.py:183} INFO - Processing /opt/airflow/dags/ml_pipeline.py took 0.123 seconds
[2025-08-17T13:04:06.242+0000] {processor.py:161} INFO - Started process (PID=775) to work on /opt/airflow/dags/ml_pipeline.py
[2025-08-17T13:04:06.243+0000] {processor.py:830} INFO - Processing file /opt/airflow/dags/ml_pipeline.py for tasks to queue
[2025-08-17T13:04:06.245+0000] {logging_mixin.py:188} INFO - [2025-08-17T13:04:06.245+0000] {dagbag.py:538} INFO - Filling up the DagBag from /opt/airflow/dags/ml_pipeline.py
[2025-08-17T13:04:06.275+0000] {processor.py:840} INFO - DAG(s) 'ml_pipeline' retrieved from /opt/airflow/dags/ml_pipeline.py
[2025-08-17T13:04:06.306+0000] {logging_mixin.py:188} INFO - [2025-08-17T13:04:06.305+0000] {dag.py:3036} INFO - Sync 1 DAGs
[2025-08-17T13:04:06.321+0000] {logging_mixin.py:188} INFO - [2025-08-17T13:04:06.320+0000] {dag.py:3823} INFO - Setting next_dagrun for ml_pipeline to None, run_after=None
[2025-08-17T13:04:06.344+0000] {processor.py:183} INFO - Processing /opt/airflow/dags/ml_pipeline.py took 0.106 seconds
[2025-08-17T13:04:36.451+0000] {processor.py:161} INFO - Started process (PID=780) to work on /opt/airflow/dags/ml_pipeline.py
[2025-08-17T13:04:36.452+0000] {processor.py:830} INFO - Processing file /opt/airflow/dags/ml_pipeline.py for tasks to queue
[2025-08-17T13:04:36.454+0000] {logging_mixin.py:188} INFO - [2025-08-17T13:04:36.453+0000] {dagbag.py:538} INFO - Filling up the DagBag from /opt/airflow/dags/ml_pipeline.py
[2025-08-17T13:04:36.483+0000] {processor.py:840} INFO - DAG(s) 'ml_pipeline' retrieved from /opt/airflow/dags/ml_pipeline.py
[2025-08-17T13:04:36.522+0000] {logging_mixin.py:188} INFO - [2025-08-17T13:04:36.522+0000] {dag.py:3036} INFO - Sync 1 DAGs
[2025-08-17T13:04:36.548+0000] {logging_mixin.py:188} INFO - [2025-08-17T13:04:36.548+0000] {dag.py:3823} INFO - Setting next_dagrun for ml_pipeline to None, run_after=None
[2025-08-17T13:04:36.573+0000] {processor.py:183} INFO - Processing /opt/airflow/dags/ml_pipeline.py took 0.127 seconds
[2025-08-17T13:05:06.736+0000] {processor.py:161} INFO - Started process (PID=785) to work on /opt/airflow/dags/ml_pipeline.py
[2025-08-17T13:05:06.738+0000] {processor.py:830} INFO - Processing file /opt/airflow/dags/ml_pipeline.py for tasks to queue
[2025-08-17T13:05:06.739+0000] {logging_mixin.py:188} INFO - [2025-08-17T13:05:06.739+0000] {dagbag.py:538} INFO - Filling up the DagBag from /opt/airflow/dags/ml_pipeline.py
[2025-08-17T13:05:06.765+0000] {processor.py:840} INFO - DAG(s) 'ml_pipeline' retrieved from /opt/airflow/dags/ml_pipeline.py
[2025-08-17T13:05:06.802+0000] {logging_mixin.py:188} INFO - [2025-08-17T13:05:06.801+0000] {dag.py:3036} INFO - Sync 1 DAGs
[2025-08-17T13:05:06.827+0000] {logging_mixin.py:188} INFO - [2025-08-17T13:05:06.827+0000] {dag.py:3823} INFO - Setting next_dagrun for ml_pipeline to None, run_after=None
[2025-08-17T13:05:06.861+0000] {processor.py:183} INFO - Processing /opt/airflow/dags/ml_pipeline.py took 0.129 seconds
[2025-08-17T13:05:36.984+0000] {processor.py:161} INFO - Started process (PID=790) to work on /opt/airflow/dags/ml_pipeline.py
[2025-08-17T13:05:36.985+0000] {processor.py:830} INFO - Processing file /opt/airflow/dags/ml_pipeline.py for tasks to queue
[2025-08-17T13:05:36.986+0000] {logging_mixin.py:188} INFO - [2025-08-17T13:05:36.986+0000] {dagbag.py:538} INFO - Filling up the DagBag from /opt/airflow/dags/ml_pipeline.py
[2025-08-17T13:05:37.011+0000] {processor.py:840} INFO - DAG(s) 'ml_pipeline' retrieved from /opt/airflow/dags/ml_pipeline.py
[2025-08-17T13:05:37.045+0000] {logging_mixin.py:188} INFO - [2025-08-17T13:05:37.045+0000] {dag.py:3036} INFO - Sync 1 DAGs
[2025-08-17T13:05:37.063+0000] {logging_mixin.py:188} INFO - [2025-08-17T13:05:37.062+0000] {dag.py:3823} INFO - Setting next_dagrun for ml_pipeline to None, run_after=None
[2025-08-17T13:05:37.090+0000] {processor.py:183} INFO - Processing /opt/airflow/dags/ml_pipeline.py took 0.112 seconds
[2025-08-17T13:06:07.258+0000] {processor.py:161} INFO - Started process (PID=795) to work on /opt/airflow/dags/ml_pipeline.py
[2025-08-17T13:06:07.260+0000] {processor.py:830} INFO - Processing file /opt/airflow/dags/ml_pipeline.py for tasks to queue
[2025-08-17T13:06:07.261+0000] {logging_mixin.py:188} INFO - [2025-08-17T13:06:07.261+0000] {dagbag.py:538} INFO - Filling up the DagBag from /opt/airflow/dags/ml_pipeline.py
[2025-08-17T13:06:07.291+0000] {processor.py:840} INFO - DAG(s) 'ml_pipeline' retrieved from /opt/airflow/dags/ml_pipeline.py
[2025-08-17T13:06:07.327+0000] {logging_mixin.py:188} INFO - [2025-08-17T13:06:07.326+0000] {dag.py:3036} INFO - Sync 1 DAGs
[2025-08-17T13:06:07.341+0000] {logging_mixin.py:188} INFO - [2025-08-17T13:06:07.341+0000] {dag.py:3823} INFO - Setting next_dagrun for ml_pipeline to None, run_after=None
[2025-08-17T13:06:07.368+0000] {processor.py:183} INFO - Processing /opt/airflow/dags/ml_pipeline.py took 0.115 seconds
[2025-08-17T13:06:37.502+0000] {processor.py:161} INFO - Started process (PID=800) to work on /opt/airflow/dags/ml_pipeline.py
[2025-08-17T13:06:37.505+0000] {processor.py:830} INFO - Processing file /opt/airflow/dags/ml_pipeline.py for tasks to queue
[2025-08-17T13:06:37.507+0000] {logging_mixin.py:188} INFO - [2025-08-17T13:06:37.507+0000] {dagbag.py:538} INFO - Filling up the DagBag from /opt/airflow/dags/ml_pipeline.py
[2025-08-17T13:06:37.553+0000] {processor.py:840} INFO - DAG(s) 'ml_pipeline' retrieved from /opt/airflow/dags/ml_pipeline.py
[2025-08-17T13:06:37.593+0000] {logging_mixin.py:188} INFO - [2025-08-17T13:06:37.592+0000] {dag.py:3036} INFO - Sync 1 DAGs
[2025-08-17T13:06:37.612+0000] {logging_mixin.py:188} INFO - [2025-08-17T13:06:37.611+0000] {dag.py:3823} INFO - Setting next_dagrun for ml_pipeline to None, run_after=None
[2025-08-17T13:06:37.639+0000] {processor.py:183} INFO - Processing /opt/airflow/dags/ml_pipeline.py took 0.153 seconds
[2025-08-17T13:07:07.831+0000] {processor.py:161} INFO - Started process (PID=805) to work on /opt/airflow/dags/ml_pipeline.py
[2025-08-17T13:07:07.832+0000] {processor.py:830} INFO - Processing file /opt/airflow/dags/ml_pipeline.py for tasks to queue
[2025-08-17T13:07:07.834+0000] {logging_mixin.py:188} INFO - [2025-08-17T13:07:07.833+0000] {dagbag.py:538} INFO - Filling up the DagBag from /opt/airflow/dags/ml_pipeline.py
[2025-08-17T13:07:07.861+0000] {processor.py:840} INFO - DAG(s) 'ml_pipeline' retrieved from /opt/airflow/dags/ml_pipeline.py
[2025-08-17T13:07:07.894+0000] {logging_mixin.py:188} INFO - [2025-08-17T13:07:07.894+0000] {dag.py:3036} INFO - Sync 1 DAGs
[2025-08-17T13:07:07.908+0000] {logging_mixin.py:188} INFO - [2025-08-17T13:07:07.908+0000] {dag.py:3823} INFO - Setting next_dagrun for ml_pipeline to None, run_after=None
[2025-08-17T13:07:07.933+0000] {processor.py:183} INFO - Processing /opt/airflow/dags/ml_pipeline.py took 0.106 seconds
[2025-08-17T13:07:38.048+0000] {processor.py:161} INFO - Started process (PID=810) to work on /opt/airflow/dags/ml_pipeline.py
[2025-08-17T13:07:38.050+0000] {processor.py:830} INFO - Processing file /opt/airflow/dags/ml_pipeline.py for tasks to queue
[2025-08-17T13:07:38.052+0000] {logging_mixin.py:188} INFO - [2025-08-17T13:07:38.051+0000] {dagbag.py:538} INFO - Filling up the DagBag from /opt/airflow/dags/ml_pipeline.py
[2025-08-17T13:07:38.083+0000] {processor.py:840} INFO - DAG(s) 'ml_pipeline' retrieved from /opt/airflow/dags/ml_pipeline.py
[2025-08-17T13:07:38.118+0000] {logging_mixin.py:188} INFO - [2025-08-17T13:07:38.118+0000] {dag.py:3036} INFO - Sync 1 DAGs
[2025-08-17T13:07:38.132+0000] {logging_mixin.py:188} INFO - [2025-08-17T13:07:38.132+0000] {dag.py:3823} INFO - Setting next_dagrun for ml_pipeline to None, run_after=None
[2025-08-17T13:07:38.159+0000] {processor.py:183} INFO - Processing /opt/airflow/dags/ml_pipeline.py took 0.116 seconds
[2025-08-17T13:08:08.332+0000] {processor.py:161} INFO - Started process (PID=815) to work on /opt/airflow/dags/ml_pipeline.py
[2025-08-17T13:08:08.333+0000] {processor.py:830} INFO - Processing file /opt/airflow/dags/ml_pipeline.py for tasks to queue
[2025-08-17T13:08:08.334+0000] {logging_mixin.py:188} INFO - [2025-08-17T13:08:08.334+0000] {dagbag.py:538} INFO - Filling up the DagBag from /opt/airflow/dags/ml_pipeline.py
[2025-08-17T13:08:08.361+0000] {processor.py:840} INFO - DAG(s) 'ml_pipeline' retrieved from /opt/airflow/dags/ml_pipeline.py
[2025-08-17T13:08:08.394+0000] {logging_mixin.py:188} INFO - [2025-08-17T13:08:08.394+0000] {dag.py:3036} INFO - Sync 1 DAGs
[2025-08-17T13:08:08.407+0000] {logging_mixin.py:188} INFO - [2025-08-17T13:08:08.407+0000] {dag.py:3823} INFO - Setting next_dagrun for ml_pipeline to None, run_after=None
[2025-08-17T13:08:08.437+0000] {processor.py:183} INFO - Processing /opt/airflow/dags/ml_pipeline.py took 0.109 seconds
[2025-08-17T13:08:38.558+0000] {processor.py:161} INFO - Started process (PID=820) to work on /opt/airflow/dags/ml_pipeline.py
[2025-08-17T13:08:38.559+0000] {processor.py:830} INFO - Processing file /opt/airflow/dags/ml_pipeline.py for tasks to queue
[2025-08-17T13:08:38.561+0000] {logging_mixin.py:188} INFO - [2025-08-17T13:08:38.560+0000] {dagbag.py:538} INFO - Filling up the DagBag from /opt/airflow/dags/ml_pipeline.py
[2025-08-17T13:08:38.589+0000] {processor.py:840} INFO - DAG(s) 'ml_pipeline' retrieved from /opt/airflow/dags/ml_pipeline.py
[2025-08-17T13:08:38.623+0000] {logging_mixin.py:188} INFO - [2025-08-17T13:08:38.623+0000] {dag.py:3036} INFO - Sync 1 DAGs
[2025-08-17T13:08:38.637+0000] {logging_mixin.py:188} INFO - [2025-08-17T13:08:38.637+0000] {dag.py:3823} INFO - Setting next_dagrun for ml_pipeline to None, run_after=None
[2025-08-17T13:08:38.663+0000] {processor.py:183} INFO - Processing /opt/airflow/dags/ml_pipeline.py took 0.109 seconds
[2025-08-17T13:09:08.849+0000] {processor.py:161} INFO - Started process (PID=825) to work on /opt/airflow/dags/ml_pipeline.py
[2025-08-17T13:09:08.851+0000] {processor.py:830} INFO - Processing file /opt/airflow/dags/ml_pipeline.py for tasks to queue
[2025-08-17T13:09:08.852+0000] {logging_mixin.py:188} INFO - [2025-08-17T13:09:08.851+0000] {dagbag.py:538} INFO - Filling up the DagBag from /opt/airflow/dags/ml_pipeline.py
[2025-08-17T13:09:08.881+0000] {processor.py:840} INFO - DAG(s) 'ml_pipeline' retrieved from /opt/airflow/dags/ml_pipeline.py
[2025-08-17T13:09:08.920+0000] {logging_mixin.py:188} INFO - [2025-08-17T13:09:08.920+0000] {dag.py:3036} INFO - Sync 1 DAGs
[2025-08-17T13:09:08.937+0000] {logging_mixin.py:188} INFO - [2025-08-17T13:09:08.937+0000] {dag.py:3823} INFO - Setting next_dagrun for ml_pipeline to None, run_after=None
[2025-08-17T13:09:08.972+0000] {processor.py:183} INFO - Processing /opt/airflow/dags/ml_pipeline.py took 0.127 seconds
[2025-08-17T13:09:39.066+0000] {processor.py:161} INFO - Started process (PID=830) to work on /opt/airflow/dags/ml_pipeline.py
[2025-08-17T13:09:39.067+0000] {processor.py:830} INFO - Processing file /opt/airflow/dags/ml_pipeline.py for tasks to queue
[2025-08-17T13:09:39.069+0000] {logging_mixin.py:188} INFO - [2025-08-17T13:09:39.068+0000] {dagbag.py:538} INFO - Filling up the DagBag from /opt/airflow/dags/ml_pipeline.py
[2025-08-17T13:09:39.096+0000] {processor.py:840} INFO - DAG(s) 'ml_pipeline' retrieved from /opt/airflow/dags/ml_pipeline.py
[2025-08-17T13:09:39.130+0000] {logging_mixin.py:188} INFO - [2025-08-17T13:09:39.130+0000] {dag.py:3036} INFO - Sync 1 DAGs
[2025-08-17T13:09:39.144+0000] {logging_mixin.py:188} INFO - [2025-08-17T13:09:39.144+0000] {dag.py:3823} INFO - Setting next_dagrun for ml_pipeline to None, run_after=None
[2025-08-17T13:09:39.169+0000] {processor.py:183} INFO - Processing /opt/airflow/dags/ml_pipeline.py took 0.107 seconds
[2025-08-17T13:10:09.374+0000] {processor.py:161} INFO - Started process (PID=835) to work on /opt/airflow/dags/ml_pipeline.py
[2025-08-17T13:10:09.375+0000] {processor.py:830} INFO - Processing file /opt/airflow/dags/ml_pipeline.py for tasks to queue
[2025-08-17T13:10:09.377+0000] {logging_mixin.py:188} INFO - [2025-08-17T13:10:09.376+0000] {dagbag.py:538} INFO - Filling up the DagBag from /opt/airflow/dags/ml_pipeline.py
[2025-08-17T13:10:09.406+0000] {processor.py:840} INFO - DAG(s) 'ml_pipeline' retrieved from /opt/airflow/dags/ml_pipeline.py
[2025-08-17T13:10:09.441+0000] {logging_mixin.py:188} INFO - [2025-08-17T13:10:09.441+0000] {dag.py:3036} INFO - Sync 1 DAGs
[2025-08-17T13:10:09.456+0000] {logging_mixin.py:188} INFO - [2025-08-17T13:10:09.455+0000] {dag.py:3823} INFO - Setting next_dagrun for ml_pipeline to None, run_after=None
[2025-08-17T13:10:09.478+0000] {processor.py:183} INFO - Processing /opt/airflow/dags/ml_pipeline.py took 0.108 seconds
[2025-08-17T13:10:39.579+0000] {processor.py:161} INFO - Started process (PID=840) to work on /opt/airflow/dags/ml_pipeline.py
[2025-08-17T13:10:39.581+0000] {processor.py:830} INFO - Processing file /opt/airflow/dags/ml_pipeline.py for tasks to queue
[2025-08-17T13:10:39.583+0000] {logging_mixin.py:188} INFO - [2025-08-17T13:10:39.582+0000] {dagbag.py:538} INFO - Filling up the DagBag from /opt/airflow/dags/ml_pipeline.py
[2025-08-17T13:10:39.609+0000] {processor.py:840} INFO - DAG(s) 'ml_pipeline' retrieved from /opt/airflow/dags/ml_pipeline.py
[2025-08-17T13:10:39.642+0000] {logging_mixin.py:188} INFO - [2025-08-17T13:10:39.641+0000] {dag.py:3036} INFO - Sync 1 DAGs
[2025-08-17T13:10:39.657+0000] {logging_mixin.py:188} INFO - [2025-08-17T13:10:39.657+0000] {dag.py:3823} INFO - Setting next_dagrun for ml_pipeline to None, run_after=None
[2025-08-17T13:10:39.682+0000] {processor.py:183} INFO - Processing /opt/airflow/dags/ml_pipeline.py took 0.108 seconds
[2025-08-17T13:11:09.866+0000] {processor.py:161} INFO - Started process (PID=845) to work on /opt/airflow/dags/ml_pipeline.py
[2025-08-17T13:11:09.867+0000] {processor.py:830} INFO - Processing file /opt/airflow/dags/ml_pipeline.py for tasks to queue
[2025-08-17T13:11:09.869+0000] {logging_mixin.py:188} INFO - [2025-08-17T13:11:09.869+0000] {dagbag.py:538} INFO - Filling up the DagBag from /opt/airflow/dags/ml_pipeline.py
[2025-08-17T13:11:09.895+0000] {processor.py:840} INFO - DAG(s) 'ml_pipeline' retrieved from /opt/airflow/dags/ml_pipeline.py
[2025-08-17T13:11:09.927+0000] {logging_mixin.py:188} INFO - [2025-08-17T13:11:09.927+0000] {dag.py:3036} INFO - Sync 1 DAGs
[2025-08-17T13:11:09.941+0000] {logging_mixin.py:188} INFO - [2025-08-17T13:11:09.941+0000] {dag.py:3823} INFO - Setting next_dagrun for ml_pipeline to None, run_after=None
[2025-08-17T13:11:09.966+0000] {processor.py:183} INFO - Processing /opt/airflow/dags/ml_pipeline.py took 0.104 seconds
[2025-08-17T13:11:40.076+0000] {processor.py:161} INFO - Started process (PID=850) to work on /opt/airflow/dags/ml_pipeline.py
[2025-08-17T13:11:40.077+0000] {processor.py:830} INFO - Processing file /opt/airflow/dags/ml_pipeline.py for tasks to queue
[2025-08-17T13:11:40.079+0000] {logging_mixin.py:188} INFO - [2025-08-17T13:11:40.078+0000] {dagbag.py:538} INFO - Filling up the DagBag from /opt/airflow/dags/ml_pipeline.py
[2025-08-17T13:11:40.107+0000] {processor.py:840} INFO - DAG(s) 'ml_pipeline' retrieved from /opt/airflow/dags/ml_pipeline.py
[2025-08-17T13:11:40.143+0000] {logging_mixin.py:188} INFO - [2025-08-17T13:11:40.143+0000] {dag.py:3036} INFO - Sync 1 DAGs
[2025-08-17T13:11:40.158+0000] {logging_mixin.py:188} INFO - [2025-08-17T13:11:40.158+0000] {dag.py:3823} INFO - Setting next_dagrun for ml_pipeline to None, run_after=None
[2025-08-17T13:11:40.185+0000] {processor.py:183} INFO - Processing /opt/airflow/dags/ml_pipeline.py took 0.113 seconds
[2025-08-17T13:12:10.409+0000] {processor.py:161} INFO - Started process (PID=855) to work on /opt/airflow/dags/ml_pipeline.py
[2025-08-17T13:12:10.410+0000] {processor.py:830} INFO - Processing file /opt/airflow/dags/ml_pipeline.py for tasks to queue
[2025-08-17T13:12:10.411+0000] {logging_mixin.py:188} INFO - [2025-08-17T13:12:10.411+0000] {dagbag.py:538} INFO - Filling up the DagBag from /opt/airflow/dags/ml_pipeline.py
[2025-08-17T13:12:10.437+0000] {processor.py:840} INFO - DAG(s) 'ml_pipeline' retrieved from /opt/airflow/dags/ml_pipeline.py
[2025-08-17T13:12:10.471+0000] {logging_mixin.py:188} INFO - [2025-08-17T13:12:10.471+0000] {dag.py:3036} INFO - Sync 1 DAGs
[2025-08-17T13:12:10.485+0000] {logging_mixin.py:188} INFO - [2025-08-17T13:12:10.484+0000] {dag.py:3823} INFO - Setting next_dagrun for ml_pipeline to None, run_after=None
[2025-08-17T13:12:10.515+0000] {processor.py:183} INFO - Processing /opt/airflow/dags/ml_pipeline.py took 0.110 seconds
[2025-08-17T13:12:40.650+0000] {processor.py:161} INFO - Started process (PID=860) to work on /opt/airflow/dags/ml_pipeline.py
[2025-08-17T13:12:40.653+0000] {processor.py:830} INFO - Processing file /opt/airflow/dags/ml_pipeline.py for tasks to queue
[2025-08-17T13:12:40.656+0000] {logging_mixin.py:188} INFO - [2025-08-17T13:12:40.655+0000] {dagbag.py:538} INFO - Filling up the DagBag from /opt/airflow/dags/ml_pipeline.py
[2025-08-17T13:12:40.683+0000] {processor.py:840} INFO - DAG(s) 'ml_pipeline' retrieved from /opt/airflow/dags/ml_pipeline.py
[2025-08-17T13:12:40.724+0000] {logging_mixin.py:188} INFO - [2025-08-17T13:12:40.723+0000] {dag.py:3036} INFO - Sync 1 DAGs
[2025-08-17T13:12:40.742+0000] {logging_mixin.py:188} INFO - [2025-08-17T13:12:40.741+0000] {dag.py:3823} INFO - Setting next_dagrun for ml_pipeline to None, run_after=None
[2025-08-17T13:12:40.774+0000] {processor.py:183} INFO - Processing /opt/airflow/dags/ml_pipeline.py took 0.131 seconds
[2025-08-17T13:13:10.910+0000] {processor.py:161} INFO - Started process (PID=865) to work on /opt/airflow/dags/ml_pipeline.py
[2025-08-17T13:13:10.911+0000] {processor.py:830} INFO - Processing file /opt/airflow/dags/ml_pipeline.py for tasks to queue
[2025-08-17T13:13:10.912+0000] {logging_mixin.py:188} INFO - [2025-08-17T13:13:10.912+0000] {dagbag.py:538} INFO - Filling up the DagBag from /opt/airflow/dags/ml_pipeline.py
[2025-08-17T13:13:10.940+0000] {processor.py:840} INFO - DAG(s) 'ml_pipeline' retrieved from /opt/airflow/dags/ml_pipeline.py
[2025-08-17T13:13:10.972+0000] {logging_mixin.py:188} INFO - [2025-08-17T13:13:10.972+0000] {dag.py:3036} INFO - Sync 1 DAGs
[2025-08-17T13:13:10.988+0000] {logging_mixin.py:188} INFO - [2025-08-17T13:13:10.987+0000] {dag.py:3823} INFO - Setting next_dagrun for ml_pipeline to None, run_after=None
[2025-08-17T13:13:11.019+0000] {processor.py:183} INFO - Processing /opt/airflow/dags/ml_pipeline.py took 0.113 seconds
[2025-08-17T13:13:41.171+0000] {processor.py:161} INFO - Started process (PID=870) to work on /opt/airflow/dags/ml_pipeline.py
[2025-08-17T13:13:41.173+0000] {processor.py:830} INFO - Processing file /opt/airflow/dags/ml_pipeline.py for tasks to queue
[2025-08-17T13:13:41.174+0000] {logging_mixin.py:188} INFO - [2025-08-17T13:13:41.174+0000] {dagbag.py:538} INFO - Filling up the DagBag from /opt/airflow/dags/ml_pipeline.py
[2025-08-17T13:13:41.203+0000] {processor.py:840} INFO - DAG(s) 'ml_pipeline' retrieved from /opt/airflow/dags/ml_pipeline.py
[2025-08-17T13:13:41.238+0000] {logging_mixin.py:188} INFO - [2025-08-17T13:13:41.238+0000] {dag.py:3036} INFO - Sync 1 DAGs
[2025-08-17T13:13:41.252+0000] {logging_mixin.py:188} INFO - [2025-08-17T13:13:41.252+0000] {dag.py:3823} INFO - Setting next_dagrun for ml_pipeline to None, run_after=None
[2025-08-17T13:13:41.279+0000] {processor.py:183} INFO - Processing /opt/airflow/dags/ml_pipeline.py took 0.113 seconds
[2025-08-17T13:14:11.414+0000] {processor.py:161} INFO - Started process (PID=875) to work on /opt/airflow/dags/ml_pipeline.py
[2025-08-17T13:14:11.415+0000] {processor.py:830} INFO - Processing file /opt/airflow/dags/ml_pipeline.py for tasks to queue
[2025-08-17T13:14:11.416+0000] {logging_mixin.py:188} INFO - [2025-08-17T13:14:11.416+0000] {dagbag.py:538} INFO - Filling up the DagBag from /opt/airflow/dags/ml_pipeline.py
[2025-08-17T13:14:11.445+0000] {processor.py:840} INFO - DAG(s) 'ml_pipeline' retrieved from /opt/airflow/dags/ml_pipeline.py
[2025-08-17T13:14:11.480+0000] {logging_mixin.py:188} INFO - [2025-08-17T13:14:11.480+0000] {dag.py:3036} INFO - Sync 1 DAGs
[2025-08-17T13:14:11.497+0000] {logging_mixin.py:188} INFO - [2025-08-17T13:14:11.497+0000] {dag.py:3823} INFO - Setting next_dagrun for ml_pipeline to None, run_after=None
[2025-08-17T13:14:11.524+0000] {processor.py:183} INFO - Processing /opt/airflow/dags/ml_pipeline.py took 0.114 seconds
[2025-08-17T13:14:41.705+0000] {processor.py:161} INFO - Started process (PID=880) to work on /opt/airflow/dags/ml_pipeline.py
[2025-08-17T13:14:41.707+0000] {processor.py:830} INFO - Processing file /opt/airflow/dags/ml_pipeline.py for tasks to queue
[2025-08-17T13:14:41.708+0000] {logging_mixin.py:188} INFO - [2025-08-17T13:14:41.707+0000] {dagbag.py:538} INFO - Filling up the DagBag from /opt/airflow/dags/ml_pipeline.py
[2025-08-17T13:14:41.733+0000] {processor.py:840} INFO - DAG(s) 'ml_pipeline' retrieved from /opt/airflow/dags/ml_pipeline.py
[2025-08-17T13:14:41.766+0000] {logging_mixin.py:188} INFO - [2025-08-17T13:14:41.766+0000] {dag.py:3036} INFO - Sync 1 DAGs
[2025-08-17T13:14:41.783+0000] {logging_mixin.py:188} INFO - [2025-08-17T13:14:41.783+0000] {dag.py:3823} INFO - Setting next_dagrun for ml_pipeline to None, run_after=None
[2025-08-17T13:14:41.813+0000] {processor.py:183} INFO - Processing /opt/airflow/dags/ml_pipeline.py took 0.111 seconds
[2025-08-17T13:15:11.912+0000] {processor.py:161} INFO - Started process (PID=885) to work on /opt/airflow/dags/ml_pipeline.py
[2025-08-17T13:15:11.914+0000] {processor.py:830} INFO - Processing file /opt/airflow/dags/ml_pipeline.py for tasks to queue
[2025-08-17T13:15:11.915+0000] {logging_mixin.py:188} INFO - [2025-08-17T13:15:11.915+0000] {dagbag.py:538} INFO - Filling up the DagBag from /opt/airflow/dags/ml_pipeline.py
[2025-08-17T13:15:11.942+0000] {processor.py:840} INFO - DAG(s) 'ml_pipeline' retrieved from /opt/airflow/dags/ml_pipeline.py
[2025-08-17T13:15:11.976+0000] {logging_mixin.py:188} INFO - [2025-08-17T13:15:11.975+0000] {dag.py:3036} INFO - Sync 1 DAGs
[2025-08-17T13:15:11.990+0000] {logging_mixin.py:188} INFO - [2025-08-17T13:15:11.990+0000] {dag.py:3823} INFO - Setting next_dagrun for ml_pipeline to None, run_after=None
[2025-08-17T13:15:12.016+0000] {processor.py:183} INFO - Processing /opt/airflow/dags/ml_pipeline.py took 0.107 seconds
[2025-08-17T13:15:42.207+0000] {processor.py:161} INFO - Started process (PID=890) to work on /opt/airflow/dags/ml_pipeline.py
[2025-08-17T13:15:42.208+0000] {processor.py:830} INFO - Processing file /opt/airflow/dags/ml_pipeline.py for tasks to queue
[2025-08-17T13:15:42.209+0000] {logging_mixin.py:188} INFO - [2025-08-17T13:15:42.209+0000] {dagbag.py:538} INFO - Filling up the DagBag from /opt/airflow/dags/ml_pipeline.py
[2025-08-17T13:15:42.234+0000] {processor.py:840} INFO - DAG(s) 'ml_pipeline' retrieved from /opt/airflow/dags/ml_pipeline.py
[2025-08-17T13:15:42.267+0000] {logging_mixin.py:188} INFO - [2025-08-17T13:15:42.266+0000] {dag.py:3036} INFO - Sync 1 DAGs
[2025-08-17T13:15:42.281+0000] {logging_mixin.py:188} INFO - [2025-08-17T13:15:42.281+0000] {dag.py:3823} INFO - Setting next_dagrun for ml_pipeline to None, run_after=None
[2025-08-17T13:15:42.305+0000] {processor.py:183} INFO - Processing /opt/airflow/dags/ml_pipeline.py took 0.102 seconds
[2025-08-17T13:16:12.436+0000] {processor.py:161} INFO - Started process (PID=895) to work on /opt/airflow/dags/ml_pipeline.py
[2025-08-17T13:16:12.438+0000] {processor.py:830} INFO - Processing file /opt/airflow/dags/ml_pipeline.py for tasks to queue
[2025-08-17T13:16:12.440+0000] {logging_mixin.py:188} INFO - [2025-08-17T13:16:12.439+0000] {dagbag.py:538} INFO - Filling up the DagBag from /opt/airflow/dags/ml_pipeline.py
[2025-08-17T13:16:12.485+0000] {processor.py:840} INFO - DAG(s) 'ml_pipeline' retrieved from /opt/airflow/dags/ml_pipeline.py
[2025-08-17T13:16:12.538+0000] {logging_mixin.py:188} INFO - [2025-08-17T13:16:12.537+0000] {dag.py:3036} INFO - Sync 1 DAGs
[2025-08-17T13:16:12.555+0000] {logging_mixin.py:188} INFO - [2025-08-17T13:16:12.555+0000] {dag.py:3823} INFO - Setting next_dagrun for ml_pipeline to None, run_after=None
[2025-08-17T13:16:12.586+0000] {processor.py:183} INFO - Processing /opt/airflow/dags/ml_pipeline.py took 0.157 seconds
[2025-08-17T13:16:42.705+0000] {processor.py:161} INFO - Started process (PID=900) to work on /opt/airflow/dags/ml_pipeline.py
[2025-08-17T13:16:42.706+0000] {processor.py:830} INFO - Processing file /opt/airflow/dags/ml_pipeline.py for tasks to queue
[2025-08-17T13:16:42.708+0000] {logging_mixin.py:188} INFO - [2025-08-17T13:16:42.707+0000] {dagbag.py:538} INFO - Filling up the DagBag from /opt/airflow/dags/ml_pipeline.py
[2025-08-17T13:16:42.738+0000] {processor.py:840} INFO - DAG(s) 'ml_pipeline' retrieved from /opt/airflow/dags/ml_pipeline.py
[2025-08-17T13:16:42.775+0000] {logging_mixin.py:188} INFO - [2025-08-17T13:16:42.775+0000] {dag.py:3036} INFO - Sync 1 DAGs
[2025-08-17T13:16:42.791+0000] {logging_mixin.py:188} INFO - [2025-08-17T13:16:42.790+0000] {dag.py:3823} INFO - Setting next_dagrun for ml_pipeline to None, run_after=None
[2025-08-17T13:16:42.816+0000] {processor.py:183} INFO - Processing /opt/airflow/dags/ml_pipeline.py took 0.117 seconds
[2025-08-17T13:17:13.035+0000] {processor.py:161} INFO - Started process (PID=905) to work on /opt/airflow/dags/ml_pipeline.py
[2025-08-17T13:17:13.036+0000] {processor.py:830} INFO - Processing file /opt/airflow/dags/ml_pipeline.py for tasks to queue
[2025-08-17T13:17:13.037+0000] {logging_mixin.py:188} INFO - [2025-08-17T13:17:13.036+0000] {dagbag.py:538} INFO - Filling up the DagBag from /opt/airflow/dags/ml_pipeline.py
[2025-08-17T13:17:13.063+0000] {processor.py:840} INFO - DAG(s) 'ml_pipeline' retrieved from /opt/airflow/dags/ml_pipeline.py
[2025-08-17T13:17:13.096+0000] {logging_mixin.py:188} INFO - [2025-08-17T13:17:13.096+0000] {dag.py:3036} INFO - Sync 1 DAGs
[2025-08-17T13:17:13.110+0000] {logging_mixin.py:188} INFO - [2025-08-17T13:17:13.109+0000] {dag.py:3823} INFO - Setting next_dagrun for ml_pipeline to None, run_after=None
[2025-08-17T13:17:13.133+0000] {processor.py:183} INFO - Processing /opt/airflow/dags/ml_pipeline.py took 0.102 seconds
[2025-08-17T13:17:43.243+0000] {processor.py:161} INFO - Started process (PID=910) to work on /opt/airflow/dags/ml_pipeline.py
[2025-08-17T13:17:43.245+0000] {processor.py:830} INFO - Processing file /opt/airflow/dags/ml_pipeline.py for tasks to queue
[2025-08-17T13:17:43.246+0000] {logging_mixin.py:188} INFO - [2025-08-17T13:17:43.246+0000] {dagbag.py:538} INFO - Filling up the DagBag from /opt/airflow/dags/ml_pipeline.py
[2025-08-17T13:17:43.271+0000] {processor.py:840} INFO - DAG(s) 'ml_pipeline' retrieved from /opt/airflow/dags/ml_pipeline.py
[2025-08-17T13:17:43.305+0000] {logging_mixin.py:188} INFO - [2025-08-17T13:17:43.304+0000] {dag.py:3036} INFO - Sync 1 DAGs
[2025-08-17T13:17:43.319+0000] {logging_mixin.py:188} INFO - [2025-08-17T13:17:43.319+0000] {dag.py:3823} INFO - Setting next_dagrun for ml_pipeline to None, run_after=None
[2025-08-17T13:17:43.344+0000] {processor.py:183} INFO - Processing /opt/airflow/dags/ml_pipeline.py took 0.105 seconds
[2025-08-17T13:18:13.524+0000] {processor.py:161} INFO - Started process (PID=915) to work on /opt/airflow/dags/ml_pipeline.py
[2025-08-17T13:18:13.525+0000] {processor.py:830} INFO - Processing file /opt/airflow/dags/ml_pipeline.py for tasks to queue
[2025-08-17T13:18:13.526+0000] {logging_mixin.py:188} INFO - [2025-08-17T13:18:13.526+0000] {dagbag.py:538} INFO - Filling up the DagBag from /opt/airflow/dags/ml_pipeline.py
[2025-08-17T13:18:13.552+0000] {processor.py:840} INFO - DAG(s) 'ml_pipeline' retrieved from /opt/airflow/dags/ml_pipeline.py
[2025-08-17T13:18:13.584+0000] {logging_mixin.py:188} INFO - [2025-08-17T13:18:13.584+0000] {dag.py:3036} INFO - Sync 1 DAGs
[2025-08-17T13:18:13.598+0000] {logging_mixin.py:188} INFO - [2025-08-17T13:18:13.598+0000] {dag.py:3823} INFO - Setting next_dagrun for ml_pipeline to None, run_after=None
[2025-08-17T13:18:13.625+0000] {processor.py:183} INFO - Processing /opt/airflow/dags/ml_pipeline.py took 0.106 seconds
[2025-08-17T13:18:43.735+0000] {processor.py:161} INFO - Started process (PID=920) to work on /opt/airflow/dags/ml_pipeline.py
[2025-08-17T13:18:43.737+0000] {processor.py:830} INFO - Processing file /opt/airflow/dags/ml_pipeline.py for tasks to queue
[2025-08-17T13:18:43.738+0000] {logging_mixin.py:188} INFO - [2025-08-17T13:18:43.738+0000] {dagbag.py:538} INFO - Filling up the DagBag from /opt/airflow/dags/ml_pipeline.py
[2025-08-17T13:18:43.767+0000] {processor.py:840} INFO - DAG(s) 'ml_pipeline' retrieved from /opt/airflow/dags/ml_pipeline.py
[2025-08-17T13:18:43.803+0000] {logging_mixin.py:188} INFO - [2025-08-17T13:18:43.802+0000] {dag.py:3036} INFO - Sync 1 DAGs
[2025-08-17T13:18:43.819+0000] {logging_mixin.py:188} INFO - [2025-08-17T13:18:43.818+0000] {dag.py:3823} INFO - Setting next_dagrun for ml_pipeline to None, run_after=None
[2025-08-17T13:18:43.844+0000] {processor.py:183} INFO - Processing /opt/airflow/dags/ml_pipeline.py took 0.113 seconds
[2025-08-17T13:19:14.034+0000] {processor.py:161} INFO - Started process (PID=925) to work on /opt/airflow/dags/ml_pipeline.py
[2025-08-17T13:19:14.035+0000] {processor.py:830} INFO - Processing file /opt/airflow/dags/ml_pipeline.py for tasks to queue
[2025-08-17T13:19:14.036+0000] {logging_mixin.py:188} INFO - [2025-08-17T13:19:14.036+0000] {dagbag.py:538} INFO - Filling up the DagBag from /opt/airflow/dags/ml_pipeline.py
[2025-08-17T13:19:14.064+0000] {processor.py:840} INFO - DAG(s) 'ml_pipeline' retrieved from /opt/airflow/dags/ml_pipeline.py
[2025-08-17T13:19:14.116+0000] {logging_mixin.py:188} INFO - [2025-08-17T13:19:14.116+0000] {dag.py:3036} INFO - Sync 1 DAGs
[2025-08-17T13:19:14.145+0000] {logging_mixin.py:188} INFO - [2025-08-17T13:19:14.145+0000] {dag.py:3823} INFO - Setting next_dagrun for ml_pipeline to None, run_after=None
[2025-08-17T13:19:14.185+0000] {processor.py:183} INFO - Processing /opt/airflow/dags/ml_pipeline.py took 0.155 seconds
[2025-08-17T13:19:44.258+0000] {processor.py:161} INFO - Started process (PID=930) to work on /opt/airflow/dags/ml_pipeline.py
[2025-08-17T13:19:44.260+0000] {processor.py:830} INFO - Processing file /opt/airflow/dags/ml_pipeline.py for tasks to queue
[2025-08-17T13:19:44.261+0000] {logging_mixin.py:188} INFO - [2025-08-17T13:19:44.260+0000] {dagbag.py:538} INFO - Filling up the DagBag from /opt/airflow/dags/ml_pipeline.py
[2025-08-17T13:19:44.285+0000] {processor.py:840} INFO - DAG(s) 'ml_pipeline' retrieved from /opt/airflow/dags/ml_pipeline.py
[2025-08-17T13:19:44.318+0000] {logging_mixin.py:188} INFO - [2025-08-17T13:19:44.318+0000] {dag.py:3036} INFO - Sync 1 DAGs
[2025-08-17T13:19:44.332+0000] {logging_mixin.py:188} INFO - [2025-08-17T13:19:44.332+0000] {dag.py:3823} INFO - Setting next_dagrun for ml_pipeline to None, run_after=None
[2025-08-17T13:19:44.357+0000] {processor.py:183} INFO - Processing /opt/airflow/dags/ml_pipeline.py took 0.103 seconds
[2025-08-17T13:20:14.670+0000] {processor.py:161} INFO - Started process (PID=935) to work on /opt/airflow/dags/ml_pipeline.py
[2025-08-17T13:20:14.671+0000] {processor.py:830} INFO - Processing file /opt/airflow/dags/ml_pipeline.py for tasks to queue
[2025-08-17T13:20:14.674+0000] {logging_mixin.py:188} INFO - [2025-08-17T13:20:14.673+0000] {dagbag.py:538} INFO - Filling up the DagBag from /opt/airflow/dags/ml_pipeline.py
[2025-08-17T13:20:14.740+0000] {processor.py:840} INFO - DAG(s) 'ml_pipeline' retrieved from /opt/airflow/dags/ml_pipeline.py
[2025-08-17T13:20:14.803+0000] {logging_mixin.py:188} INFO - [2025-08-17T13:20:14.802+0000] {dag.py:3036} INFO - Sync 1 DAGs
[2025-08-17T13:20:14.821+0000] {logging_mixin.py:188} INFO - [2025-08-17T13:20:14.821+0000] {dag.py:3823} INFO - Setting next_dagrun for ml_pipeline to None, run_after=None
[2025-08-17T13:20:14.846+0000] {processor.py:183} INFO - Processing /opt/airflow/dags/ml_pipeline.py took 0.194 seconds
[2025-08-17T13:20:45.053+0000] {processor.py:161} INFO - Started process (PID=940) to work on /opt/airflow/dags/ml_pipeline.py
[2025-08-17T13:20:45.054+0000] {processor.py:830} INFO - Processing file /opt/airflow/dags/ml_pipeline.py for tasks to queue
[2025-08-17T13:20:45.056+0000] {logging_mixin.py:188} INFO - [2025-08-17T13:20:45.055+0000] {dagbag.py:538} INFO - Filling up the DagBag from /opt/airflow/dags/ml_pipeline.py
[2025-08-17T13:20:45.083+0000] {processor.py:840} INFO - DAG(s) 'ml_pipeline' retrieved from /opt/airflow/dags/ml_pipeline.py
[2025-08-17T13:20:45.119+0000] {logging_mixin.py:188} INFO - [2025-08-17T13:20:45.119+0000] {dag.py:3036} INFO - Sync 1 DAGs
[2025-08-17T13:20:45.157+0000] {logging_mixin.py:188} INFO - [2025-08-17T13:20:45.156+0000] {dag.py:3823} INFO - Setting next_dagrun for ml_pipeline to None, run_after=None
[2025-08-17T13:20:45.189+0000] {processor.py:183} INFO - Processing /opt/airflow/dags/ml_pipeline.py took 0.141 seconds
[2025-08-17T13:21:15.279+0000] {processor.py:161} INFO - Started process (PID=945) to work on /opt/airflow/dags/ml_pipeline.py
[2025-08-17T13:21:15.281+0000] {processor.py:830} INFO - Processing file /opt/airflow/dags/ml_pipeline.py for tasks to queue
[2025-08-17T13:21:15.282+0000] {logging_mixin.py:188} INFO - [2025-08-17T13:21:15.282+0000] {dagbag.py:538} INFO - Filling up the DagBag from /opt/airflow/dags/ml_pipeline.py
[2025-08-17T13:21:15.310+0000] {processor.py:840} INFO - DAG(s) 'ml_pipeline' retrieved from /opt/airflow/dags/ml_pipeline.py
[2025-08-17T13:21:15.346+0000] {logging_mixin.py:188} INFO - [2025-08-17T13:21:15.346+0000] {dag.py:3036} INFO - Sync 1 DAGs
[2025-08-17T13:21:15.369+0000] {logging_mixin.py:188} INFO - [2025-08-17T13:21:15.369+0000] {dag.py:3823} INFO - Setting next_dagrun for ml_pipeline to None, run_after=None
[2025-08-17T13:21:15.397+0000] {processor.py:183} INFO - Processing /opt/airflow/dags/ml_pipeline.py took 0.122 seconds
[2025-08-17T13:21:45.602+0000] {processor.py:161} INFO - Started process (PID=950) to work on /opt/airflow/dags/ml_pipeline.py
[2025-08-17T13:21:45.604+0000] {processor.py:830} INFO - Processing file /opt/airflow/dags/ml_pipeline.py for tasks to queue
[2025-08-17T13:21:45.605+0000] {logging_mixin.py:188} INFO - [2025-08-17T13:21:45.605+0000] {dagbag.py:538} INFO - Filling up the DagBag from /opt/airflow/dags/ml_pipeline.py
[2025-08-17T13:21:45.632+0000] {processor.py:840} INFO - DAG(s) 'ml_pipeline' retrieved from /opt/airflow/dags/ml_pipeline.py
[2025-08-17T13:21:45.665+0000] {logging_mixin.py:188} INFO - [2025-08-17T13:21:45.665+0000] {dag.py:3036} INFO - Sync 1 DAGs
[2025-08-17T13:21:45.680+0000] {logging_mixin.py:188} INFO - [2025-08-17T13:21:45.679+0000] {dag.py:3823} INFO - Setting next_dagrun for ml_pipeline to None, run_after=None
[2025-08-17T13:21:45.705+0000] {processor.py:183} INFO - Processing /opt/airflow/dags/ml_pipeline.py took 0.106 seconds
[2025-08-17T13:22:15.885+0000] {processor.py:161} INFO - Started process (PID=955) to work on /opt/airflow/dags/ml_pipeline.py
[2025-08-17T13:22:15.886+0000] {processor.py:830} INFO - Processing file /opt/airflow/dags/ml_pipeline.py for tasks to queue
[2025-08-17T13:22:15.888+0000] {logging_mixin.py:188} INFO - [2025-08-17T13:22:15.887+0000] {dagbag.py:538} INFO - Filling up the DagBag from /opt/airflow/dags/ml_pipeline.py
[2025-08-17T13:22:15.914+0000] {processor.py:840} INFO - DAG(s) 'ml_pipeline' retrieved from /opt/airflow/dags/ml_pipeline.py
[2025-08-17T13:22:15.948+0000] {logging_mixin.py:188} INFO - [2025-08-17T13:22:15.947+0000] {dag.py:3036} INFO - Sync 1 DAGs
[2025-08-17T13:22:15.961+0000] {logging_mixin.py:188} INFO - [2025-08-17T13:22:15.961+0000] {dag.py:3823} INFO - Setting next_dagrun for ml_pipeline to None, run_after=None
[2025-08-17T13:22:16.008+0000] {processor.py:183} INFO - Processing /opt/airflow/dags/ml_pipeline.py took 0.127 seconds
[2025-08-17T13:22:46.098+0000] {processor.py:161} INFO - Started process (PID=960) to work on /opt/airflow/dags/ml_pipeline.py
[2025-08-17T13:22:46.099+0000] {processor.py:830} INFO - Processing file /opt/airflow/dags/ml_pipeline.py for tasks to queue
[2025-08-17T13:22:46.101+0000] {logging_mixin.py:188} INFO - [2025-08-17T13:22:46.100+0000] {dagbag.py:538} INFO - Filling up the DagBag from /opt/airflow/dags/ml_pipeline.py
[2025-08-17T13:22:46.126+0000] {processor.py:840} INFO - DAG(s) 'ml_pipeline' retrieved from /opt/airflow/dags/ml_pipeline.py
[2025-08-17T13:22:46.162+0000] {logging_mixin.py:188} INFO - [2025-08-17T13:22:46.162+0000] {dag.py:3036} INFO - Sync 1 DAGs
[2025-08-17T13:22:46.179+0000] {logging_mixin.py:188} INFO - [2025-08-17T13:22:46.179+0000] {dag.py:3823} INFO - Setting next_dagrun for ml_pipeline to None, run_after=None
[2025-08-17T13:22:46.202+0000] {processor.py:183} INFO - Processing /opt/airflow/dags/ml_pipeline.py took 0.108 seconds
[2025-08-17T13:23:16.406+0000] {processor.py:161} INFO - Started process (PID=965) to work on /opt/airflow/dags/ml_pipeline.py
[2025-08-17T13:23:16.407+0000] {processor.py:830} INFO - Processing file /opt/airflow/dags/ml_pipeline.py for tasks to queue
[2025-08-17T13:23:16.408+0000] {logging_mixin.py:188} INFO - [2025-08-17T13:23:16.407+0000] {dagbag.py:538} INFO - Filling up the DagBag from /opt/airflow/dags/ml_pipeline.py
[2025-08-17T13:23:16.453+0000] {processor.py:840} INFO - DAG(s) 'ml_pipeline' retrieved from /opt/airflow/dags/ml_pipeline.py
[2025-08-17T13:23:16.487+0000] {logging_mixin.py:188} INFO - [2025-08-17T13:23:16.487+0000] {dag.py:3036} INFO - Sync 1 DAGs
[2025-08-17T13:23:16.503+0000] {logging_mixin.py:188} INFO - [2025-08-17T13:23:16.502+0000] {dag.py:3823} INFO - Setting next_dagrun for ml_pipeline to None, run_after=None
[2025-08-17T13:23:16.528+0000] {processor.py:183} INFO - Processing /opt/airflow/dags/ml_pipeline.py took 0.126 seconds
[2025-08-17T13:23:46.620+0000] {processor.py:161} INFO - Started process (PID=970) to work on /opt/airflow/dags/ml_pipeline.py
[2025-08-17T13:23:46.621+0000] {processor.py:830} INFO - Processing file /opt/airflow/dags/ml_pipeline.py for tasks to queue
[2025-08-17T13:23:46.622+0000] {logging_mixin.py:188} INFO - [2025-08-17T13:23:46.622+0000] {dagbag.py:538} INFO - Filling up the DagBag from /opt/airflow/dags/ml_pipeline.py
[2025-08-17T13:23:46.650+0000] {processor.py:840} INFO - DAG(s) 'ml_pipeline' retrieved from /opt/airflow/dags/ml_pipeline.py
[2025-08-17T13:23:46.693+0000] {logging_mixin.py:188} INFO - [2025-08-17T13:23:46.692+0000] {dag.py:3036} INFO - Sync 1 DAGs
[2025-08-17T13:23:46.714+0000] {logging_mixin.py:188} INFO - [2025-08-17T13:23:46.713+0000] {dag.py:3823} INFO - Setting next_dagrun for ml_pipeline to None, run_after=None
[2025-08-17T13:23:46.741+0000] {processor.py:183} INFO - Processing /opt/airflow/dags/ml_pipeline.py took 0.125 seconds
[2025-08-17T13:24:16.932+0000] {processor.py:161} INFO - Started process (PID=975) to work on /opt/airflow/dags/ml_pipeline.py
[2025-08-17T13:24:16.933+0000] {processor.py:830} INFO - Processing file /opt/airflow/dags/ml_pipeline.py for tasks to queue
[2025-08-17T13:24:16.934+0000] {logging_mixin.py:188} INFO - [2025-08-17T13:24:16.934+0000] {dagbag.py:538} INFO - Filling up the DagBag from /opt/airflow/dags/ml_pipeline.py
[2025-08-17T13:24:16.960+0000] {processor.py:840} INFO - DAG(s) 'ml_pipeline' retrieved from /opt/airflow/dags/ml_pipeline.py
[2025-08-17T13:24:16.994+0000] {logging_mixin.py:188} INFO - [2025-08-17T13:24:16.994+0000] {dag.py:3036} INFO - Sync 1 DAGs
[2025-08-17T13:24:17.019+0000] {logging_mixin.py:188} INFO - [2025-08-17T13:24:17.018+0000] {dag.py:3823} INFO - Setting next_dagrun for ml_pipeline to None, run_after=None
[2025-08-17T13:24:17.051+0000] {processor.py:183} INFO - Processing /opt/airflow/dags/ml_pipeline.py took 0.123 seconds
[2025-08-17T13:24:47.140+0000] {processor.py:161} INFO - Started process (PID=980) to work on /opt/airflow/dags/ml_pipeline.py
[2025-08-17T13:24:47.141+0000] {processor.py:830} INFO - Processing file /opt/airflow/dags/ml_pipeline.py for tasks to queue
[2025-08-17T13:24:47.143+0000] {logging_mixin.py:188} INFO - [2025-08-17T13:24:47.142+0000] {dagbag.py:538} INFO - Filling up the DagBag from /opt/airflow/dags/ml_pipeline.py
[2025-08-17T13:24:47.169+0000] {processor.py:840} INFO - DAG(s) 'ml_pipeline' retrieved from /opt/airflow/dags/ml_pipeline.py
[2025-08-17T13:24:47.223+0000] {logging_mixin.py:188} INFO - [2025-08-17T13:24:47.223+0000] {dag.py:3036} INFO - Sync 1 DAGs
[2025-08-17T13:24:47.240+0000] {logging_mixin.py:188} INFO - [2025-08-17T13:24:47.240+0000] {dag.py:3823} INFO - Setting next_dagrun for ml_pipeline to None, run_after=None
[2025-08-17T13:24:47.265+0000] {processor.py:183} INFO - Processing /opt/airflow/dags/ml_pipeline.py took 0.130 seconds
[2025-08-17T13:25:17.442+0000] {processor.py:161} INFO - Started process (PID=985) to work on /opt/airflow/dags/ml_pipeline.py
[2025-08-17T13:25:17.444+0000] {processor.py:830} INFO - Processing file /opt/airflow/dags/ml_pipeline.py for tasks to queue
[2025-08-17T13:25:17.445+0000] {logging_mixin.py:188} INFO - [2025-08-17T13:25:17.445+0000] {dagbag.py:538} INFO - Filling up the DagBag from /opt/airflow/dags/ml_pipeline.py
[2025-08-17T13:25:17.471+0000] {processor.py:840} INFO - DAG(s) 'ml_pipeline' retrieved from /opt/airflow/dags/ml_pipeline.py
[2025-08-17T13:25:17.505+0000] {logging_mixin.py:188} INFO - [2025-08-17T13:25:17.505+0000] {dag.py:3036} INFO - Sync 1 DAGs
[2025-08-17T13:25:17.520+0000] {logging_mixin.py:188} INFO - [2025-08-17T13:25:17.520+0000] {dag.py:3823} INFO - Setting next_dagrun for ml_pipeline to None, run_after=None
[2025-08-17T13:25:17.549+0000] {processor.py:183} INFO - Processing /opt/airflow/dags/ml_pipeline.py took 0.110 seconds
[2025-08-17T13:25:47.662+0000] {processor.py:161} INFO - Started process (PID=990) to work on /opt/airflow/dags/ml_pipeline.py
[2025-08-17T13:25:47.664+0000] {processor.py:830} INFO - Processing file /opt/airflow/dags/ml_pipeline.py for tasks to queue
[2025-08-17T13:25:47.665+0000] {logging_mixin.py:188} INFO - [2025-08-17T13:25:47.664+0000] {dagbag.py:538} INFO - Filling up the DagBag from /opt/airflow/dags/ml_pipeline.py
[2025-08-17T13:25:47.692+0000] {processor.py:840} INFO - DAG(s) 'ml_pipeline' retrieved from /opt/airflow/dags/ml_pipeline.py
[2025-08-17T13:25:47.727+0000] {logging_mixin.py:188} INFO - [2025-08-17T13:25:47.727+0000] {dag.py:3036} INFO - Sync 1 DAGs
[2025-08-17T13:25:47.741+0000] {logging_mixin.py:188} INFO - [2025-08-17T13:25:47.741+0000] {dag.py:3823} INFO - Setting next_dagrun for ml_pipeline to None, run_after=None
[2025-08-17T13:25:47.767+0000] {processor.py:183} INFO - Processing /opt/airflow/dags/ml_pipeline.py took 0.108 seconds
[2025-08-17T13:26:17.937+0000] {processor.py:161} INFO - Started process (PID=995) to work on /opt/airflow/dags/ml_pipeline.py
[2025-08-17T13:26:17.938+0000] {processor.py:830} INFO - Processing file /opt/airflow/dags/ml_pipeline.py for tasks to queue
[2025-08-17T13:26:17.939+0000] {logging_mixin.py:188} INFO - [2025-08-17T13:26:17.939+0000] {dagbag.py:538} INFO - Filling up the DagBag from /opt/airflow/dags/ml_pipeline.py
[2025-08-17T13:26:17.963+0000] {processor.py:840} INFO - DAG(s) 'ml_pipeline' retrieved from /opt/airflow/dags/ml_pipeline.py
[2025-08-17T13:26:17.997+0000] {logging_mixin.py:188} INFO - [2025-08-17T13:26:17.997+0000] {dag.py:3036} INFO - Sync 1 DAGs
[2025-08-17T13:26:18.012+0000] {logging_mixin.py:188} INFO - [2025-08-17T13:26:18.012+0000] {dag.py:3823} INFO - Setting next_dagrun for ml_pipeline to None, run_after=None
[2025-08-17T13:26:18.043+0000] {processor.py:183} INFO - Processing /opt/airflow/dags/ml_pipeline.py took 0.109 seconds
[2025-08-17T13:26:48.161+0000] {processor.py:161} INFO - Started process (PID=1000) to work on /opt/airflow/dags/ml_pipeline.py
[2025-08-17T13:26:48.162+0000] {processor.py:830} INFO - Processing file /opt/airflow/dags/ml_pipeline.py for tasks to queue
[2025-08-17T13:26:48.164+0000] {logging_mixin.py:188} INFO - [2025-08-17T13:26:48.163+0000] {dagbag.py:538} INFO - Filling up the DagBag from /opt/airflow/dags/ml_pipeline.py
[2025-08-17T13:26:48.194+0000] {processor.py:840} INFO - DAG(s) 'ml_pipeline' retrieved from /opt/airflow/dags/ml_pipeline.py
[2025-08-17T13:26:48.228+0000] {logging_mixin.py:188} INFO - [2025-08-17T13:26:48.228+0000] {dag.py:3036} INFO - Sync 1 DAGs
[2025-08-17T13:26:48.243+0000] {logging_mixin.py:188} INFO - [2025-08-17T13:26:48.243+0000] {dag.py:3823} INFO - Setting next_dagrun for ml_pipeline to None, run_after=None
[2025-08-17T13:26:48.272+0000] {processor.py:183} INFO - Processing /opt/airflow/dags/ml_pipeline.py took 0.115 seconds
[2025-08-17T13:27:18.507+0000] {processor.py:161} INFO - Started process (PID=1005) to work on /opt/airflow/dags/ml_pipeline.py
[2025-08-17T13:27:18.509+0000] {processor.py:830} INFO - Processing file /opt/airflow/dags/ml_pipeline.py for tasks to queue
[2025-08-17T13:27:18.510+0000] {logging_mixin.py:188} INFO - [2025-08-17T13:27:18.510+0000] {dagbag.py:538} INFO - Filling up the DagBag from /opt/airflow/dags/ml_pipeline.py
[2025-08-17T13:27:18.535+0000] {processor.py:840} INFO - DAG(s) 'ml_pipeline' retrieved from /opt/airflow/dags/ml_pipeline.py
[2025-08-17T13:27:18.567+0000] {logging_mixin.py:188} INFO - [2025-08-17T13:27:18.567+0000] {dag.py:3036} INFO - Sync 1 DAGs
[2025-08-17T13:27:18.583+0000] {logging_mixin.py:188} INFO - [2025-08-17T13:27:18.582+0000] {dag.py:3823} INFO - Setting next_dagrun for ml_pipeline to None, run_after=None
[2025-08-17T13:27:18.609+0000] {processor.py:183} INFO - Processing /opt/airflow/dags/ml_pipeline.py took 0.105 seconds
[2025-08-17T13:27:48.720+0000] {processor.py:161} INFO - Started process (PID=1010) to work on /opt/airflow/dags/ml_pipeline.py
[2025-08-17T13:27:48.722+0000] {processor.py:830} INFO - Processing file /opt/airflow/dags/ml_pipeline.py for tasks to queue
[2025-08-17T13:27:48.723+0000] {logging_mixin.py:188} INFO - [2025-08-17T13:27:48.723+0000] {dagbag.py:538} INFO - Filling up the DagBag from /opt/airflow/dags/ml_pipeline.py
[2025-08-17T13:27:48.750+0000] {processor.py:840} INFO - DAG(s) 'ml_pipeline' retrieved from /opt/airflow/dags/ml_pipeline.py
[2025-08-17T13:27:48.785+0000] {logging_mixin.py:188} INFO - [2025-08-17T13:27:48.785+0000] {dag.py:3036} INFO - Sync 1 DAGs
[2025-08-17T13:27:48.799+0000] {logging_mixin.py:188} INFO - [2025-08-17T13:27:48.799+0000] {dag.py:3823} INFO - Setting next_dagrun for ml_pipeline to None, run_after=None
[2025-08-17T13:27:48.829+0000] {processor.py:183} INFO - Processing /opt/airflow/dags/ml_pipeline.py took 0.113 seconds
[2025-08-17T13:28:19.002+0000] {processor.py:161} INFO - Started process (PID=1015) to work on /opt/airflow/dags/ml_pipeline.py
[2025-08-17T13:28:19.003+0000] {processor.py:830} INFO - Processing file /opt/airflow/dags/ml_pipeline.py for tasks to queue
[2025-08-17T13:28:19.004+0000] {logging_mixin.py:188} INFO - [2025-08-17T13:28:19.003+0000] {dagbag.py:538} INFO - Filling up the DagBag from /opt/airflow/dags/ml_pipeline.py
[2025-08-17T13:28:19.032+0000] {processor.py:840} INFO - DAG(s) 'ml_pipeline' retrieved from /opt/airflow/dags/ml_pipeline.py
[2025-08-17T13:28:19.065+0000] {logging_mixin.py:188} INFO - [2025-08-17T13:28:19.065+0000] {dag.py:3036} INFO - Sync 1 DAGs
[2025-08-17T13:28:19.081+0000] {logging_mixin.py:188} INFO - [2025-08-17T13:28:19.081+0000] {dag.py:3823} INFO - Setting next_dagrun for ml_pipeline to None, run_after=None
[2025-08-17T13:28:19.107+0000] {processor.py:183} INFO - Processing /opt/airflow/dags/ml_pipeline.py took 0.109 seconds
[2025-08-17T13:28:49.226+0000] {processor.py:161} INFO - Started process (PID=1020) to work on /opt/airflow/dags/ml_pipeline.py
[2025-08-17T13:28:49.227+0000] {processor.py:830} INFO - Processing file /opt/airflow/dags/ml_pipeline.py for tasks to queue
[2025-08-17T13:28:49.229+0000] {logging_mixin.py:188} INFO - [2025-08-17T13:28:49.228+0000] {dagbag.py:538} INFO - Filling up the DagBag from /opt/airflow/dags/ml_pipeline.py
[2025-08-17T13:28:49.254+0000] {processor.py:840} INFO - DAG(s) 'ml_pipeline' retrieved from /opt/airflow/dags/ml_pipeline.py
[2025-08-17T13:28:49.288+0000] {logging_mixin.py:188} INFO - [2025-08-17T13:28:49.288+0000] {dag.py:3036} INFO - Sync 1 DAGs
[2025-08-17T13:28:49.303+0000] {logging_mixin.py:188} INFO - [2025-08-17T13:28:49.302+0000] {dag.py:3823} INFO - Setting next_dagrun for ml_pipeline to None, run_after=None
[2025-08-17T13:28:49.327+0000] {processor.py:183} INFO - Processing /opt/airflow/dags/ml_pipeline.py took 0.106 seconds
[2025-08-17T13:29:19.497+0000] {processor.py:161} INFO - Started process (PID=1025) to work on /opt/airflow/dags/ml_pipeline.py
[2025-08-17T13:29:19.498+0000] {processor.py:830} INFO - Processing file /opt/airflow/dags/ml_pipeline.py for tasks to queue
[2025-08-17T13:29:19.499+0000] {logging_mixin.py:188} INFO - [2025-08-17T13:29:19.499+0000] {dagbag.py:538} INFO - Filling up the DagBag from /opt/airflow/dags/ml_pipeline.py
[2025-08-17T13:29:19.523+0000] {processor.py:840} INFO - DAG(s) 'ml_pipeline' retrieved from /opt/airflow/dags/ml_pipeline.py
[2025-08-17T13:29:19.556+0000] {logging_mixin.py:188} INFO - [2025-08-17T13:29:19.555+0000] {dag.py:3036} INFO - Sync 1 DAGs
[2025-08-17T13:29:19.571+0000] {logging_mixin.py:188} INFO - [2025-08-17T13:29:19.571+0000] {dag.py:3823} INFO - Setting next_dagrun for ml_pipeline to None, run_after=None
[2025-08-17T13:29:19.595+0000] {processor.py:183} INFO - Processing /opt/airflow/dags/ml_pipeline.py took 0.103 seconds
[2025-08-17T13:29:49.717+0000] {processor.py:161} INFO - Started process (PID=1030) to work on /opt/airflow/dags/ml_pipeline.py
[2025-08-17T13:29:49.718+0000] {processor.py:830} INFO - Processing file /opt/airflow/dags/ml_pipeline.py for tasks to queue
[2025-08-17T13:29:49.719+0000] {logging_mixin.py:188} INFO - [2025-08-17T13:29:49.719+0000] {dagbag.py:538} INFO - Filling up the DagBag from /opt/airflow/dags/ml_pipeline.py
[2025-08-17T13:29:49.744+0000] {processor.py:840} INFO - DAG(s) 'ml_pipeline' retrieved from /opt/airflow/dags/ml_pipeline.py
[2025-08-17T13:29:49.777+0000] {logging_mixin.py:188} INFO - [2025-08-17T13:29:49.777+0000] {dag.py:3036} INFO - Sync 1 DAGs
[2025-08-17T13:29:49.791+0000] {logging_mixin.py:188} INFO - [2025-08-17T13:29:49.791+0000] {dag.py:3823} INFO - Setting next_dagrun for ml_pipeline to None, run_after=None
[2025-08-17T13:29:49.820+0000] {processor.py:183} INFO - Processing /opt/airflow/dags/ml_pipeline.py took 0.107 seconds
[2025-08-17T13:30:20.029+0000] {processor.py:161} INFO - Started process (PID=1035) to work on /opt/airflow/dags/ml_pipeline.py
[2025-08-17T13:30:20.031+0000] {processor.py:830} INFO - Processing file /opt/airflow/dags/ml_pipeline.py for tasks to queue
[2025-08-17T13:30:20.034+0000] {logging_mixin.py:188} INFO - [2025-08-17T13:30:20.033+0000] {dagbag.py:538} INFO - Filling up the DagBag from /opt/airflow/dags/ml_pipeline.py
[2025-08-17T13:30:20.103+0000] {processor.py:840} INFO - DAG(s) 'ml_pipeline' retrieved from /opt/airflow/dags/ml_pipeline.py
[2025-08-17T13:30:20.213+0000] {logging_mixin.py:188} INFO - [2025-08-17T13:30:20.213+0000] {dag.py:3036} INFO - Sync 1 DAGs
[2025-08-17T13:30:20.246+0000] {logging_mixin.py:188} INFO - [2025-08-17T13:30:20.245+0000] {dag.py:3823} INFO - Setting next_dagrun for ml_pipeline to None, run_after=None
[2025-08-17T13:30:20.302+0000] {processor.py:183} INFO - Processing /opt/airflow/dags/ml_pipeline.py took 0.279 seconds
[2025-08-17T13:30:50.525+0000] {processor.py:161} INFO - Started process (PID=1040) to work on /opt/airflow/dags/ml_pipeline.py
[2025-08-17T13:30:50.527+0000] {processor.py:830} INFO - Processing file /opt/airflow/dags/ml_pipeline.py for tasks to queue
[2025-08-17T13:30:50.529+0000] {logging_mixin.py:188} INFO - [2025-08-17T13:30:50.528+0000] {dagbag.py:538} INFO - Filling up the DagBag from /opt/airflow/dags/ml_pipeline.py
[2025-08-17T13:30:50.558+0000] {processor.py:840} INFO - DAG(s) 'ml_pipeline' retrieved from /opt/airflow/dags/ml_pipeline.py
[2025-08-17T13:30:50.595+0000] {logging_mixin.py:188} INFO - [2025-08-17T13:30:50.595+0000] {dag.py:3036} INFO - Sync 1 DAGs
[2025-08-17T13:30:50.610+0000] {logging_mixin.py:188} INFO - [2025-08-17T13:30:50.609+0000] {dag.py:3823} INFO - Setting next_dagrun for ml_pipeline to None, run_after=None
[2025-08-17T13:30:50.634+0000] {processor.py:183} INFO - Processing /opt/airflow/dags/ml_pipeline.py took 0.113 seconds
[2025-08-17T13:31:20.735+0000] {processor.py:161} INFO - Started process (PID=1045) to work on /opt/airflow/dags/ml_pipeline.py
[2025-08-17T13:31:20.736+0000] {processor.py:830} INFO - Processing file /opt/airflow/dags/ml_pipeline.py for tasks to queue
[2025-08-17T13:31:20.738+0000] {logging_mixin.py:188} INFO - [2025-08-17T13:31:20.737+0000] {dagbag.py:538} INFO - Filling up the DagBag from /opt/airflow/dags/ml_pipeline.py
[2025-08-17T13:31:20.761+0000] {processor.py:840} INFO - DAG(s) 'ml_pipeline' retrieved from /opt/airflow/dags/ml_pipeline.py
[2025-08-17T13:31:20.793+0000] {logging_mixin.py:188} INFO - [2025-08-17T13:31:20.793+0000] {dag.py:3036} INFO - Sync 1 DAGs
[2025-08-17T13:31:20.808+0000] {logging_mixin.py:188} INFO - [2025-08-17T13:31:20.807+0000] {dag.py:3823} INFO - Setting next_dagrun for ml_pipeline to None, run_after=None
[2025-08-17T13:31:20.838+0000] {processor.py:183} INFO - Processing /opt/airflow/dags/ml_pipeline.py took 0.108 seconds
[2025-08-17T13:31:51.084+0000] {processor.py:161} INFO - Started process (PID=1050) to work on /opt/airflow/dags/ml_pipeline.py
[2025-08-17T13:31:51.085+0000] {processor.py:830} INFO - Processing file /opt/airflow/dags/ml_pipeline.py for tasks to queue
[2025-08-17T13:31:51.087+0000] {logging_mixin.py:188} INFO - [2025-08-17T13:31:51.086+0000] {dagbag.py:538} INFO - Filling up the DagBag from /opt/airflow/dags/ml_pipeline.py
[2025-08-17T13:31:51.114+0000] {processor.py:840} INFO - DAG(s) 'ml_pipeline' retrieved from /opt/airflow/dags/ml_pipeline.py
[2025-08-17T13:31:51.149+0000] {logging_mixin.py:188} INFO - [2025-08-17T13:31:51.148+0000] {dag.py:3036} INFO - Sync 1 DAGs
[2025-08-17T13:31:51.172+0000] {logging_mixin.py:188} INFO - [2025-08-17T13:31:51.172+0000] {dag.py:3823} INFO - Setting next_dagrun for ml_pipeline to None, run_after=None
[2025-08-17T13:31:51.213+0000] {processor.py:183} INFO - Processing /opt/airflow/dags/ml_pipeline.py took 0.133 seconds
[2025-08-17T13:32:21.321+0000] {processor.py:161} INFO - Started process (PID=1055) to work on /opt/airflow/dags/ml_pipeline.py
[2025-08-17T13:32:21.322+0000] {processor.py:830} INFO - Processing file /opt/airflow/dags/ml_pipeline.py for tasks to queue
[2025-08-17T13:32:21.323+0000] {logging_mixin.py:188} INFO - [2025-08-17T13:32:21.323+0000] {dagbag.py:538} INFO - Filling up the DagBag from /opt/airflow/dags/ml_pipeline.py
[2025-08-17T13:32:21.350+0000] {processor.py:840} INFO - DAG(s) 'ml_pipeline' retrieved from /opt/airflow/dags/ml_pipeline.py
[2025-08-17T13:32:21.385+0000] {logging_mixin.py:188} INFO - [2025-08-17T13:32:21.385+0000] {dag.py:3036} INFO - Sync 1 DAGs
[2025-08-17T13:32:21.399+0000] {logging_mixin.py:188} INFO - [2025-08-17T13:32:21.399+0000] {dag.py:3823} INFO - Setting next_dagrun for ml_pipeline to None, run_after=None
[2025-08-17T13:32:21.431+0000] {processor.py:183} INFO - Processing /opt/airflow/dags/ml_pipeline.py took 0.114 seconds
[2025-08-17T13:32:51.595+0000] {processor.py:161} INFO - Started process (PID=1060) to work on /opt/airflow/dags/ml_pipeline.py
[2025-08-17T13:32:51.596+0000] {processor.py:830} INFO - Processing file /opt/airflow/dags/ml_pipeline.py for tasks to queue
[2025-08-17T13:32:51.597+0000] {logging_mixin.py:188} INFO - [2025-08-17T13:32:51.597+0000] {dagbag.py:538} INFO - Filling up the DagBag from /opt/airflow/dags/ml_pipeline.py
[2025-08-17T13:32:51.622+0000] {processor.py:840} INFO - DAG(s) 'ml_pipeline' retrieved from /opt/airflow/dags/ml_pipeline.py
[2025-08-17T13:32:51.655+0000] {logging_mixin.py:188} INFO - [2025-08-17T13:32:51.654+0000] {dag.py:3036} INFO - Sync 1 DAGs
[2025-08-17T13:32:51.670+0000] {logging_mixin.py:188} INFO - [2025-08-17T13:32:51.669+0000] {dag.py:3823} INFO - Setting next_dagrun for ml_pipeline to None, run_after=None
[2025-08-17T13:32:51.696+0000] {processor.py:183} INFO - Processing /opt/airflow/dags/ml_pipeline.py took 0.105 seconds
[2025-08-17T13:33:21.824+0000] {processor.py:161} INFO - Started process (PID=1065) to work on /opt/airflow/dags/ml_pipeline.py
[2025-08-17T13:33:21.825+0000] {processor.py:830} INFO - Processing file /opt/airflow/dags/ml_pipeline.py for tasks to queue
[2025-08-17T13:33:21.826+0000] {logging_mixin.py:188} INFO - [2025-08-17T13:33:21.826+0000] {dagbag.py:538} INFO - Filling up the DagBag from /opt/airflow/dags/ml_pipeline.py
[2025-08-17T13:33:21.854+0000] {processor.py:840} INFO - DAG(s) 'ml_pipeline' retrieved from /opt/airflow/dags/ml_pipeline.py
[2025-08-17T13:33:21.889+0000] {logging_mixin.py:188} INFO - [2025-08-17T13:33:21.888+0000] {dag.py:3036} INFO - Sync 1 DAGs
[2025-08-17T13:33:21.902+0000] {logging_mixin.py:188} INFO - [2025-08-17T13:33:21.902+0000] {dag.py:3823} INFO - Setting next_dagrun for ml_pipeline to None, run_after=None
[2025-08-17T13:33:21.927+0000] {processor.py:183} INFO - Processing /opt/airflow/dags/ml_pipeline.py took 0.107 seconds
[2025-08-17T13:33:52.087+0000] {processor.py:161} INFO - Started process (PID=1070) to work on /opt/airflow/dags/ml_pipeline.py
[2025-08-17T13:33:52.088+0000] {processor.py:830} INFO - Processing file /opt/airflow/dags/ml_pipeline.py for tasks to queue
[2025-08-17T13:33:52.090+0000] {logging_mixin.py:188} INFO - [2025-08-17T13:33:52.089+0000] {dagbag.py:538} INFO - Filling up the DagBag from /opt/airflow/dags/ml_pipeline.py
[2025-08-17T13:33:52.116+0000] {processor.py:840} INFO - DAG(s) 'ml_pipeline' retrieved from /opt/airflow/dags/ml_pipeline.py
[2025-08-17T13:33:52.148+0000] {logging_mixin.py:188} INFO - [2025-08-17T13:33:52.148+0000] {dag.py:3036} INFO - Sync 1 DAGs
[2025-08-17T13:33:52.161+0000] {logging_mixin.py:188} INFO - [2025-08-17T13:33:52.161+0000] {dag.py:3823} INFO - Setting next_dagrun for ml_pipeline to None, run_after=None
[2025-08-17T13:33:52.191+0000] {processor.py:183} INFO - Processing /opt/airflow/dags/ml_pipeline.py took 0.108 seconds
[2025-08-17T13:34:22.318+0000] {processor.py:161} INFO - Started process (PID=1075) to work on /opt/airflow/dags/ml_pipeline.py
[2025-08-17T13:34:22.319+0000] {processor.py:830} INFO - Processing file /opt/airflow/dags/ml_pipeline.py for tasks to queue
[2025-08-17T13:34:22.321+0000] {logging_mixin.py:188} INFO - [2025-08-17T13:34:22.320+0000] {dagbag.py:538} INFO - Filling up the DagBag from /opt/airflow/dags/ml_pipeline.py
[2025-08-17T13:34:22.345+0000] {processor.py:840} INFO - DAG(s) 'ml_pipeline' retrieved from /opt/airflow/dags/ml_pipeline.py
[2025-08-17T13:34:22.378+0000] {logging_mixin.py:188} INFO - [2025-08-17T13:34:22.378+0000] {dag.py:3036} INFO - Sync 1 DAGs
[2025-08-17T13:34:22.393+0000] {logging_mixin.py:188} INFO - [2025-08-17T13:34:22.392+0000] {dag.py:3823} INFO - Setting next_dagrun for ml_pipeline to None, run_after=None
[2025-08-17T13:34:22.425+0000] {processor.py:183} INFO - Processing /opt/airflow/dags/ml_pipeline.py took 0.112 seconds
[2025-08-17T13:34:52.585+0000] {processor.py:161} INFO - Started process (PID=1080) to work on /opt/airflow/dags/ml_pipeline.py
[2025-08-17T13:34:52.586+0000] {processor.py:830} INFO - Processing file /opt/airflow/dags/ml_pipeline.py for tasks to queue
[2025-08-17T13:34:52.588+0000] {logging_mixin.py:188} INFO - [2025-08-17T13:34:52.587+0000] {dagbag.py:538} INFO - Filling up the DagBag from /opt/airflow/dags/ml_pipeline.py
[2025-08-17T13:34:52.616+0000] {processor.py:840} INFO - DAG(s) 'ml_pipeline' retrieved from /opt/airflow/dags/ml_pipeline.py
[2025-08-17T13:34:52.649+0000] {logging_mixin.py:188} INFO - [2025-08-17T13:34:52.649+0000] {dag.py:3036} INFO - Sync 1 DAGs
[2025-08-17T13:34:52.665+0000] {logging_mixin.py:188} INFO - [2025-08-17T13:34:52.665+0000] {dag.py:3823} INFO - Setting next_dagrun for ml_pipeline to None, run_after=None
[2025-08-17T13:34:52.691+0000] {processor.py:183} INFO - Processing /opt/airflow/dags/ml_pipeline.py took 0.111 seconds
[2025-08-17T13:35:22.826+0000] {processor.py:161} INFO - Started process (PID=1085) to work on /opt/airflow/dags/ml_pipeline.py
[2025-08-17T13:35:22.827+0000] {processor.py:830} INFO - Processing file /opt/airflow/dags/ml_pipeline.py for tasks to queue
[2025-08-17T13:35:22.829+0000] {logging_mixin.py:188} INFO - [2025-08-17T13:35:22.828+0000] {dagbag.py:538} INFO - Filling up the DagBag from /opt/airflow/dags/ml_pipeline.py
[2025-08-17T13:35:22.857+0000] {processor.py:840} INFO - DAG(s) 'ml_pipeline' retrieved from /opt/airflow/dags/ml_pipeline.py
[2025-08-17T13:35:22.891+0000] {logging_mixin.py:188} INFO - [2025-08-17T13:35:22.890+0000] {dag.py:3036} INFO - Sync 1 DAGs
[2025-08-17T13:35:22.905+0000] {logging_mixin.py:188} INFO - [2025-08-17T13:35:22.905+0000] {dag.py:3823} INFO - Setting next_dagrun for ml_pipeline to None, run_after=None
[2025-08-17T13:35:22.929+0000] {processor.py:183} INFO - Processing /opt/airflow/dags/ml_pipeline.py took 0.107 seconds
[2025-08-17T13:35:53.096+0000] {processor.py:161} INFO - Started process (PID=1090) to work on /opt/airflow/dags/ml_pipeline.py
[2025-08-17T13:35:53.097+0000] {processor.py:830} INFO - Processing file /opt/airflow/dags/ml_pipeline.py for tasks to queue
[2025-08-17T13:35:53.099+0000] {logging_mixin.py:188} INFO - [2025-08-17T13:35:53.098+0000] {dagbag.py:538} INFO - Filling up the DagBag from /opt/airflow/dags/ml_pipeline.py
[2025-08-17T13:35:53.127+0000] {processor.py:840} INFO - DAG(s) 'ml_pipeline' retrieved from /opt/airflow/dags/ml_pipeline.py
[2025-08-17T13:35:53.160+0000] {logging_mixin.py:188} INFO - [2025-08-17T13:35:53.159+0000] {dag.py:3036} INFO - Sync 1 DAGs
[2025-08-17T13:35:53.173+0000] {logging_mixin.py:188} INFO - [2025-08-17T13:35:53.173+0000] {dag.py:3823} INFO - Setting next_dagrun for ml_pipeline to None, run_after=None
[2025-08-17T13:35:53.201+0000] {processor.py:183} INFO - Processing /opt/airflow/dags/ml_pipeline.py took 0.109 seconds
[2025-08-17T13:36:23.326+0000] {processor.py:161} INFO - Started process (PID=1095) to work on /opt/airflow/dags/ml_pipeline.py
[2025-08-17T13:36:23.327+0000] {processor.py:830} INFO - Processing file /opt/airflow/dags/ml_pipeline.py for tasks to queue
[2025-08-17T13:36:23.328+0000] {logging_mixin.py:188} INFO - [2025-08-17T13:36:23.328+0000] {dagbag.py:538} INFO - Filling up the DagBag from /opt/airflow/dags/ml_pipeline.py
[2025-08-17T13:36:23.356+0000] {processor.py:840} INFO - DAG(s) 'ml_pipeline' retrieved from /opt/airflow/dags/ml_pipeline.py
[2025-08-17T13:36:23.390+0000] {logging_mixin.py:188} INFO - [2025-08-17T13:36:23.390+0000] {dag.py:3036} INFO - Sync 1 DAGs
[2025-08-17T13:36:23.405+0000] {logging_mixin.py:188} INFO - [2025-08-17T13:36:23.405+0000] {dag.py:3823} INFO - Setting next_dagrun for ml_pipeline to None, run_after=None
[2025-08-17T13:36:23.432+0000] {processor.py:183} INFO - Processing /opt/airflow/dags/ml_pipeline.py took 0.112 seconds
[2025-08-17T13:36:53.657+0000] {processor.py:161} INFO - Started process (PID=1100) to work on /opt/airflow/dags/ml_pipeline.py
[2025-08-17T13:36:53.658+0000] {processor.py:830} INFO - Processing file /opt/airflow/dags/ml_pipeline.py for tasks to queue
[2025-08-17T13:36:53.659+0000] {logging_mixin.py:188} INFO - [2025-08-17T13:36:53.659+0000] {dagbag.py:538} INFO - Filling up the DagBag from /opt/airflow/dags/ml_pipeline.py
[2025-08-17T13:36:53.684+0000] {processor.py:840} INFO - DAG(s) 'ml_pipeline' retrieved from /opt/airflow/dags/ml_pipeline.py
[2025-08-17T13:36:53.718+0000] {logging_mixin.py:188} INFO - [2025-08-17T13:36:53.718+0000] {dag.py:3036} INFO - Sync 1 DAGs
[2025-08-17T13:36:53.735+0000] {logging_mixin.py:188} INFO - [2025-08-17T13:36:53.735+0000] {dag.py:3823} INFO - Setting next_dagrun for ml_pipeline to None, run_after=None
[2025-08-17T13:36:53.780+0000] {processor.py:183} INFO - Processing /opt/airflow/dags/ml_pipeline.py took 0.127 seconds
[2025-08-17T13:37:23.871+0000] {processor.py:161} INFO - Started process (PID=1105) to work on /opt/airflow/dags/ml_pipeline.py
[2025-08-17T13:37:23.873+0000] {processor.py:830} INFO - Processing file /opt/airflow/dags/ml_pipeline.py for tasks to queue
[2025-08-17T13:37:23.874+0000] {logging_mixin.py:188} INFO - [2025-08-17T13:37:23.874+0000] {dagbag.py:538} INFO - Filling up the DagBag from /opt/airflow/dags/ml_pipeline.py
[2025-08-17T13:37:23.903+0000] {processor.py:840} INFO - DAG(s) 'ml_pipeline' retrieved from /opt/airflow/dags/ml_pipeline.py
[2025-08-17T13:37:23.941+0000] {logging_mixin.py:188} INFO - [2025-08-17T13:37:23.940+0000] {dag.py:3036} INFO - Sync 1 DAGs
[2025-08-17T13:37:23.955+0000] {logging_mixin.py:188} INFO - [2025-08-17T13:37:23.954+0000] {dag.py:3823} INFO - Setting next_dagrun for ml_pipeline to None, run_after=None
[2025-08-17T13:37:23.979+0000] {processor.py:183} INFO - Processing /opt/airflow/dags/ml_pipeline.py took 0.113 seconds
[2025-08-17T13:37:54.186+0000] {processor.py:161} INFO - Started process (PID=1110) to work on /opt/airflow/dags/ml_pipeline.py
[2025-08-17T13:37:54.187+0000] {processor.py:830} INFO - Processing file /opt/airflow/dags/ml_pipeline.py for tasks to queue
[2025-08-17T13:37:54.189+0000] {logging_mixin.py:188} INFO - [2025-08-17T13:37:54.188+0000] {dagbag.py:538} INFO - Filling up the DagBag from /opt/airflow/dags/ml_pipeline.py
[2025-08-17T13:37:54.213+0000] {processor.py:840} INFO - DAG(s) 'ml_pipeline' retrieved from /opt/airflow/dags/ml_pipeline.py
[2025-08-17T13:37:54.248+0000] {logging_mixin.py:188} INFO - [2025-08-17T13:37:54.248+0000] {dag.py:3036} INFO - Sync 1 DAGs
[2025-08-17T13:37:54.263+0000] {logging_mixin.py:188} INFO - [2025-08-17T13:37:54.263+0000] {dag.py:3823} INFO - Setting next_dagrun for ml_pipeline to None, run_after=None
[2025-08-17T13:37:54.289+0000] {processor.py:183} INFO - Processing /opt/airflow/dags/ml_pipeline.py took 0.107 seconds
[2025-08-17T13:38:24.400+0000] {processor.py:161} INFO - Started process (PID=1115) to work on /opt/airflow/dags/ml_pipeline.py
[2025-08-17T13:38:24.402+0000] {processor.py:830} INFO - Processing file /opt/airflow/dags/ml_pipeline.py for tasks to queue
[2025-08-17T13:38:24.404+0000] {logging_mixin.py:188} INFO - [2025-08-17T13:38:24.403+0000] {dagbag.py:538} INFO - Filling up the DagBag from /opt/airflow/dags/ml_pipeline.py
[2025-08-17T13:38:24.430+0000] {processor.py:840} INFO - DAG(s) 'ml_pipeline' retrieved from /opt/airflow/dags/ml_pipeline.py
[2025-08-17T13:38:24.464+0000] {logging_mixin.py:188} INFO - [2025-08-17T13:38:24.464+0000] {dag.py:3036} INFO - Sync 1 DAGs
[2025-08-17T13:38:24.479+0000] {logging_mixin.py:188} INFO - [2025-08-17T13:38:24.478+0000] {dag.py:3823} INFO - Setting next_dagrun for ml_pipeline to None, run_after=None
[2025-08-17T13:38:24.510+0000] {processor.py:183} INFO - Processing /opt/airflow/dags/ml_pipeline.py took 0.115 seconds
[2025-08-17T13:38:54.690+0000] {processor.py:161} INFO - Started process (PID=1120) to work on /opt/airflow/dags/ml_pipeline.py
[2025-08-17T13:38:54.691+0000] {processor.py:830} INFO - Processing file /opt/airflow/dags/ml_pipeline.py for tasks to queue
[2025-08-17T13:38:54.692+0000] {logging_mixin.py:188} INFO - [2025-08-17T13:38:54.692+0000] {dagbag.py:538} INFO - Filling up the DagBag from /opt/airflow/dags/ml_pipeline.py
[2025-08-17T13:38:54.718+0000] {processor.py:840} INFO - DAG(s) 'ml_pipeline' retrieved from /opt/airflow/dags/ml_pipeline.py
[2025-08-17T13:38:54.754+0000] {logging_mixin.py:188} INFO - [2025-08-17T13:38:54.754+0000] {dag.py:3036} INFO - Sync 1 DAGs
[2025-08-17T13:38:54.773+0000] {logging_mixin.py:188} INFO - [2025-08-17T13:38:54.773+0000] {dag.py:3823} INFO - Setting next_dagrun for ml_pipeline to None, run_after=None
[2025-08-17T13:38:54.808+0000] {processor.py:183} INFO - Processing /opt/airflow/dags/ml_pipeline.py took 0.122 seconds
[2025-08-17T13:39:24.901+0000] {processor.py:161} INFO - Started process (PID=1125) to work on /opt/airflow/dags/ml_pipeline.py
[2025-08-17T13:39:24.902+0000] {processor.py:830} INFO - Processing file /opt/airflow/dags/ml_pipeline.py for tasks to queue
[2025-08-17T13:39:24.904+0000] {logging_mixin.py:188} INFO - [2025-08-17T13:39:24.903+0000] {dagbag.py:538} INFO - Filling up the DagBag from /opt/airflow/dags/ml_pipeline.py
[2025-08-17T13:39:24.933+0000] {processor.py:840} INFO - DAG(s) 'ml_pipeline' retrieved from /opt/airflow/dags/ml_pipeline.py
[2025-08-17T13:39:24.966+0000] {logging_mixin.py:188} INFO - [2025-08-17T13:39:24.966+0000] {dag.py:3036} INFO - Sync 1 DAGs
[2025-08-17T13:39:24.980+0000] {logging_mixin.py:188} INFO - [2025-08-17T13:39:24.980+0000] {dag.py:3823} INFO - Setting next_dagrun for ml_pipeline to None, run_after=None
[2025-08-17T13:39:25.006+0000] {processor.py:183} INFO - Processing /opt/airflow/dags/ml_pipeline.py took 0.109 seconds
[2025-08-17T13:39:55.235+0000] {processor.py:161} INFO - Started process (PID=1130) to work on /opt/airflow/dags/ml_pipeline.py
[2025-08-17T13:39:55.236+0000] {processor.py:830} INFO - Processing file /opt/airflow/dags/ml_pipeline.py for tasks to queue
[2025-08-17T13:39:55.238+0000] {logging_mixin.py:188} INFO - [2025-08-17T13:39:55.237+0000] {dagbag.py:538} INFO - Filling up the DagBag from /opt/airflow/dags/ml_pipeline.py
[2025-08-17T13:39:55.262+0000] {processor.py:840} INFO - DAG(s) 'ml_pipeline' retrieved from /opt/airflow/dags/ml_pipeline.py
[2025-08-17T13:39:55.293+0000] {logging_mixin.py:188} INFO - [2025-08-17T13:39:55.293+0000] {dag.py:3036} INFO - Sync 1 DAGs
[2025-08-17T13:39:55.307+0000] {logging_mixin.py:188} INFO - [2025-08-17T13:39:55.307+0000] {dag.py:3823} INFO - Setting next_dagrun for ml_pipeline to None, run_after=None
[2025-08-17T13:39:55.332+0000] {processor.py:183} INFO - Processing /opt/airflow/dags/ml_pipeline.py took 0.101 seconds
[2025-08-17T13:40:25.472+0000] {processor.py:161} INFO - Started process (PID=1135) to work on /opt/airflow/dags/ml_pipeline.py
[2025-08-17T13:40:25.474+0000] {processor.py:830} INFO - Processing file /opt/airflow/dags/ml_pipeline.py for tasks to queue
[2025-08-17T13:40:25.477+0000] {logging_mixin.py:188} INFO - [2025-08-17T13:40:25.476+0000] {dagbag.py:538} INFO - Filling up the DagBag from /opt/airflow/dags/ml_pipeline.py
[2025-08-17T13:40:25.529+0000] {processor.py:840} INFO - DAG(s) 'ml_pipeline' retrieved from /opt/airflow/dags/ml_pipeline.py
[2025-08-17T13:40:25.589+0000] {logging_mixin.py:188} INFO - [2025-08-17T13:40:25.589+0000] {dag.py:3036} INFO - Sync 1 DAGs
[2025-08-17T13:40:25.609+0000] {logging_mixin.py:188} INFO - [2025-08-17T13:40:25.609+0000] {dag.py:3823} INFO - Setting next_dagrun for ml_pipeline to None, run_after=None
[2025-08-17T13:40:25.641+0000] {processor.py:183} INFO - Processing /opt/airflow/dags/ml_pipeline.py took 0.178 seconds
[2025-08-17T13:40:55.737+0000] {processor.py:161} INFO - Started process (PID=1140) to work on /opt/airflow/dags/ml_pipeline.py
[2025-08-17T13:40:55.738+0000] {processor.py:830} INFO - Processing file /opt/airflow/dags/ml_pipeline.py for tasks to queue
[2025-08-17T13:40:55.740+0000] {logging_mixin.py:188} INFO - [2025-08-17T13:40:55.739+0000] {dagbag.py:538} INFO - Filling up the DagBag from /opt/airflow/dags/ml_pipeline.py
[2025-08-17T13:40:55.766+0000] {processor.py:840} INFO - DAG(s) 'ml_pipeline' retrieved from /opt/airflow/dags/ml_pipeline.py
[2025-08-17T13:40:55.801+0000] {logging_mixin.py:188} INFO - [2025-08-17T13:40:55.800+0000] {dag.py:3036} INFO - Sync 1 DAGs
[2025-08-17T13:40:55.816+0000] {logging_mixin.py:188} INFO - [2025-08-17T13:40:55.815+0000] {dag.py:3823} INFO - Setting next_dagrun for ml_pipeline to None, run_after=None
[2025-08-17T13:40:55.841+0000] {processor.py:183} INFO - Processing /opt/airflow/dags/ml_pipeline.py took 0.109 seconds
[2025-08-17T13:41:26.040+0000] {processor.py:161} INFO - Started process (PID=1145) to work on /opt/airflow/dags/ml_pipeline.py
[2025-08-17T13:41:26.041+0000] {processor.py:830} INFO - Processing file /opt/airflow/dags/ml_pipeline.py for tasks to queue
[2025-08-17T13:41:26.043+0000] {logging_mixin.py:188} INFO - [2025-08-17T13:41:26.042+0000] {dagbag.py:538} INFO - Filling up the DagBag from /opt/airflow/dags/ml_pipeline.py
[2025-08-17T13:41:26.069+0000] {processor.py:840} INFO - DAG(s) 'ml_pipeline' retrieved from /opt/airflow/dags/ml_pipeline.py
[2025-08-17T13:41:26.102+0000] {logging_mixin.py:188} INFO - [2025-08-17T13:41:26.102+0000] {dag.py:3036} INFO - Sync 1 DAGs
[2025-08-17T13:41:26.118+0000] {logging_mixin.py:188} INFO - [2025-08-17T13:41:26.117+0000] {dag.py:3823} INFO - Setting next_dagrun for ml_pipeline to None, run_after=None
[2025-08-17T13:41:26.145+0000] {processor.py:183} INFO - Processing /opt/airflow/dags/ml_pipeline.py took 0.108 seconds
[2025-08-17T13:41:56.291+0000] {processor.py:161} INFO - Started process (PID=1150) to work on /opt/airflow/dags/ml_pipeline.py
[2025-08-17T13:41:56.292+0000] {processor.py:830} INFO - Processing file /opt/airflow/dags/ml_pipeline.py for tasks to queue
[2025-08-17T13:41:56.293+0000] {logging_mixin.py:188} INFO - [2025-08-17T13:41:56.293+0000] {dagbag.py:538} INFO - Filling up the DagBag from /opt/airflow/dags/ml_pipeline.py
[2025-08-17T13:41:56.321+0000] {processor.py:840} INFO - DAG(s) 'ml_pipeline' retrieved from /opt/airflow/dags/ml_pipeline.py
[2025-08-17T13:41:56.360+0000] {logging_mixin.py:188} INFO - [2025-08-17T13:41:56.359+0000] {dag.py:3036} INFO - Sync 1 DAGs
[2025-08-17T13:41:56.374+0000] {logging_mixin.py:188} INFO - [2025-08-17T13:41:56.374+0000] {dag.py:3823} INFO - Setting next_dagrun for ml_pipeline to None, run_after=None
[2025-08-17T13:41:56.398+0000] {processor.py:183} INFO - Processing /opt/airflow/dags/ml_pipeline.py took 0.111 seconds
[2025-08-17T13:42:26.568+0000] {processor.py:161} INFO - Started process (PID=1155) to work on /opt/airflow/dags/ml_pipeline.py
[2025-08-17T13:42:26.570+0000] {processor.py:830} INFO - Processing file /opt/airflow/dags/ml_pipeline.py for tasks to queue
[2025-08-17T13:42:26.572+0000] {logging_mixin.py:188} INFO - [2025-08-17T13:42:26.572+0000] {dagbag.py:538} INFO - Filling up the DagBag from /opt/airflow/dags/ml_pipeline.py
[2025-08-17T13:42:26.598+0000] {processor.py:840} INFO - DAG(s) 'ml_pipeline' retrieved from /opt/airflow/dags/ml_pipeline.py
[2025-08-17T13:42:26.630+0000] {logging_mixin.py:188} INFO - [2025-08-17T13:42:26.630+0000] {dag.py:3036} INFO - Sync 1 DAGs
[2025-08-17T13:42:26.645+0000] {logging_mixin.py:188} INFO - [2025-08-17T13:42:26.645+0000] {dag.py:3823} INFO - Setting next_dagrun for ml_pipeline to None, run_after=None
[2025-08-17T13:42:26.676+0000] {processor.py:183} INFO - Processing /opt/airflow/dags/ml_pipeline.py took 0.113 seconds
[2025-08-17T13:42:56.784+0000] {processor.py:161} INFO - Started process (PID=1160) to work on /opt/airflow/dags/ml_pipeline.py
[2025-08-17T13:42:56.785+0000] {processor.py:830} INFO - Processing file /opt/airflow/dags/ml_pipeline.py for tasks to queue
[2025-08-17T13:42:56.787+0000] {logging_mixin.py:188} INFO - [2025-08-17T13:42:56.786+0000] {dagbag.py:538} INFO - Filling up the DagBag from /opt/airflow/dags/ml_pipeline.py
[2025-08-17T13:42:56.813+0000] {processor.py:840} INFO - DAG(s) 'ml_pipeline' retrieved from /opt/airflow/dags/ml_pipeline.py
[2025-08-17T13:42:56.852+0000] {logging_mixin.py:188} INFO - [2025-08-17T13:42:56.851+0000] {dag.py:3036} INFO - Sync 1 DAGs
[2025-08-17T13:42:56.871+0000] {logging_mixin.py:188} INFO - [2025-08-17T13:42:56.871+0000] {dag.py:3823} INFO - Setting next_dagrun for ml_pipeline to None, run_after=None
[2025-08-17T13:42:56.901+0000] {processor.py:183} INFO - Processing /opt/airflow/dags/ml_pipeline.py took 0.122 seconds
[2025-08-17T13:43:27.083+0000] {processor.py:161} INFO - Started process (PID=1165) to work on /opt/airflow/dags/ml_pipeline.py
[2025-08-17T13:43:27.084+0000] {processor.py:830} INFO - Processing file /opt/airflow/dags/ml_pipeline.py for tasks to queue
[2025-08-17T13:43:27.086+0000] {logging_mixin.py:188} INFO - [2025-08-17T13:43:27.085+0000] {dagbag.py:538} INFO - Filling up the DagBag from /opt/airflow/dags/ml_pipeline.py
[2025-08-17T13:43:27.111+0000] {processor.py:840} INFO - DAG(s) 'ml_pipeline' retrieved from /opt/airflow/dags/ml_pipeline.py
[2025-08-17T13:43:27.143+0000] {logging_mixin.py:188} INFO - [2025-08-17T13:43:27.143+0000] {dag.py:3036} INFO - Sync 1 DAGs
[2025-08-17T13:43:27.157+0000] {logging_mixin.py:188} INFO - [2025-08-17T13:43:27.157+0000] {dag.py:3823} INFO - Setting next_dagrun for ml_pipeline to None, run_after=None
[2025-08-17T13:43:27.181+0000] {processor.py:183} INFO - Processing /opt/airflow/dags/ml_pipeline.py took 0.105 seconds
[2025-08-17T13:43:57.282+0000] {processor.py:161} INFO - Started process (PID=1170) to work on /opt/airflow/dags/ml_pipeline.py
[2025-08-17T13:43:57.283+0000] {processor.py:830} INFO - Processing file /opt/airflow/dags/ml_pipeline.py for tasks to queue
[2025-08-17T13:43:57.284+0000] {logging_mixin.py:188} INFO - [2025-08-17T13:43:57.284+0000] {dagbag.py:538} INFO - Filling up the DagBag from /opt/airflow/dags/ml_pipeline.py
[2025-08-17T13:43:57.311+0000] {processor.py:840} INFO - DAG(s) 'ml_pipeline' retrieved from /opt/airflow/dags/ml_pipeline.py
[2025-08-17T13:43:57.346+0000] {logging_mixin.py:188} INFO - [2025-08-17T13:43:57.346+0000] {dag.py:3036} INFO - Sync 1 DAGs
[2025-08-17T13:43:57.361+0000] {logging_mixin.py:188} INFO - [2025-08-17T13:43:57.360+0000] {dag.py:3823} INFO - Setting next_dagrun for ml_pipeline to None, run_after=None
[2025-08-17T13:43:57.390+0000] {processor.py:183} INFO - Processing /opt/airflow/dags/ml_pipeline.py took 0.113 seconds
[2025-08-17T13:44:27.577+0000] {processor.py:161} INFO - Started process (PID=1175) to work on /opt/airflow/dags/ml_pipeline.py
[2025-08-17T13:44:27.578+0000] {processor.py:830} INFO - Processing file /opt/airflow/dags/ml_pipeline.py for tasks to queue
[2025-08-17T13:44:27.579+0000] {logging_mixin.py:188} INFO - [2025-08-17T13:44:27.578+0000] {dagbag.py:538} INFO - Filling up the DagBag from /opt/airflow/dags/ml_pipeline.py
[2025-08-17T13:44:27.608+0000] {processor.py:840} INFO - DAG(s) 'ml_pipeline' retrieved from /opt/airflow/dags/ml_pipeline.py
[2025-08-17T13:44:27.641+0000] {logging_mixin.py:188} INFO - [2025-08-17T13:44:27.641+0000] {dag.py:3036} INFO - Sync 1 DAGs
[2025-08-17T13:44:27.655+0000] {logging_mixin.py:188} INFO - [2025-08-17T13:44:27.655+0000] {dag.py:3823} INFO - Setting next_dagrun for ml_pipeline to None, run_after=None
[2025-08-17T13:44:27.686+0000] {processor.py:183} INFO - Processing /opt/airflow/dags/ml_pipeline.py took 0.113 seconds
[2025-08-17T13:44:57.787+0000] {processor.py:161} INFO - Started process (PID=1180) to work on /opt/airflow/dags/ml_pipeline.py
[2025-08-17T13:44:57.788+0000] {processor.py:830} INFO - Processing file /opt/airflow/dags/ml_pipeline.py for tasks to queue
[2025-08-17T13:44:57.790+0000] {logging_mixin.py:188} INFO - [2025-08-17T13:44:57.789+0000] {dagbag.py:538} INFO - Filling up the DagBag from /opt/airflow/dags/ml_pipeline.py
[2025-08-17T13:44:57.822+0000] {processor.py:840} INFO - DAG(s) 'ml_pipeline' retrieved from /opt/airflow/dags/ml_pipeline.py
[2025-08-17T13:44:57.881+0000] {logging_mixin.py:188} INFO - [2025-08-17T13:44:57.880+0000] {dag.py:3036} INFO - Sync 1 DAGs
[2025-08-17T13:44:57.900+0000] {logging_mixin.py:188} INFO - [2025-08-17T13:44:57.900+0000] {dag.py:3823} INFO - Setting next_dagrun for ml_pipeline to None, run_after=None
[2025-08-17T13:44:57.923+0000] {processor.py:183} INFO - Processing /opt/airflow/dags/ml_pipeline.py took 0.142 seconds
[2025-08-17T13:45:28.093+0000] {processor.py:161} INFO - Started process (PID=1185) to work on /opt/airflow/dags/ml_pipeline.py
[2025-08-17T13:45:28.094+0000] {processor.py:830} INFO - Processing file /opt/airflow/dags/ml_pipeline.py for tasks to queue
[2025-08-17T13:45:28.096+0000] {logging_mixin.py:188} INFO - [2025-08-17T13:45:28.095+0000] {dagbag.py:538} INFO - Filling up the DagBag from /opt/airflow/dags/ml_pipeline.py
[2025-08-17T13:45:28.122+0000] {processor.py:840} INFO - DAG(s) 'ml_pipeline' retrieved from /opt/airflow/dags/ml_pipeline.py
[2025-08-17T13:45:28.163+0000] {logging_mixin.py:188} INFO - [2025-08-17T13:45:28.162+0000] {dag.py:3036} INFO - Sync 1 DAGs
[2025-08-17T13:45:28.178+0000] {logging_mixin.py:188} INFO - [2025-08-17T13:45:28.177+0000] {dag.py:3823} INFO - Setting next_dagrun for ml_pipeline to None, run_after=None
[2025-08-17T13:45:28.203+0000] {processor.py:183} INFO - Processing /opt/airflow/dags/ml_pipeline.py took 0.114 seconds
[2025-08-17T13:45:58.311+0000] {processor.py:161} INFO - Started process (PID=1190) to work on /opt/airflow/dags/ml_pipeline.py
[2025-08-17T13:45:58.312+0000] {processor.py:830} INFO - Processing file /opt/airflow/dags/ml_pipeline.py for tasks to queue
[2025-08-17T13:45:58.314+0000] {logging_mixin.py:188} INFO - [2025-08-17T13:45:58.313+0000] {dagbag.py:538} INFO - Filling up the DagBag from /opt/airflow/dags/ml_pipeline.py
[2025-08-17T13:45:58.340+0000] {processor.py:840} INFO - DAG(s) 'ml_pipeline' retrieved from /opt/airflow/dags/ml_pipeline.py
[2025-08-17T13:45:58.380+0000] {logging_mixin.py:188} INFO - [2025-08-17T13:45:58.380+0000] {dag.py:3036} INFO - Sync 1 DAGs
[2025-08-17T13:45:58.395+0000] {logging_mixin.py:188} INFO - [2025-08-17T13:45:58.395+0000] {dag.py:3823} INFO - Setting next_dagrun for ml_pipeline to None, run_after=None
[2025-08-17T13:45:58.422+0000] {processor.py:183} INFO - Processing /opt/airflow/dags/ml_pipeline.py took 0.115 seconds
[2025-08-17T13:46:28.599+0000] {processor.py:161} INFO - Started process (PID=1195) to work on /opt/airflow/dags/ml_pipeline.py
[2025-08-17T13:46:28.601+0000] {processor.py:830} INFO - Processing file /opt/airflow/dags/ml_pipeline.py for tasks to queue
[2025-08-17T13:46:28.602+0000] {logging_mixin.py:188} INFO - [2025-08-17T13:46:28.602+0000] {dagbag.py:538} INFO - Filling up the DagBag from /opt/airflow/dags/ml_pipeline.py
[2025-08-17T13:46:28.627+0000] {processor.py:840} INFO - DAG(s) 'ml_pipeline' retrieved from /opt/airflow/dags/ml_pipeline.py
[2025-08-17T13:46:28.663+0000] {logging_mixin.py:188} INFO - [2025-08-17T13:46:28.662+0000] {dag.py:3036} INFO - Sync 1 DAGs
[2025-08-17T13:46:28.677+0000] {logging_mixin.py:188} INFO - [2025-08-17T13:46:28.677+0000] {dag.py:3823} INFO - Setting next_dagrun for ml_pipeline to None, run_after=None
[2025-08-17T13:46:28.704+0000] {processor.py:183} INFO - Processing /opt/airflow/dags/ml_pipeline.py took 0.109 seconds
[2025-08-17T13:46:58.869+0000] {processor.py:161} INFO - Started process (PID=1200) to work on /opt/airflow/dags/ml_pipeline.py
[2025-08-17T13:46:58.870+0000] {processor.py:830} INFO - Processing file /opt/airflow/dags/ml_pipeline.py for tasks to queue
[2025-08-17T13:46:58.871+0000] {logging_mixin.py:188} INFO - [2025-08-17T13:46:58.871+0000] {dagbag.py:538} INFO - Filling up the DagBag from /opt/airflow/dags/ml_pipeline.py
[2025-08-17T13:46:58.898+0000] {processor.py:840} INFO - DAG(s) 'ml_pipeline' retrieved from /opt/airflow/dags/ml_pipeline.py
[2025-08-17T13:46:58.931+0000] {logging_mixin.py:188} INFO - [2025-08-17T13:46:58.931+0000] {dag.py:3036} INFO - Sync 1 DAGs
[2025-08-17T13:46:58.970+0000] {logging_mixin.py:188} INFO - [2025-08-17T13:46:58.970+0000] {dag.py:3823} INFO - Setting next_dagrun for ml_pipeline to None, run_after=None
[2025-08-17T13:46:59.025+0000] {processor.py:183} INFO - Processing /opt/airflow/dags/ml_pipeline.py took 0.160 seconds
[2025-08-17T13:47:29.095+0000] {processor.py:161} INFO - Started process (PID=1205) to work on /opt/airflow/dags/ml_pipeline.py
[2025-08-17T13:47:29.097+0000] {processor.py:830} INFO - Processing file /opt/airflow/dags/ml_pipeline.py for tasks to queue
[2025-08-17T13:47:29.098+0000] {logging_mixin.py:188} INFO - [2025-08-17T13:47:29.098+0000] {dagbag.py:538} INFO - Filling up the DagBag from /opt/airflow/dags/ml_pipeline.py
[2025-08-17T13:47:29.127+0000] {processor.py:840} INFO - DAG(s) 'ml_pipeline' retrieved from /opt/airflow/dags/ml_pipeline.py
[2025-08-17T13:47:29.162+0000] {logging_mixin.py:188} INFO - [2025-08-17T13:47:29.162+0000] {dag.py:3036} INFO - Sync 1 DAGs
[2025-08-17T13:47:29.177+0000] {logging_mixin.py:188} INFO - [2025-08-17T13:47:29.176+0000] {dag.py:3823} INFO - Setting next_dagrun for ml_pipeline to None, run_after=None
[2025-08-17T13:47:29.202+0000] {processor.py:183} INFO - Processing /opt/airflow/dags/ml_pipeline.py took 0.112 seconds
[2025-08-17T13:47:59.427+0000] {processor.py:161} INFO - Started process (PID=1210) to work on /opt/airflow/dags/ml_pipeline.py
[2025-08-17T13:47:59.428+0000] {processor.py:830} INFO - Processing file /opt/airflow/dags/ml_pipeline.py for tasks to queue
[2025-08-17T13:47:59.430+0000] {logging_mixin.py:188} INFO - [2025-08-17T13:47:59.429+0000] {dagbag.py:538} INFO - Filling up the DagBag from /opt/airflow/dags/ml_pipeline.py
[2025-08-17T13:47:59.458+0000] {processor.py:840} INFO - DAG(s) 'ml_pipeline' retrieved from /opt/airflow/dags/ml_pipeline.py
[2025-08-17T13:47:59.500+0000] {logging_mixin.py:188} INFO - [2025-08-17T13:47:59.499+0000] {dag.py:3036} INFO - Sync 1 DAGs
[2025-08-17T13:47:59.514+0000] {logging_mixin.py:188} INFO - [2025-08-17T13:47:59.514+0000] {dag.py:3823} INFO - Setting next_dagrun for ml_pipeline to None, run_after=None
[2025-08-17T13:47:59.539+0000] {processor.py:183} INFO - Processing /opt/airflow/dags/ml_pipeline.py took 0.115 seconds
[2025-08-17T13:48:29.633+0000] {processor.py:161} INFO - Started process (PID=1215) to work on /opt/airflow/dags/ml_pipeline.py
[2025-08-17T13:48:29.634+0000] {processor.py:830} INFO - Processing file /opt/airflow/dags/ml_pipeline.py for tasks to queue
[2025-08-17T13:48:29.635+0000] {logging_mixin.py:188} INFO - [2025-08-17T13:48:29.635+0000] {dagbag.py:538} INFO - Filling up the DagBag from /opt/airflow/dags/ml_pipeline.py
[2025-08-17T13:48:29.661+0000] {processor.py:840} INFO - DAG(s) 'ml_pipeline' retrieved from /opt/airflow/dags/ml_pipeline.py
[2025-08-17T13:48:29.700+0000] {logging_mixin.py:188} INFO - [2025-08-17T13:48:29.699+0000] {dag.py:3036} INFO - Sync 1 DAGs
[2025-08-17T13:48:29.715+0000] {logging_mixin.py:188} INFO - [2025-08-17T13:48:29.714+0000] {dag.py:3823} INFO - Setting next_dagrun for ml_pipeline to None, run_after=None
[2025-08-17T13:48:29.741+0000] {processor.py:183} INFO - Processing /opt/airflow/dags/ml_pipeline.py took 0.113 seconds
[2025-08-17T13:48:59.944+0000] {processor.py:161} INFO - Started process (PID=1220) to work on /opt/airflow/dags/ml_pipeline.py
[2025-08-17T13:48:59.945+0000] {processor.py:830} INFO - Processing file /opt/airflow/dags/ml_pipeline.py for tasks to queue
[2025-08-17T13:48:59.946+0000] {logging_mixin.py:188} INFO - [2025-08-17T13:48:59.946+0000] {dagbag.py:538} INFO - Filling up the DagBag from /opt/airflow/dags/ml_pipeline.py
[2025-08-17T13:48:59.973+0000] {processor.py:840} INFO - DAG(s) 'ml_pipeline' retrieved from /opt/airflow/dags/ml_pipeline.py
[2025-08-17T13:49:00.012+0000] {logging_mixin.py:188} INFO - [2025-08-17T13:49:00.011+0000] {dag.py:3036} INFO - Sync 1 DAGs
[2025-08-17T13:49:00.027+0000] {logging_mixin.py:188} INFO - [2025-08-17T13:49:00.027+0000] {dag.py:3823} INFO - Setting next_dagrun for ml_pipeline to None, run_after=None
[2025-08-17T13:49:00.053+0000] {processor.py:183} INFO - Processing /opt/airflow/dags/ml_pipeline.py took 0.113 seconds
[2025-08-17T13:49:30.156+0000] {processor.py:161} INFO - Started process (PID=1225) to work on /opt/airflow/dags/ml_pipeline.py
[2025-08-17T13:49:30.157+0000] {processor.py:830} INFO - Processing file /opt/airflow/dags/ml_pipeline.py for tasks to queue
[2025-08-17T13:49:30.158+0000] {logging_mixin.py:188} INFO - [2025-08-17T13:49:30.158+0000] {dagbag.py:538} INFO - Filling up the DagBag from /opt/airflow/dags/ml_pipeline.py
[2025-08-17T13:49:30.187+0000] {processor.py:840} INFO - DAG(s) 'ml_pipeline' retrieved from /opt/airflow/dags/ml_pipeline.py
[2025-08-17T13:49:30.227+0000] {logging_mixin.py:188} INFO - [2025-08-17T13:49:30.227+0000] {dag.py:3036} INFO - Sync 1 DAGs
[2025-08-17T13:49:30.242+0000] {logging_mixin.py:188} INFO - [2025-08-17T13:49:30.241+0000] {dag.py:3823} INFO - Setting next_dagrun for ml_pipeline to None, run_after=None
[2025-08-17T13:49:30.271+0000] {processor.py:183} INFO - Processing /opt/airflow/dags/ml_pipeline.py took 0.120 seconds
[2025-08-17T13:50:00.484+0000] {processor.py:161} INFO - Started process (PID=1230) to work on /opt/airflow/dags/ml_pipeline.py
[2025-08-17T13:50:00.485+0000] {processor.py:830} INFO - Processing file /opt/airflow/dags/ml_pipeline.py for tasks to queue
[2025-08-17T13:50:00.486+0000] {logging_mixin.py:188} INFO - [2025-08-17T13:50:00.486+0000] {dagbag.py:538} INFO - Filling up the DagBag from /opt/airflow/dags/ml_pipeline.py
[2025-08-17T13:50:00.519+0000] {processor.py:840} INFO - DAG(s) 'ml_pipeline' retrieved from /opt/airflow/dags/ml_pipeline.py
[2025-08-17T13:50:00.557+0000] {logging_mixin.py:188} INFO - [2025-08-17T13:50:00.557+0000] {dag.py:3036} INFO - Sync 1 DAGs
[2025-08-17T13:50:00.573+0000] {logging_mixin.py:188} INFO - [2025-08-17T13:50:00.573+0000] {dag.py:3823} INFO - Setting next_dagrun for ml_pipeline to None, run_after=None
[2025-08-17T13:50:00.600+0000] {processor.py:183} INFO - Processing /opt/airflow/dags/ml_pipeline.py took 0.121 seconds
[2025-08-17T13:50:30.695+0000] {processor.py:161} INFO - Started process (PID=1235) to work on /opt/airflow/dags/ml_pipeline.py
[2025-08-17T13:50:30.697+0000] {processor.py:830} INFO - Processing file /opt/airflow/dags/ml_pipeline.py for tasks to queue
[2025-08-17T13:50:30.698+0000] {logging_mixin.py:188} INFO - [2025-08-17T13:50:30.698+0000] {dagbag.py:538} INFO - Filling up the DagBag from /opt/airflow/dags/ml_pipeline.py
[2025-08-17T13:50:30.730+0000] {processor.py:840} INFO - DAG(s) 'ml_pipeline' retrieved from /opt/airflow/dags/ml_pipeline.py
[2025-08-17T13:50:30.766+0000] {logging_mixin.py:188} INFO - [2025-08-17T13:50:30.765+0000] {dag.py:3036} INFO - Sync 1 DAGs
[2025-08-17T13:50:30.780+0000] {logging_mixin.py:188} INFO - [2025-08-17T13:50:30.780+0000] {dag.py:3823} INFO - Setting next_dagrun for ml_pipeline to None, run_after=None
[2025-08-17T13:50:30.811+0000] {processor.py:183} INFO - Processing /opt/airflow/dags/ml_pipeline.py took 0.120 seconds
[2025-08-17T13:51:00.991+0000] {processor.py:161} INFO - Started process (PID=1240) to work on /opt/airflow/dags/ml_pipeline.py
[2025-08-17T13:51:00.992+0000] {processor.py:830} INFO - Processing file /opt/airflow/dags/ml_pipeline.py for tasks to queue
[2025-08-17T13:51:00.993+0000] {logging_mixin.py:188} INFO - [2025-08-17T13:51:00.993+0000] {dagbag.py:538} INFO - Filling up the DagBag from /opt/airflow/dags/ml_pipeline.py
[2025-08-17T13:51:01.028+0000] {processor.py:840} INFO - DAG(s) 'ml_pipeline' retrieved from /opt/airflow/dags/ml_pipeline.py
[2025-08-17T13:51:01.061+0000] {logging_mixin.py:188} INFO - [2025-08-17T13:51:01.060+0000] {dag.py:3036} INFO - Sync 1 DAGs
[2025-08-17T13:51:01.075+0000] {logging_mixin.py:188} INFO - [2025-08-17T13:51:01.075+0000] {dag.py:3823} INFO - Setting next_dagrun for ml_pipeline to None, run_after=None
[2025-08-17T13:51:01.101+0000] {processor.py:183} INFO - Processing /opt/airflow/dags/ml_pipeline.py took 0.115 seconds
[2025-08-17T13:51:31.206+0000] {processor.py:161} INFO - Started process (PID=1245) to work on /opt/airflow/dags/ml_pipeline.py
[2025-08-17T13:51:31.207+0000] {processor.py:830} INFO - Processing file /opt/airflow/dags/ml_pipeline.py for tasks to queue
[2025-08-17T13:51:31.208+0000] {logging_mixin.py:188} INFO - [2025-08-17T13:51:31.208+0000] {dagbag.py:538} INFO - Filling up the DagBag from /opt/airflow/dags/ml_pipeline.py
[2025-08-17T13:51:31.241+0000] {processor.py:840} INFO - DAG(s) 'ml_pipeline' retrieved from /opt/airflow/dags/ml_pipeline.py
[2025-08-17T13:51:31.276+0000] {logging_mixin.py:188} INFO - [2025-08-17T13:51:31.276+0000] {dag.py:3036} INFO - Sync 1 DAGs
[2025-08-17T13:51:31.290+0000] {logging_mixin.py:188} INFO - [2025-08-17T13:51:31.290+0000] {dag.py:3823} INFO - Setting next_dagrun for ml_pipeline to None, run_after=None
[2025-08-17T13:51:31.316+0000] {processor.py:183} INFO - Processing /opt/airflow/dags/ml_pipeline.py took 0.115 seconds
[2025-08-17T13:52:01.550+0000] {processor.py:161} INFO - Started process (PID=1250) to work on /opt/airflow/dags/ml_pipeline.py
[2025-08-17T13:52:01.551+0000] {processor.py:830} INFO - Processing file /opt/airflow/dags/ml_pipeline.py for tasks to queue
[2025-08-17T13:52:01.552+0000] {logging_mixin.py:188} INFO - [2025-08-17T13:52:01.552+0000] {dagbag.py:538} INFO - Filling up the DagBag from /opt/airflow/dags/ml_pipeline.py
[2025-08-17T13:52:01.583+0000] {processor.py:840} INFO - DAG(s) 'ml_pipeline' retrieved from /opt/airflow/dags/ml_pipeline.py
[2025-08-17T13:52:01.619+0000] {logging_mixin.py:188} INFO - [2025-08-17T13:52:01.619+0000] {dag.py:3036} INFO - Sync 1 DAGs
[2025-08-17T13:52:01.635+0000] {logging_mixin.py:188} INFO - [2025-08-17T13:52:01.635+0000] {dag.py:3823} INFO - Setting next_dagrun for ml_pipeline to None, run_after=None
[2025-08-17T13:52:01.662+0000] {processor.py:183} INFO - Processing /opt/airflow/dags/ml_pipeline.py took 0.116 seconds
[2025-08-17T13:52:31.767+0000] {processor.py:161} INFO - Started process (PID=1255) to work on /opt/airflow/dags/ml_pipeline.py
[2025-08-17T13:52:31.769+0000] {processor.py:830} INFO - Processing file /opt/airflow/dags/ml_pipeline.py for tasks to queue
[2025-08-17T13:52:31.770+0000] {logging_mixin.py:188} INFO - [2025-08-17T13:52:31.769+0000] {dagbag.py:538} INFO - Filling up the DagBag from /opt/airflow/dags/ml_pipeline.py
[2025-08-17T13:52:31.798+0000] {processor.py:840} INFO - DAG(s) 'ml_pipeline' retrieved from /opt/airflow/dags/ml_pipeline.py
[2025-08-17T13:52:31.831+0000] {logging_mixin.py:188} INFO - [2025-08-17T13:52:31.831+0000] {dag.py:3036} INFO - Sync 1 DAGs
[2025-08-17T13:52:31.847+0000] {logging_mixin.py:188} INFO - [2025-08-17T13:52:31.847+0000] {dag.py:3823} INFO - Setting next_dagrun for ml_pipeline to None, run_after=None
[2025-08-17T13:52:31.876+0000] {processor.py:183} INFO - Processing /opt/airflow/dags/ml_pipeline.py took 0.113 seconds
[2025-08-17T13:53:02.061+0000] {processor.py:161} INFO - Started process (PID=1260) to work on /opt/airflow/dags/ml_pipeline.py
[2025-08-17T13:53:02.062+0000] {processor.py:830} INFO - Processing file /opt/airflow/dags/ml_pipeline.py for tasks to queue
[2025-08-17T13:53:02.063+0000] {logging_mixin.py:188} INFO - [2025-08-17T13:53:02.063+0000] {dagbag.py:538} INFO - Filling up the DagBag from /opt/airflow/dags/ml_pipeline.py
[2025-08-17T13:53:02.090+0000] {processor.py:840} INFO - DAG(s) 'ml_pipeline' retrieved from /opt/airflow/dags/ml_pipeline.py
[2025-08-17T13:53:02.123+0000] {logging_mixin.py:188} INFO - [2025-08-17T13:53:02.122+0000] {dag.py:3036} INFO - Sync 1 DAGs
[2025-08-17T13:53:02.139+0000] {logging_mixin.py:188} INFO - [2025-08-17T13:53:02.139+0000] {dag.py:3823} INFO - Setting next_dagrun for ml_pipeline to None, run_after=None
[2025-08-17T13:53:02.165+0000] {processor.py:183} INFO - Processing /opt/airflow/dags/ml_pipeline.py took 0.108 seconds
[2025-08-17T13:53:32.281+0000] {processor.py:161} INFO - Started process (PID=1265) to work on /opt/airflow/dags/ml_pipeline.py
[2025-08-17T13:53:32.282+0000] {processor.py:830} INFO - Processing file /opt/airflow/dags/ml_pipeline.py for tasks to queue
[2025-08-17T13:53:32.284+0000] {logging_mixin.py:188} INFO - [2025-08-17T13:53:32.284+0000] {dagbag.py:538} INFO - Filling up the DagBag from /opt/airflow/dags/ml_pipeline.py
[2025-08-17T13:53:32.313+0000] {processor.py:840} INFO - DAG(s) 'ml_pipeline' retrieved from /opt/airflow/dags/ml_pipeline.py
[2025-08-17T13:53:32.348+0000] {logging_mixin.py:188} INFO - [2025-08-17T13:53:32.348+0000] {dag.py:3036} INFO - Sync 1 DAGs
[2025-08-17T13:53:32.363+0000] {logging_mixin.py:188} INFO - [2025-08-17T13:53:32.363+0000] {dag.py:3823} INFO - Setting next_dagrun for ml_pipeline to None, run_after=None
[2025-08-17T13:53:32.387+0000] {processor.py:183} INFO - Processing /opt/airflow/dags/ml_pipeline.py took 0.110 seconds
[2025-08-17T13:54:02.563+0000] {processor.py:161} INFO - Started process (PID=1270) to work on /opt/airflow/dags/ml_pipeline.py
[2025-08-17T13:54:02.565+0000] {processor.py:830} INFO - Processing file /opt/airflow/dags/ml_pipeline.py for tasks to queue
[2025-08-17T13:54:02.566+0000] {logging_mixin.py:188} INFO - [2025-08-17T13:54:02.566+0000] {dagbag.py:538} INFO - Filling up the DagBag from /opt/airflow/dags/ml_pipeline.py
[2025-08-17T13:54:02.600+0000] {processor.py:840} INFO - DAG(s) 'ml_pipeline' retrieved from /opt/airflow/dags/ml_pipeline.py
[2025-08-17T13:54:02.638+0000] {logging_mixin.py:188} INFO - [2025-08-17T13:54:02.638+0000] {dag.py:3036} INFO - Sync 1 DAGs
[2025-08-17T13:54:02.652+0000] {logging_mixin.py:188} INFO - [2025-08-17T13:54:02.651+0000] {dag.py:3823} INFO - Setting next_dagrun for ml_pipeline to None, run_after=None
[2025-08-17T13:54:02.676+0000] {processor.py:183} INFO - Processing /opt/airflow/dags/ml_pipeline.py took 0.118 seconds
[2025-08-17T13:54:32.800+0000] {processor.py:161} INFO - Started process (PID=1275) to work on /opt/airflow/dags/ml_pipeline.py
[2025-08-17T13:54:32.802+0000] {processor.py:830} INFO - Processing file /opt/airflow/dags/ml_pipeline.py for tasks to queue
[2025-08-17T13:54:32.803+0000] {logging_mixin.py:188} INFO - [2025-08-17T13:54:32.802+0000] {dagbag.py:538} INFO - Filling up the DagBag from /opt/airflow/dags/ml_pipeline.py
[2025-08-17T13:54:32.831+0000] {processor.py:840} INFO - DAG(s) 'ml_pipeline' retrieved from /opt/airflow/dags/ml_pipeline.py
[2025-08-17T13:54:32.874+0000] {logging_mixin.py:188} INFO - [2025-08-17T13:54:32.873+0000] {dag.py:3036} INFO - Sync 1 DAGs
[2025-08-17T13:54:32.891+0000] {logging_mixin.py:188} INFO - [2025-08-17T13:54:32.891+0000] {dag.py:3823} INFO - Setting next_dagrun for ml_pipeline to None, run_after=None
[2025-08-17T13:54:32.919+0000] {processor.py:183} INFO - Processing /opt/airflow/dags/ml_pipeline.py took 0.123 seconds
[2025-08-17T13:55:03.077+0000] {processor.py:161} INFO - Started process (PID=1280) to work on /opt/airflow/dags/ml_pipeline.py
[2025-08-17T13:55:03.079+0000] {processor.py:830} INFO - Processing file /opt/airflow/dags/ml_pipeline.py for tasks to queue
[2025-08-17T13:55:03.080+0000] {logging_mixin.py:188} INFO - [2025-08-17T13:55:03.080+0000] {dagbag.py:538} INFO - Filling up the DagBag from /opt/airflow/dags/ml_pipeline.py
[2025-08-17T13:55:03.109+0000] {processor.py:840} INFO - DAG(s) 'ml_pipeline' retrieved from /opt/airflow/dags/ml_pipeline.py
[2025-08-17T13:55:03.142+0000] {logging_mixin.py:188} INFO - [2025-08-17T13:55:03.142+0000] {dag.py:3036} INFO - Sync 1 DAGs
[2025-08-17T13:55:03.157+0000] {logging_mixin.py:188} INFO - [2025-08-17T13:55:03.157+0000] {dag.py:3823} INFO - Setting next_dagrun for ml_pipeline to None, run_after=None
[2025-08-17T13:55:03.181+0000] {processor.py:183} INFO - Processing /opt/airflow/dags/ml_pipeline.py took 0.108 seconds
[2025-08-17T13:55:33.351+0000] {processor.py:161} INFO - Started process (PID=1285) to work on /opt/airflow/dags/ml_pipeline.py
[2025-08-17T13:55:33.352+0000] {processor.py:830} INFO - Processing file /opt/airflow/dags/ml_pipeline.py for tasks to queue
[2025-08-17T13:55:33.354+0000] {logging_mixin.py:188} INFO - [2025-08-17T13:55:33.353+0000] {dagbag.py:538} INFO - Filling up the DagBag from /opt/airflow/dags/ml_pipeline.py
[2025-08-17T13:55:33.382+0000] {processor.py:840} INFO - DAG(s) 'ml_pipeline' retrieved from /opt/airflow/dags/ml_pipeline.py
[2025-08-17T13:55:33.413+0000] {logging_mixin.py:188} INFO - [2025-08-17T13:55:33.413+0000] {dag.py:3036} INFO - Sync 1 DAGs
[2025-08-17T13:55:33.428+0000] {logging_mixin.py:188} INFO - [2025-08-17T13:55:33.427+0000] {dag.py:3823} INFO - Setting next_dagrun for ml_pipeline to None, run_after=None
[2025-08-17T13:55:33.453+0000] {processor.py:183} INFO - Processing /opt/airflow/dags/ml_pipeline.py took 0.107 seconds
[2025-08-17T13:56:03.572+0000] {processor.py:161} INFO - Started process (PID=1290) to work on /opt/airflow/dags/ml_pipeline.py
[2025-08-17T13:56:03.573+0000] {processor.py:830} INFO - Processing file /opt/airflow/dags/ml_pipeline.py for tasks to queue
[2025-08-17T13:56:03.575+0000] {logging_mixin.py:188} INFO - [2025-08-17T13:56:03.574+0000] {dagbag.py:538} INFO - Filling up the DagBag from /opt/airflow/dags/ml_pipeline.py
[2025-08-17T13:56:03.602+0000] {processor.py:840} INFO - DAG(s) 'ml_pipeline' retrieved from /opt/airflow/dags/ml_pipeline.py
[2025-08-17T13:56:03.635+0000] {logging_mixin.py:188} INFO - [2025-08-17T13:56:03.635+0000] {dag.py:3036} INFO - Sync 1 DAGs
[2025-08-17T13:56:03.648+0000] {logging_mixin.py:188} INFO - [2025-08-17T13:56:03.648+0000] {dag.py:3823} INFO - Setting next_dagrun for ml_pipeline to None, run_after=None
[2025-08-17T13:56:03.672+0000] {processor.py:183} INFO - Processing /opt/airflow/dags/ml_pipeline.py took 0.105 seconds
[2025-08-17T13:56:33.855+0000] {processor.py:161} INFO - Started process (PID=1295) to work on /opt/airflow/dags/ml_pipeline.py
[2025-08-17T13:56:33.857+0000] {processor.py:830} INFO - Processing file /opt/airflow/dags/ml_pipeline.py for tasks to queue
[2025-08-17T13:56:33.858+0000] {logging_mixin.py:188} INFO - [2025-08-17T13:56:33.858+0000] {dagbag.py:538} INFO - Filling up the DagBag from /opt/airflow/dags/ml_pipeline.py
[2025-08-17T13:56:33.885+0000] {processor.py:840} INFO - DAG(s) 'ml_pipeline' retrieved from /opt/airflow/dags/ml_pipeline.py
[2025-08-17T13:56:33.920+0000] {logging_mixin.py:188} INFO - [2025-08-17T13:56:33.919+0000] {dag.py:3036} INFO - Sync 1 DAGs
[2025-08-17T13:56:33.934+0000] {logging_mixin.py:188} INFO - [2025-08-17T13:56:33.934+0000] {dag.py:3823} INFO - Setting next_dagrun for ml_pipeline to None, run_after=None
[2025-08-17T13:56:33.961+0000] {processor.py:183} INFO - Processing /opt/airflow/dags/ml_pipeline.py took 0.110 seconds
[2025-08-17T13:57:04.105+0000] {processor.py:161} INFO - Started process (PID=1300) to work on /opt/airflow/dags/ml_pipeline.py
[2025-08-17T13:57:04.106+0000] {processor.py:830} INFO - Processing file /opt/airflow/dags/ml_pipeline.py for tasks to queue
[2025-08-17T13:57:04.108+0000] {logging_mixin.py:188} INFO - [2025-08-17T13:57:04.107+0000] {dagbag.py:538} INFO - Filling up the DagBag from /opt/airflow/dags/ml_pipeline.py
[2025-08-17T13:57:04.137+0000] {processor.py:840} INFO - DAG(s) 'ml_pipeline' retrieved from /opt/airflow/dags/ml_pipeline.py
[2025-08-17T13:57:04.170+0000] {logging_mixin.py:188} INFO - [2025-08-17T13:57:04.169+0000] {dag.py:3036} INFO - Sync 1 DAGs
[2025-08-17T13:57:04.184+0000] {logging_mixin.py:188} INFO - [2025-08-17T13:57:04.183+0000] {dag.py:3823} INFO - Setting next_dagrun for ml_pipeline to None, run_after=None
[2025-08-17T13:57:04.207+0000] {processor.py:183} INFO - Processing /opt/airflow/dags/ml_pipeline.py took 0.106 seconds
[2025-08-17T13:57:34.358+0000] {processor.py:161} INFO - Started process (PID=1305) to work on /opt/airflow/dags/ml_pipeline.py
[2025-08-17T13:57:34.359+0000] {processor.py:830} INFO - Processing file /opt/airflow/dags/ml_pipeline.py for tasks to queue
[2025-08-17T13:57:34.360+0000] {logging_mixin.py:188} INFO - [2025-08-17T13:57:34.360+0000] {dagbag.py:538} INFO - Filling up the DagBag from /opt/airflow/dags/ml_pipeline.py
[2025-08-17T13:57:34.390+0000] {processor.py:840} INFO - DAG(s) 'ml_pipeline' retrieved from /opt/airflow/dags/ml_pipeline.py
[2025-08-17T13:57:34.424+0000] {logging_mixin.py:188} INFO - [2025-08-17T13:57:34.424+0000] {dag.py:3036} INFO - Sync 1 DAGs
[2025-08-17T13:57:34.439+0000] {logging_mixin.py:188} INFO - [2025-08-17T13:57:34.439+0000] {dag.py:3823} INFO - Setting next_dagrun for ml_pipeline to None, run_after=None
[2025-08-17T13:57:34.463+0000] {processor.py:183} INFO - Processing /opt/airflow/dags/ml_pipeline.py took 0.110 seconds
[2025-08-17T13:58:04.600+0000] {processor.py:161} INFO - Started process (PID=1310) to work on /opt/airflow/dags/ml_pipeline.py
[2025-08-17T13:58:04.601+0000] {processor.py:830} INFO - Processing file /opt/airflow/dags/ml_pipeline.py for tasks to queue
[2025-08-17T13:58:04.602+0000] {logging_mixin.py:188} INFO - [2025-08-17T13:58:04.602+0000] {dagbag.py:538} INFO - Filling up the DagBag from /opt/airflow/dags/ml_pipeline.py
[2025-08-17T13:58:04.630+0000] {processor.py:840} INFO - DAG(s) 'ml_pipeline' retrieved from /opt/airflow/dags/ml_pipeline.py
[2025-08-17T13:58:04.662+0000] {logging_mixin.py:188} INFO - [2025-08-17T13:58:04.662+0000] {dag.py:3036} INFO - Sync 1 DAGs
[2025-08-17T13:58:04.678+0000] {logging_mixin.py:188} INFO - [2025-08-17T13:58:04.677+0000] {dag.py:3823} INFO - Setting next_dagrun for ml_pipeline to None, run_after=None
[2025-08-17T13:58:04.711+0000] {processor.py:183} INFO - Processing /opt/airflow/dags/ml_pipeline.py took 0.115 seconds
[2025-08-17T13:58:34.853+0000] {processor.py:161} INFO - Started process (PID=1315) to work on /opt/airflow/dags/ml_pipeline.py
[2025-08-17T13:58:34.854+0000] {processor.py:830} INFO - Processing file /opt/airflow/dags/ml_pipeline.py for tasks to queue
[2025-08-17T13:58:34.856+0000] {logging_mixin.py:188} INFO - [2025-08-17T13:58:34.855+0000] {dagbag.py:538} INFO - Filling up the DagBag from /opt/airflow/dags/ml_pipeline.py
[2025-08-17T13:58:34.884+0000] {processor.py:840} INFO - DAG(s) 'ml_pipeline' retrieved from /opt/airflow/dags/ml_pipeline.py
[2025-08-17T13:58:34.916+0000] {logging_mixin.py:188} INFO - [2025-08-17T13:58:34.916+0000] {dag.py:3036} INFO - Sync 1 DAGs
[2025-08-17T13:58:34.929+0000] {logging_mixin.py:188} INFO - [2025-08-17T13:58:34.929+0000] {dag.py:3823} INFO - Setting next_dagrun for ml_pipeline to None, run_after=None
[2025-08-17T13:58:34.954+0000] {processor.py:183} INFO - Processing /opt/airflow/dags/ml_pipeline.py took 0.105 seconds
[2025-08-17T13:59:05.098+0000] {processor.py:161} INFO - Started process (PID=1320) to work on /opt/airflow/dags/ml_pipeline.py
[2025-08-17T13:59:05.099+0000] {processor.py:830} INFO - Processing file /opt/airflow/dags/ml_pipeline.py for tasks to queue
[2025-08-17T13:59:05.101+0000] {logging_mixin.py:188} INFO - [2025-08-17T13:59:05.100+0000] {dagbag.py:538} INFO - Filling up the DagBag from /opt/airflow/dags/ml_pipeline.py
[2025-08-17T13:59:05.127+0000] {processor.py:840} INFO - DAG(s) 'ml_pipeline' retrieved from /opt/airflow/dags/ml_pipeline.py
[2025-08-17T13:59:05.158+0000] {logging_mixin.py:188} INFO - [2025-08-17T13:59:05.158+0000] {dag.py:3036} INFO - Sync 1 DAGs
[2025-08-17T13:59:05.174+0000] {logging_mixin.py:188} INFO - [2025-08-17T13:59:05.173+0000] {dag.py:3823} INFO - Setting next_dagrun for ml_pipeline to None, run_after=None
[2025-08-17T13:59:05.198+0000] {processor.py:183} INFO - Processing /opt/airflow/dags/ml_pipeline.py took 0.107 seconds
[2025-08-17T13:59:35.334+0000] {processor.py:161} INFO - Started process (PID=1325) to work on /opt/airflow/dags/ml_pipeline.py
[2025-08-17T13:59:35.335+0000] {processor.py:830} INFO - Processing file /opt/airflow/dags/ml_pipeline.py for tasks to queue
[2025-08-17T13:59:35.337+0000] {logging_mixin.py:188} INFO - [2025-08-17T13:59:35.336+0000] {dagbag.py:538} INFO - Filling up the DagBag from /opt/airflow/dags/ml_pipeline.py
[2025-08-17T13:59:35.367+0000] {processor.py:840} INFO - DAG(s) 'ml_pipeline' retrieved from /opt/airflow/dags/ml_pipeline.py
[2025-08-17T13:59:35.403+0000] {logging_mixin.py:188} INFO - [2025-08-17T13:59:35.403+0000] {dag.py:3036} INFO - Sync 1 DAGs
[2025-08-17T13:59:35.417+0000] {logging_mixin.py:188} INFO - [2025-08-17T13:59:35.417+0000] {dag.py:3823} INFO - Setting next_dagrun for ml_pipeline to None, run_after=None
[2025-08-17T13:59:35.442+0000] {processor.py:183} INFO - Processing /opt/airflow/dags/ml_pipeline.py took 0.112 seconds
[2025-08-17T14:00:05.596+0000] {processor.py:161} INFO - Started process (PID=1330) to work on /opt/airflow/dags/ml_pipeline.py
[2025-08-17T14:00:05.597+0000] {processor.py:830} INFO - Processing file /opt/airflow/dags/ml_pipeline.py for tasks to queue
[2025-08-17T14:00:05.599+0000] {logging_mixin.py:188} INFO - [2025-08-17T14:00:05.598+0000] {dagbag.py:538} INFO - Filling up the DagBag from /opt/airflow/dags/ml_pipeline.py
[2025-08-17T14:00:05.627+0000] {processor.py:840} INFO - DAG(s) 'ml_pipeline' retrieved from /opt/airflow/dags/ml_pipeline.py
[2025-08-17T14:00:05.659+0000] {logging_mixin.py:188} INFO - [2025-08-17T14:00:05.659+0000] {dag.py:3036} INFO - Sync 1 DAGs
[2025-08-17T14:00:05.673+0000] {logging_mixin.py:188} INFO - [2025-08-17T14:00:05.672+0000] {dag.py:3823} INFO - Setting next_dagrun for ml_pipeline to None, run_after=None
[2025-08-17T14:00:05.697+0000] {processor.py:183} INFO - Processing /opt/airflow/dags/ml_pipeline.py took 0.105 seconds
[2025-08-17T14:00:35.840+0000] {processor.py:161} INFO - Started process (PID=1335) to work on /opt/airflow/dags/ml_pipeline.py
[2025-08-17T14:00:35.841+0000] {processor.py:830} INFO - Processing file /opt/airflow/dags/ml_pipeline.py for tasks to queue
[2025-08-17T14:00:35.842+0000] {logging_mixin.py:188} INFO - [2025-08-17T14:00:35.842+0000] {dagbag.py:538} INFO - Filling up the DagBag from /opt/airflow/dags/ml_pipeline.py
[2025-08-17T14:00:35.871+0000] {processor.py:840} INFO - DAG(s) 'ml_pipeline' retrieved from /opt/airflow/dags/ml_pipeline.py
[2025-08-17T14:00:35.904+0000] {logging_mixin.py:188} INFO - [2025-08-17T14:00:35.904+0000] {dag.py:3036} INFO - Sync 1 DAGs
[2025-08-17T14:00:35.919+0000] {logging_mixin.py:188} INFO - [2025-08-17T14:00:35.918+0000] {dag.py:3823} INFO - Setting next_dagrun for ml_pipeline to None, run_after=None
[2025-08-17T14:00:35.945+0000] {processor.py:183} INFO - Processing /opt/airflow/dags/ml_pipeline.py took 0.109 seconds
[2025-08-17T14:01:06.094+0000] {processor.py:161} INFO - Started process (PID=1340) to work on /opt/airflow/dags/ml_pipeline.py
[2025-08-17T14:01:06.095+0000] {processor.py:830} INFO - Processing file /opt/airflow/dags/ml_pipeline.py for tasks to queue
[2025-08-17T14:01:06.097+0000] {logging_mixin.py:188} INFO - [2025-08-17T14:01:06.097+0000] {dagbag.py:538} INFO - Filling up the DagBag from /opt/airflow/dags/ml_pipeline.py
[2025-08-17T14:01:06.143+0000] {processor.py:840} INFO - DAG(s) 'ml_pipeline' retrieved from /opt/airflow/dags/ml_pipeline.py
[2025-08-17T14:01:06.210+0000] {logging_mixin.py:188} INFO - [2025-08-17T14:01:06.210+0000] {dag.py:3036} INFO - Sync 1 DAGs
[2025-08-17T14:01:06.230+0000] {logging_mixin.py:188} INFO - [2025-08-17T14:01:06.230+0000] {dag.py:3823} INFO - Setting next_dagrun for ml_pipeline to None, run_after=None
[2025-08-17T14:01:06.254+0000] {processor.py:183} INFO - Processing /opt/airflow/dags/ml_pipeline.py took 0.167 seconds
[2025-08-17T14:01:36.340+0000] {processor.py:161} INFO - Started process (PID=1345) to work on /opt/airflow/dags/ml_pipeline.py
[2025-08-17T14:01:36.342+0000] {processor.py:830} INFO - Processing file /opt/airflow/dags/ml_pipeline.py for tasks to queue
[2025-08-17T14:01:36.344+0000] {logging_mixin.py:188} INFO - [2025-08-17T14:01:36.343+0000] {dagbag.py:538} INFO - Filling up the DagBag from /opt/airflow/dags/ml_pipeline.py
[2025-08-17T14:01:36.382+0000] {processor.py:840} INFO - DAG(s) 'ml_pipeline' retrieved from /opt/airflow/dags/ml_pipeline.py
[2025-08-17T14:01:36.440+0000] {logging_mixin.py:188} INFO - [2025-08-17T14:01:36.440+0000] {dag.py:3036} INFO - Sync 1 DAGs
[2025-08-17T14:01:36.466+0000] {logging_mixin.py:188} INFO - [2025-08-17T14:01:36.465+0000] {dag.py:3823} INFO - Setting next_dagrun for ml_pipeline to None, run_after=None
[2025-08-17T14:01:36.508+0000] {processor.py:183} INFO - Processing /opt/airflow/dags/ml_pipeline.py took 0.173 seconds
[2025-08-17T14:02:06.698+0000] {processor.py:161} INFO - Started process (PID=1350) to work on /opt/airflow/dags/ml_pipeline.py
[2025-08-17T14:02:06.699+0000] {processor.py:830} INFO - Processing file /opt/airflow/dags/ml_pipeline.py for tasks to queue
[2025-08-17T14:02:06.700+0000] {logging_mixin.py:188} INFO - [2025-08-17T14:02:06.700+0000] {dagbag.py:538} INFO - Filling up the DagBag from /opt/airflow/dags/ml_pipeline.py
[2025-08-17T14:02:06.730+0000] {processor.py:840} INFO - DAG(s) 'ml_pipeline' retrieved from /opt/airflow/dags/ml_pipeline.py
[2025-08-17T14:02:06.770+0000] {logging_mixin.py:188} INFO - [2025-08-17T14:02:06.769+0000] {dag.py:3036} INFO - Sync 1 DAGs
[2025-08-17T14:02:06.788+0000] {logging_mixin.py:188} INFO - [2025-08-17T14:02:06.787+0000] {dag.py:3823} INFO - Setting next_dagrun for ml_pipeline to None, run_after=None
[2025-08-17T14:02:06.814+0000] {processor.py:183} INFO - Processing /opt/airflow/dags/ml_pipeline.py took 0.121 seconds
[2025-08-17T14:02:36.936+0000] {processor.py:161} INFO - Started process (PID=1355) to work on /opt/airflow/dags/ml_pipeline.py
[2025-08-17T14:02:36.938+0000] {processor.py:830} INFO - Processing file /opt/airflow/dags/ml_pipeline.py for tasks to queue
[2025-08-17T14:02:36.939+0000] {logging_mixin.py:188} INFO - [2025-08-17T14:02:36.939+0000] {dagbag.py:538} INFO - Filling up the DagBag from /opt/airflow/dags/ml_pipeline.py
[2025-08-17T14:02:36.969+0000] {processor.py:840} INFO - DAG(s) 'ml_pipeline' retrieved from /opt/airflow/dags/ml_pipeline.py
[2025-08-17T14:02:37.006+0000] {logging_mixin.py:188} INFO - [2025-08-17T14:02:37.006+0000] {dag.py:3036} INFO - Sync 1 DAGs
[2025-08-17T14:02:37.022+0000] {logging_mixin.py:188} INFO - [2025-08-17T14:02:37.021+0000] {dag.py:3823} INFO - Setting next_dagrun for ml_pipeline to None, run_after=None
[2025-08-17T14:02:37.054+0000] {processor.py:183} INFO - Processing /opt/airflow/dags/ml_pipeline.py took 0.122 seconds
[2025-08-17T14:03:07.206+0000] {processor.py:161} INFO - Started process (PID=1360) to work on /opt/airflow/dags/ml_pipeline.py
[2025-08-17T14:03:07.207+0000] {processor.py:830} INFO - Processing file /opt/airflow/dags/ml_pipeline.py for tasks to queue
[2025-08-17T14:03:07.209+0000] {logging_mixin.py:188} INFO - [2025-08-17T14:03:07.208+0000] {dagbag.py:538} INFO - Filling up the DagBag from /opt/airflow/dags/ml_pipeline.py
[2025-08-17T14:03:07.239+0000] {processor.py:840} INFO - DAG(s) 'ml_pipeline' retrieved from /opt/airflow/dags/ml_pipeline.py
[2025-08-17T14:03:07.279+0000] {logging_mixin.py:188} INFO - [2025-08-17T14:03:07.278+0000] {dag.py:3036} INFO - Sync 1 DAGs
[2025-08-17T14:03:07.298+0000] {logging_mixin.py:188} INFO - [2025-08-17T14:03:07.298+0000] {dag.py:3823} INFO - Setting next_dagrun for ml_pipeline to None, run_after=None
[2025-08-17T14:03:07.322+0000] {processor.py:183} INFO - Processing /opt/airflow/dags/ml_pipeline.py took 0.120 seconds
[2025-08-17T14:03:37.511+0000] {processor.py:161} INFO - Started process (PID=1365) to work on /opt/airflow/dags/ml_pipeline.py
[2025-08-17T14:03:37.512+0000] {processor.py:830} INFO - Processing file /opt/airflow/dags/ml_pipeline.py for tasks to queue
[2025-08-17T14:03:37.514+0000] {logging_mixin.py:188} INFO - [2025-08-17T14:03:37.513+0000] {dagbag.py:538} INFO - Filling up the DagBag from /opt/airflow/dags/ml_pipeline.py
[2025-08-17T14:03:37.546+0000] {processor.py:840} INFO - DAG(s) 'ml_pipeline' retrieved from /opt/airflow/dags/ml_pipeline.py
[2025-08-17T14:03:37.587+0000] {logging_mixin.py:188} INFO - [2025-08-17T14:03:37.586+0000] {dag.py:3036} INFO - Sync 1 DAGs
[2025-08-17T14:03:37.604+0000] {logging_mixin.py:188} INFO - [2025-08-17T14:03:37.604+0000] {dag.py:3823} INFO - Setting next_dagrun for ml_pipeline to None, run_after=None
[2025-08-17T14:03:37.628+0000] {processor.py:183} INFO - Processing /opt/airflow/dags/ml_pipeline.py took 0.122 seconds
[2025-08-17T14:04:07.730+0000] {processor.py:161} INFO - Started process (PID=1370) to work on /opt/airflow/dags/ml_pipeline.py
[2025-08-17T14:04:07.731+0000] {processor.py:830} INFO - Processing file /opt/airflow/dags/ml_pipeline.py for tasks to queue
[2025-08-17T14:04:07.733+0000] {logging_mixin.py:188} INFO - [2025-08-17T14:04:07.732+0000] {dagbag.py:538} INFO - Filling up the DagBag from /opt/airflow/dags/ml_pipeline.py
[2025-08-17T14:04:07.761+0000] {processor.py:840} INFO - DAG(s) 'ml_pipeline' retrieved from /opt/airflow/dags/ml_pipeline.py
[2025-08-17T14:04:07.798+0000] {logging_mixin.py:188} INFO - [2025-08-17T14:04:07.797+0000] {dag.py:3036} INFO - Sync 1 DAGs
[2025-08-17T14:04:07.813+0000] {logging_mixin.py:188} INFO - [2025-08-17T14:04:07.813+0000] {dag.py:3823} INFO - Setting next_dagrun for ml_pipeline to None, run_after=None
[2025-08-17T14:04:07.846+0000] {processor.py:183} INFO - Processing /opt/airflow/dags/ml_pipeline.py took 0.120 seconds
[2025-08-17T14:04:38.026+0000] {processor.py:161} INFO - Started process (PID=1375) to work on /opt/airflow/dags/ml_pipeline.py
[2025-08-17T14:04:38.028+0000] {processor.py:830} INFO - Processing file /opt/airflow/dags/ml_pipeline.py for tasks to queue
[2025-08-17T14:04:38.030+0000] {logging_mixin.py:188} INFO - [2025-08-17T14:04:38.029+0000] {dagbag.py:538} INFO - Filling up the DagBag from /opt/airflow/dags/ml_pipeline.py
[2025-08-17T14:04:38.057+0000] {processor.py:840} INFO - DAG(s) 'ml_pipeline' retrieved from /opt/airflow/dags/ml_pipeline.py
[2025-08-17T14:04:38.092+0000] {logging_mixin.py:188} INFO - [2025-08-17T14:04:38.092+0000] {dag.py:3036} INFO - Sync 1 DAGs
[2025-08-17T14:04:38.106+0000] {logging_mixin.py:188} INFO - [2025-08-17T14:04:38.106+0000] {dag.py:3823} INFO - Setting next_dagrun for ml_pipeline to None, run_after=None
[2025-08-17T14:04:38.132+0000] {processor.py:183} INFO - Processing /opt/airflow/dags/ml_pipeline.py took 0.110 seconds
[2025-08-17T14:05:08.233+0000] {processor.py:161} INFO - Started process (PID=1380) to work on /opt/airflow/dags/ml_pipeline.py
[2025-08-17T14:05:08.234+0000] {processor.py:830} INFO - Processing file /opt/airflow/dags/ml_pipeline.py for tasks to queue
[2025-08-17T14:05:08.236+0000] {logging_mixin.py:188} INFO - [2025-08-17T14:05:08.235+0000] {dagbag.py:538} INFO - Filling up the DagBag from /opt/airflow/dags/ml_pipeline.py
[2025-08-17T14:05:08.261+0000] {processor.py:840} INFO - DAG(s) 'ml_pipeline' retrieved from /opt/airflow/dags/ml_pipeline.py
[2025-08-17T14:05:08.296+0000] {logging_mixin.py:188} INFO - [2025-08-17T14:05:08.295+0000] {dag.py:3036} INFO - Sync 1 DAGs
[2025-08-17T14:05:08.311+0000] {logging_mixin.py:188} INFO - [2025-08-17T14:05:08.310+0000] {dag.py:3823} INFO - Setting next_dagrun for ml_pipeline to None, run_after=None
[2025-08-17T14:05:08.341+0000] {processor.py:183} INFO - Processing /opt/airflow/dags/ml_pipeline.py took 0.112 seconds
[2025-08-17T14:05:38.555+0000] {processor.py:161} INFO - Started process (PID=1385) to work on /opt/airflow/dags/ml_pipeline.py
[2025-08-17T14:05:38.556+0000] {processor.py:830} INFO - Processing file /opt/airflow/dags/ml_pipeline.py for tasks to queue
[2025-08-17T14:05:38.558+0000] {logging_mixin.py:188} INFO - [2025-08-17T14:05:38.557+0000] {dagbag.py:538} INFO - Filling up the DagBag from /opt/airflow/dags/ml_pipeline.py
[2025-08-17T14:05:38.587+0000] {processor.py:840} INFO - DAG(s) 'ml_pipeline' retrieved from /opt/airflow/dags/ml_pipeline.py
[2025-08-17T14:05:38.620+0000] {logging_mixin.py:188} INFO - [2025-08-17T14:05:38.620+0000] {dag.py:3036} INFO - Sync 1 DAGs
[2025-08-17T14:05:38.635+0000] {logging_mixin.py:188} INFO - [2025-08-17T14:05:38.635+0000] {dag.py:3823} INFO - Setting next_dagrun for ml_pipeline to None, run_after=None
[2025-08-17T14:05:38.669+0000] {processor.py:183} INFO - Processing /opt/airflow/dags/ml_pipeline.py took 0.118 seconds
[2025-08-17T14:06:08.774+0000] {processor.py:161} INFO - Started process (PID=1390) to work on /opt/airflow/dags/ml_pipeline.py
[2025-08-17T14:06:08.775+0000] {processor.py:830} INFO - Processing file /opt/airflow/dags/ml_pipeline.py for tasks to queue
[2025-08-17T14:06:08.777+0000] {logging_mixin.py:188} INFO - [2025-08-17T14:06:08.777+0000] {dagbag.py:538} INFO - Filling up the DagBag from /opt/airflow/dags/ml_pipeline.py
[2025-08-17T14:06:08.806+0000] {processor.py:840} INFO - DAG(s) 'ml_pipeline' retrieved from /opt/airflow/dags/ml_pipeline.py
[2025-08-17T14:06:08.851+0000] {logging_mixin.py:188} INFO - [2025-08-17T14:06:08.851+0000] {dag.py:3036} INFO - Sync 1 DAGs
[2025-08-17T14:06:08.868+0000] {logging_mixin.py:188} INFO - [2025-08-17T14:06:08.867+0000] {dag.py:3823} INFO - Setting next_dagrun for ml_pipeline to None, run_after=None
[2025-08-17T14:06:08.895+0000] {processor.py:183} INFO - Processing /opt/airflow/dags/ml_pipeline.py took 0.126 seconds
[2025-08-17T14:06:39.069+0000] {processor.py:161} INFO - Started process (PID=1395) to work on /opt/airflow/dags/ml_pipeline.py
[2025-08-17T14:06:39.070+0000] {processor.py:830} INFO - Processing file /opt/airflow/dags/ml_pipeline.py for tasks to queue
[2025-08-17T14:06:39.071+0000] {logging_mixin.py:188} INFO - [2025-08-17T14:06:39.071+0000] {dagbag.py:538} INFO - Filling up the DagBag from /opt/airflow/dags/ml_pipeline.py
[2025-08-17T14:06:39.100+0000] {processor.py:840} INFO - DAG(s) 'ml_pipeline' retrieved from /opt/airflow/dags/ml_pipeline.py
[2025-08-17T14:06:39.134+0000] {logging_mixin.py:188} INFO - [2025-08-17T14:06:39.134+0000] {dag.py:3036} INFO - Sync 1 DAGs
[2025-08-17T14:06:39.150+0000] {logging_mixin.py:188} INFO - [2025-08-17T14:06:39.150+0000] {dag.py:3823} INFO - Setting next_dagrun for ml_pipeline to None, run_after=None
[2025-08-17T14:06:39.177+0000] {processor.py:183} INFO - Processing /opt/airflow/dags/ml_pipeline.py took 0.113 seconds
[2025-08-17T14:07:09.317+0000] {processor.py:161} INFO - Started process (PID=1400) to work on /opt/airflow/dags/ml_pipeline.py
[2025-08-17T14:07:09.318+0000] {processor.py:830} INFO - Processing file /opt/airflow/dags/ml_pipeline.py for tasks to queue
[2025-08-17T14:07:09.319+0000] {logging_mixin.py:188} INFO - [2025-08-17T14:07:09.319+0000] {dagbag.py:538} INFO - Filling up the DagBag from /opt/airflow/dags/ml_pipeline.py
[2025-08-17T14:07:09.348+0000] {processor.py:840} INFO - DAG(s) 'ml_pipeline' retrieved from /opt/airflow/dags/ml_pipeline.py
[2025-08-17T14:07:09.382+0000] {logging_mixin.py:188} INFO - [2025-08-17T14:07:09.381+0000] {dag.py:3036} INFO - Sync 1 DAGs
[2025-08-17T14:07:09.398+0000] {logging_mixin.py:188} INFO - [2025-08-17T14:07:09.398+0000] {dag.py:3823} INFO - Setting next_dagrun for ml_pipeline to None, run_after=None
[2025-08-17T14:07:09.431+0000] {processor.py:183} INFO - Processing /opt/airflow/dags/ml_pipeline.py took 0.119 seconds
[2025-08-17T14:07:39.581+0000] {processor.py:161} INFO - Started process (PID=1405) to work on /opt/airflow/dags/ml_pipeline.py
[2025-08-17T14:07:39.582+0000] {processor.py:830} INFO - Processing file /opt/airflow/dags/ml_pipeline.py for tasks to queue
[2025-08-17T14:07:39.584+0000] {logging_mixin.py:188} INFO - [2025-08-17T14:07:39.583+0000] {dagbag.py:538} INFO - Filling up the DagBag from /opt/airflow/dags/ml_pipeline.py
[2025-08-17T14:07:39.612+0000] {processor.py:840} INFO - DAG(s) 'ml_pipeline' retrieved from /opt/airflow/dags/ml_pipeline.py
[2025-08-17T14:07:39.646+0000] {logging_mixin.py:188} INFO - [2025-08-17T14:07:39.645+0000] {dag.py:3036} INFO - Sync 1 DAGs
[2025-08-17T14:07:39.660+0000] {logging_mixin.py:188} INFO - [2025-08-17T14:07:39.660+0000] {dag.py:3823} INFO - Setting next_dagrun for ml_pipeline to None, run_after=None
[2025-08-17T14:07:39.691+0000] {processor.py:183} INFO - Processing /opt/airflow/dags/ml_pipeline.py took 0.115 seconds
[2025-08-17T14:08:09.828+0000] {processor.py:161} INFO - Started process (PID=1410) to work on /opt/airflow/dags/ml_pipeline.py
[2025-08-17T14:08:09.829+0000] {processor.py:830} INFO - Processing file /opt/airflow/dags/ml_pipeline.py for tasks to queue
[2025-08-17T14:08:09.831+0000] {logging_mixin.py:188} INFO - [2025-08-17T14:08:09.831+0000] {dagbag.py:538} INFO - Filling up the DagBag from /opt/airflow/dags/ml_pipeline.py
[2025-08-17T14:08:09.856+0000] {processor.py:840} INFO - DAG(s) 'ml_pipeline' retrieved from /opt/airflow/dags/ml_pipeline.py
[2025-08-17T14:08:09.896+0000] {logging_mixin.py:188} INFO - [2025-08-17T14:08:09.896+0000] {dag.py:3036} INFO - Sync 1 DAGs
[2025-08-17T14:08:09.912+0000] {logging_mixin.py:188} INFO - [2025-08-17T14:08:09.912+0000] {dag.py:3823} INFO - Setting next_dagrun for ml_pipeline to None, run_after=None
[2025-08-17T14:08:09.939+0000] {processor.py:183} INFO - Processing /opt/airflow/dags/ml_pipeline.py took 0.116 seconds
[2025-08-17T14:08:40.094+0000] {processor.py:161} INFO - Started process (PID=1415) to work on /opt/airflow/dags/ml_pipeline.py
[2025-08-17T14:08:40.095+0000] {processor.py:830} INFO - Processing file /opt/airflow/dags/ml_pipeline.py for tasks to queue
[2025-08-17T14:08:40.097+0000] {logging_mixin.py:188} INFO - [2025-08-17T14:08:40.096+0000] {dagbag.py:538} INFO - Filling up the DagBag from /opt/airflow/dags/ml_pipeline.py
[2025-08-17T14:08:40.124+0000] {processor.py:840} INFO - DAG(s) 'ml_pipeline' retrieved from /opt/airflow/dags/ml_pipeline.py
[2025-08-17T14:08:40.163+0000] {logging_mixin.py:188} INFO - [2025-08-17T14:08:40.163+0000] {dag.py:3036} INFO - Sync 1 DAGs
[2025-08-17T14:08:40.181+0000] {logging_mixin.py:188} INFO - [2025-08-17T14:08:40.181+0000] {dag.py:3823} INFO - Setting next_dagrun for ml_pipeline to None, run_after=None
[2025-08-17T14:08:40.214+0000] {processor.py:183} INFO - Processing /opt/airflow/dags/ml_pipeline.py took 0.124 seconds
[2025-08-17T14:09:10.328+0000] {processor.py:161} INFO - Started process (PID=1420) to work on /opt/airflow/dags/ml_pipeline.py
[2025-08-17T14:09:10.329+0000] {processor.py:830} INFO - Processing file /opt/airflow/dags/ml_pipeline.py for tasks to queue
[2025-08-17T14:09:10.330+0000] {logging_mixin.py:188} INFO - [2025-08-17T14:09:10.330+0000] {dagbag.py:538} INFO - Filling up the DagBag from /opt/airflow/dags/ml_pipeline.py
[2025-08-17T14:09:10.359+0000] {processor.py:840} INFO - DAG(s) 'ml_pipeline' retrieved from /opt/airflow/dags/ml_pipeline.py
[2025-08-17T14:09:10.397+0000] {logging_mixin.py:188} INFO - [2025-08-17T14:09:10.396+0000] {dag.py:3036} INFO - Sync 1 DAGs
[2025-08-17T14:09:10.415+0000] {logging_mixin.py:188} INFO - [2025-08-17T14:09:10.414+0000] {dag.py:3823} INFO - Setting next_dagrun for ml_pipeline to None, run_after=None
[2025-08-17T14:09:10.461+0000] {processor.py:183} INFO - Processing /opt/airflow/dags/ml_pipeline.py took 0.137 seconds
[2025-08-17T14:09:40.653+0000] {processor.py:161} INFO - Started process (PID=1425) to work on /opt/airflow/dags/ml_pipeline.py
[2025-08-17T14:09:40.654+0000] {processor.py:830} INFO - Processing file /opt/airflow/dags/ml_pipeline.py for tasks to queue
[2025-08-17T14:09:40.655+0000] {logging_mixin.py:188} INFO - [2025-08-17T14:09:40.655+0000] {dagbag.py:538} INFO - Filling up the DagBag from /opt/airflow/dags/ml_pipeline.py
[2025-08-17T14:09:40.683+0000] {processor.py:840} INFO - DAG(s) 'ml_pipeline' retrieved from /opt/airflow/dags/ml_pipeline.py
[2025-08-17T14:09:40.716+0000] {logging_mixin.py:188} INFO - [2025-08-17T14:09:40.716+0000] {dag.py:3036} INFO - Sync 1 DAGs
[2025-08-17T14:09:40.730+0000] {logging_mixin.py:188} INFO - [2025-08-17T14:09:40.730+0000] {dag.py:3823} INFO - Setting next_dagrun for ml_pipeline to None, run_after=None
[2025-08-17T14:09:40.755+0000] {processor.py:183} INFO - Processing /opt/airflow/dags/ml_pipeline.py took 0.107 seconds
[2025-08-17T14:10:10.868+0000] {processor.py:161} INFO - Started process (PID=1430) to work on /opt/airflow/dags/ml_pipeline.py
[2025-08-17T14:10:10.869+0000] {processor.py:830} INFO - Processing file /opt/airflow/dags/ml_pipeline.py for tasks to queue
[2025-08-17T14:10:10.871+0000] {logging_mixin.py:188} INFO - [2025-08-17T14:10:10.870+0000] {dagbag.py:538} INFO - Filling up the DagBag from /opt/airflow/dags/ml_pipeline.py
[2025-08-17T14:10:10.900+0000] {processor.py:840} INFO - DAG(s) 'ml_pipeline' retrieved from /opt/airflow/dags/ml_pipeline.py
[2025-08-17T14:10:10.940+0000] {logging_mixin.py:188} INFO - [2025-08-17T14:10:10.940+0000] {dag.py:3036} INFO - Sync 1 DAGs
[2025-08-17T14:10:10.956+0000] {logging_mixin.py:188} INFO - [2025-08-17T14:10:10.956+0000] {dag.py:3823} INFO - Setting next_dagrun for ml_pipeline to None, run_after=None
[2025-08-17T14:10:10.983+0000] {processor.py:183} INFO - Processing /opt/airflow/dags/ml_pipeline.py took 0.121 seconds
[2025-08-17T14:10:41.151+0000] {processor.py:161} INFO - Started process (PID=1435) to work on /opt/airflow/dags/ml_pipeline.py
[2025-08-17T14:10:41.152+0000] {processor.py:830} INFO - Processing file /opt/airflow/dags/ml_pipeline.py for tasks to queue
[2025-08-17T14:10:41.153+0000] {logging_mixin.py:188} INFO - [2025-08-17T14:10:41.153+0000] {dagbag.py:538} INFO - Filling up the DagBag from /opt/airflow/dags/ml_pipeline.py
[2025-08-17T14:10:41.183+0000] {processor.py:840} INFO - DAG(s) 'ml_pipeline' retrieved from /opt/airflow/dags/ml_pipeline.py
[2025-08-17T14:10:41.215+0000] {logging_mixin.py:188} INFO - [2025-08-17T14:10:41.215+0000] {dag.py:3036} INFO - Sync 1 DAGs
[2025-08-17T14:10:41.234+0000] {logging_mixin.py:188} INFO - [2025-08-17T14:10:41.234+0000] {dag.py:3823} INFO - Setting next_dagrun for ml_pipeline to None, run_after=None
[2025-08-17T14:10:41.262+0000] {processor.py:183} INFO - Processing /opt/airflow/dags/ml_pipeline.py took 0.115 seconds
[2025-08-17T14:11:11.390+0000] {processor.py:161} INFO - Started process (PID=1440) to work on /opt/airflow/dags/ml_pipeline.py
[2025-08-17T14:11:11.391+0000] {processor.py:830} INFO - Processing file /opt/airflow/dags/ml_pipeline.py for tasks to queue
[2025-08-17T14:11:11.393+0000] {logging_mixin.py:188} INFO - [2025-08-17T14:11:11.392+0000] {dagbag.py:538} INFO - Filling up the DagBag from /opt/airflow/dags/ml_pipeline.py
[2025-08-17T14:11:11.422+0000] {processor.py:840} INFO - DAG(s) 'ml_pipeline' retrieved from /opt/airflow/dags/ml_pipeline.py
[2025-08-17T14:11:11.458+0000] {logging_mixin.py:188} INFO - [2025-08-17T14:11:11.458+0000] {dag.py:3036} INFO - Sync 1 DAGs
[2025-08-17T14:11:11.473+0000] {logging_mixin.py:188} INFO - [2025-08-17T14:11:11.473+0000] {dag.py:3823} INFO - Setting next_dagrun for ml_pipeline to None, run_after=None
[2025-08-17T14:11:11.500+0000] {processor.py:183} INFO - Processing /opt/airflow/dags/ml_pipeline.py took 0.115 seconds
[2025-08-17T14:11:41.665+0000] {processor.py:161} INFO - Started process (PID=1445) to work on /opt/airflow/dags/ml_pipeline.py
[2025-08-17T14:11:41.666+0000] {processor.py:830} INFO - Processing file /opt/airflow/dags/ml_pipeline.py for tasks to queue
[2025-08-17T14:11:41.667+0000] {logging_mixin.py:188} INFO - [2025-08-17T14:11:41.667+0000] {dagbag.py:538} INFO - Filling up the DagBag from /opt/airflow/dags/ml_pipeline.py
[2025-08-17T14:11:41.695+0000] {processor.py:840} INFO - DAG(s) 'ml_pipeline' retrieved from /opt/airflow/dags/ml_pipeline.py
[2025-08-17T14:11:41.729+0000] {logging_mixin.py:188} INFO - [2025-08-17T14:11:41.729+0000] {dag.py:3036} INFO - Sync 1 DAGs
[2025-08-17T14:11:41.743+0000] {logging_mixin.py:188} INFO - [2025-08-17T14:11:41.743+0000] {dag.py:3823} INFO - Setting next_dagrun for ml_pipeline to None, run_after=None
[2025-08-17T14:11:41.770+0000] {processor.py:183} INFO - Processing /opt/airflow/dags/ml_pipeline.py took 0.109 seconds
[2025-08-17T14:12:11.942+0000] {processor.py:161} INFO - Started process (PID=1450) to work on /opt/airflow/dags/ml_pipeline.py
[2025-08-17T14:12:11.944+0000] {processor.py:830} INFO - Processing file /opt/airflow/dags/ml_pipeline.py for tasks to queue
[2025-08-17T14:12:11.945+0000] {logging_mixin.py:188} INFO - [2025-08-17T14:12:11.945+0000] {dagbag.py:538} INFO - Filling up the DagBag from /opt/airflow/dags/ml_pipeline.py
[2025-08-17T14:12:11.972+0000] {processor.py:840} INFO - DAG(s) 'ml_pipeline' retrieved from /opt/airflow/dags/ml_pipeline.py
[2025-08-17T14:12:12.005+0000] {logging_mixin.py:188} INFO - [2025-08-17T14:12:12.005+0000] {dag.py:3036} INFO - Sync 1 DAGs
[2025-08-17T14:12:12.021+0000] {logging_mixin.py:188} INFO - [2025-08-17T14:12:12.020+0000] {dag.py:3823} INFO - Setting next_dagrun for ml_pipeline to None, run_after=None
[2025-08-17T14:12:12.047+0000] {processor.py:183} INFO - Processing /opt/airflow/dags/ml_pipeline.py took 0.109 seconds
[2025-08-17T14:12:42.161+0000] {processor.py:161} INFO - Started process (PID=1455) to work on /opt/airflow/dags/ml_pipeline.py
[2025-08-17T14:12:42.162+0000] {processor.py:830} INFO - Processing file /opt/airflow/dags/ml_pipeline.py for tasks to queue
[2025-08-17T14:12:42.164+0000] {logging_mixin.py:188} INFO - [2025-08-17T14:12:42.163+0000] {dagbag.py:538} INFO - Filling up the DagBag from /opt/airflow/dags/ml_pipeline.py
[2025-08-17T14:12:42.194+0000] {processor.py:840} INFO - DAG(s) 'ml_pipeline' retrieved from /opt/airflow/dags/ml_pipeline.py
[2025-08-17T14:12:42.229+0000] {logging_mixin.py:188} INFO - [2025-08-17T14:12:42.228+0000] {dag.py:3036} INFO - Sync 1 DAGs
[2025-08-17T14:12:42.243+0000] {logging_mixin.py:188} INFO - [2025-08-17T14:12:42.242+0000] {dag.py:3823} INFO - Setting next_dagrun for ml_pipeline to None, run_after=None
[2025-08-17T14:12:42.269+0000] {processor.py:183} INFO - Processing /opt/airflow/dags/ml_pipeline.py took 0.114 seconds
[2025-08-17T14:13:12.441+0000] {processor.py:161} INFO - Started process (PID=1460) to work on /opt/airflow/dags/ml_pipeline.py
[2025-08-17T14:13:12.443+0000] {processor.py:830} INFO - Processing file /opt/airflow/dags/ml_pipeline.py for tasks to queue
[2025-08-17T14:13:12.445+0000] {logging_mixin.py:188} INFO - [2025-08-17T14:13:12.444+0000] {dagbag.py:538} INFO - Filling up the DagBag from /opt/airflow/dags/ml_pipeline.py
[2025-08-17T14:13:12.468+0000] {processor.py:840} INFO - DAG(s) 'ml_pipeline' retrieved from /opt/airflow/dags/ml_pipeline.py
[2025-08-17T14:13:12.503+0000] {logging_mixin.py:188} INFO - [2025-08-17T14:13:12.503+0000] {dag.py:3036} INFO - Sync 1 DAGs
[2025-08-17T14:13:12.521+0000] {logging_mixin.py:188} INFO - [2025-08-17T14:13:12.521+0000] {dag.py:3823} INFO - Setting next_dagrun for ml_pipeline to None, run_after=None
[2025-08-17T14:13:12.546+0000] {processor.py:183} INFO - Processing /opt/airflow/dags/ml_pipeline.py took 0.109 seconds
[2025-08-17T14:13:42.666+0000] {processor.py:161} INFO - Started process (PID=1465) to work on /opt/airflow/dags/ml_pipeline.py
[2025-08-17T14:13:42.667+0000] {processor.py:830} INFO - Processing file /opt/airflow/dags/ml_pipeline.py for tasks to queue
[2025-08-17T14:13:42.668+0000] {logging_mixin.py:188} INFO - [2025-08-17T14:13:42.668+0000] {dagbag.py:538} INFO - Filling up the DagBag from /opt/airflow/dags/ml_pipeline.py
[2025-08-17T14:13:42.694+0000] {processor.py:840} INFO - DAG(s) 'ml_pipeline' retrieved from /opt/airflow/dags/ml_pipeline.py
[2025-08-17T14:13:42.729+0000] {logging_mixin.py:188} INFO - [2025-08-17T14:13:42.729+0000] {dag.py:3036} INFO - Sync 1 DAGs
[2025-08-17T14:13:42.743+0000] {logging_mixin.py:188} INFO - [2025-08-17T14:13:42.743+0000] {dag.py:3823} INFO - Setting next_dagrun for ml_pipeline to None, run_after=None
[2025-08-17T14:13:42.768+0000] {processor.py:183} INFO - Processing /opt/airflow/dags/ml_pipeline.py took 0.106 seconds
[2025-08-17T14:14:12.939+0000] {processor.py:161} INFO - Started process (PID=1470) to work on /opt/airflow/dags/ml_pipeline.py
[2025-08-17T14:14:12.940+0000] {processor.py:830} INFO - Processing file /opt/airflow/dags/ml_pipeline.py for tasks to queue
[2025-08-17T14:14:12.942+0000] {logging_mixin.py:188} INFO - [2025-08-17T14:14:12.941+0000] {dagbag.py:538} INFO - Filling up the DagBag from /opt/airflow/dags/ml_pipeline.py
[2025-08-17T14:14:12.969+0000] {processor.py:840} INFO - DAG(s) 'ml_pipeline' retrieved from /opt/airflow/dags/ml_pipeline.py
[2025-08-17T14:14:13.005+0000] {logging_mixin.py:188} INFO - [2025-08-17T14:14:13.005+0000] {dag.py:3036} INFO - Sync 1 DAGs
[2025-08-17T14:14:13.020+0000] {logging_mixin.py:188} INFO - [2025-08-17T14:14:13.019+0000] {dag.py:3823} INFO - Setting next_dagrun for ml_pipeline to None, run_after=None
[2025-08-17T14:14:13.045+0000] {processor.py:183} INFO - Processing /opt/airflow/dags/ml_pipeline.py took 0.110 seconds
[2025-08-17T14:14:43.173+0000] {processor.py:161} INFO - Started process (PID=1475) to work on /opt/airflow/dags/ml_pipeline.py
[2025-08-17T14:14:43.174+0000] {processor.py:830} INFO - Processing file /opt/airflow/dags/ml_pipeline.py for tasks to queue
[2025-08-17T14:14:43.175+0000] {logging_mixin.py:188} INFO - [2025-08-17T14:14:43.175+0000] {dagbag.py:538} INFO - Filling up the DagBag from /opt/airflow/dags/ml_pipeline.py
[2025-08-17T14:14:43.203+0000] {processor.py:840} INFO - DAG(s) 'ml_pipeline' retrieved from /opt/airflow/dags/ml_pipeline.py
[2025-08-17T14:14:43.238+0000] {logging_mixin.py:188} INFO - [2025-08-17T14:14:43.238+0000] {dag.py:3036} INFO - Sync 1 DAGs
[2025-08-17T14:14:43.255+0000] {logging_mixin.py:188} INFO - [2025-08-17T14:14:43.254+0000] {dag.py:3823} INFO - Setting next_dagrun for ml_pipeline to None, run_after=None
[2025-08-17T14:14:43.284+0000] {processor.py:183} INFO - Processing /opt/airflow/dags/ml_pipeline.py took 0.115 seconds
[2025-08-17T14:15:13.445+0000] {processor.py:161} INFO - Started process (PID=1480) to work on /opt/airflow/dags/ml_pipeline.py
[2025-08-17T14:15:13.446+0000] {processor.py:830} INFO - Processing file /opt/airflow/dags/ml_pipeline.py for tasks to queue
[2025-08-17T14:15:13.447+0000] {logging_mixin.py:188} INFO - [2025-08-17T14:15:13.447+0000] {dagbag.py:538} INFO - Filling up the DagBag from /opt/airflow/dags/ml_pipeline.py
[2025-08-17T14:15:13.474+0000] {processor.py:840} INFO - DAG(s) 'ml_pipeline' retrieved from /opt/airflow/dags/ml_pipeline.py
[2025-08-17T14:15:13.508+0000] {logging_mixin.py:188} INFO - [2025-08-17T14:15:13.508+0000] {dag.py:3036} INFO - Sync 1 DAGs
[2025-08-17T14:15:13.524+0000] {logging_mixin.py:188} INFO - [2025-08-17T14:15:13.524+0000] {dag.py:3823} INFO - Setting next_dagrun for ml_pipeline to None, run_after=None
[2025-08-17T14:15:13.550+0000] {processor.py:183} INFO - Processing /opt/airflow/dags/ml_pipeline.py took 0.110 seconds
[2025-08-17T14:15:43.698+0000] {processor.py:161} INFO - Started process (PID=1485) to work on /opt/airflow/dags/ml_pipeline.py
[2025-08-17T14:15:43.701+0000] {processor.py:830} INFO - Processing file /opt/airflow/dags/ml_pipeline.py for tasks to queue
[2025-08-17T14:15:43.703+0000] {logging_mixin.py:188} INFO - [2025-08-17T14:15:43.702+0000] {dagbag.py:538} INFO - Filling up the DagBag from /opt/airflow/dags/ml_pipeline.py
[2025-08-17T14:15:43.736+0000] {processor.py:840} INFO - DAG(s) 'ml_pipeline' retrieved from /opt/airflow/dags/ml_pipeline.py
[2025-08-17T14:15:43.769+0000] {logging_mixin.py:188} INFO - [2025-08-17T14:15:43.768+0000] {dag.py:3036} INFO - Sync 1 DAGs
[2025-08-17T14:15:43.782+0000] {logging_mixin.py:188} INFO - [2025-08-17T14:15:43.782+0000] {dag.py:3823} INFO - Setting next_dagrun for ml_pipeline to None, run_after=None
[2025-08-17T14:15:43.804+0000] {processor.py:183} INFO - Processing /opt/airflow/dags/ml_pipeline.py took 0.115 seconds
[2025-08-17T14:16:13.939+0000] {processor.py:161} INFO - Started process (PID=1490) to work on /opt/airflow/dags/ml_pipeline.py
[2025-08-17T14:16:13.941+0000] {processor.py:830} INFO - Processing file /opt/airflow/dags/ml_pipeline.py for tasks to queue
[2025-08-17T14:16:13.942+0000] {logging_mixin.py:188} INFO - [2025-08-17T14:16:13.942+0000] {dagbag.py:538} INFO - Filling up the DagBag from /opt/airflow/dags/ml_pipeline.py
[2025-08-17T14:16:13.972+0000] {processor.py:840} INFO - DAG(s) 'ml_pipeline' retrieved from /opt/airflow/dags/ml_pipeline.py
[2025-08-17T14:16:14.007+0000] {logging_mixin.py:188} INFO - [2025-08-17T14:16:14.007+0000] {dag.py:3036} INFO - Sync 1 DAGs
[2025-08-17T14:16:14.021+0000] {logging_mixin.py:188} INFO - [2025-08-17T14:16:14.021+0000] {dag.py:3823} INFO - Setting next_dagrun for ml_pipeline to None, run_after=None
[2025-08-17T14:16:14.049+0000] {processor.py:183} INFO - Processing /opt/airflow/dags/ml_pipeline.py took 0.114 seconds
[2025-08-17T14:16:44.207+0000] {processor.py:161} INFO - Started process (PID=1495) to work on /opt/airflow/dags/ml_pipeline.py
[2025-08-17T14:16:44.208+0000] {processor.py:830} INFO - Processing file /opt/airflow/dags/ml_pipeline.py for tasks to queue
[2025-08-17T14:16:44.210+0000] {logging_mixin.py:188} INFO - [2025-08-17T14:16:44.209+0000] {dagbag.py:538} INFO - Filling up the DagBag from /opt/airflow/dags/ml_pipeline.py
[2025-08-17T14:16:44.236+0000] {processor.py:840} INFO - DAG(s) 'ml_pipeline' retrieved from /opt/airflow/dags/ml_pipeline.py
[2025-08-17T14:16:44.272+0000] {logging_mixin.py:188} INFO - [2025-08-17T14:16:44.271+0000] {dag.py:3036} INFO - Sync 1 DAGs
[2025-08-17T14:16:44.287+0000] {logging_mixin.py:188} INFO - [2025-08-17T14:16:44.286+0000] {dag.py:3823} INFO - Setting next_dagrun for ml_pipeline to None, run_after=None
[2025-08-17T14:16:44.315+0000] {processor.py:183} INFO - Processing /opt/airflow/dags/ml_pipeline.py took 0.112 seconds
[2025-08-17T14:17:14.497+0000] {processor.py:161} INFO - Started process (PID=1500) to work on /opt/airflow/dags/ml_pipeline.py
[2025-08-17T14:17:14.498+0000] {processor.py:830} INFO - Processing file /opt/airflow/dags/ml_pipeline.py for tasks to queue
[2025-08-17T14:17:14.500+0000] {logging_mixin.py:188} INFO - [2025-08-17T14:17:14.499+0000] {dagbag.py:538} INFO - Filling up the DagBag from /opt/airflow/dags/ml_pipeline.py
[2025-08-17T14:17:14.527+0000] {processor.py:840} INFO - DAG(s) 'ml_pipeline' retrieved from /opt/airflow/dags/ml_pipeline.py
[2025-08-17T14:17:14.591+0000] {logging_mixin.py:188} INFO - [2025-08-17T14:17:14.591+0000] {dag.py:3036} INFO - Sync 1 DAGs
[2025-08-17T14:17:14.617+0000] {logging_mixin.py:188} INFO - [2025-08-17T14:17:14.617+0000] {dag.py:3823} INFO - Setting next_dagrun for ml_pipeline to None, run_after=None
[2025-08-17T14:17:14.650+0000] {processor.py:183} INFO - Processing /opt/airflow/dags/ml_pipeline.py took 0.157 seconds
[2025-08-17T14:17:44.722+0000] {processor.py:161} INFO - Started process (PID=1505) to work on /opt/airflow/dags/ml_pipeline.py
[2025-08-17T14:17:44.723+0000] {processor.py:830} INFO - Processing file /opt/airflow/dags/ml_pipeline.py for tasks to queue
[2025-08-17T14:17:44.724+0000] {logging_mixin.py:188} INFO - [2025-08-17T14:17:44.724+0000] {dagbag.py:538} INFO - Filling up the DagBag from /opt/airflow/dags/ml_pipeline.py
[2025-08-17T14:17:44.753+0000] {processor.py:840} INFO - DAG(s) 'ml_pipeline' retrieved from /opt/airflow/dags/ml_pipeline.py
[2025-08-17T14:17:44.789+0000] {logging_mixin.py:188} INFO - [2025-08-17T14:17:44.788+0000] {dag.py:3036} INFO - Sync 1 DAGs
[2025-08-17T14:17:44.803+0000] {logging_mixin.py:188} INFO - [2025-08-17T14:17:44.803+0000] {dag.py:3823} INFO - Setting next_dagrun for ml_pipeline to None, run_after=None
[2025-08-17T14:17:44.832+0000] {processor.py:183} INFO - Processing /opt/airflow/dags/ml_pipeline.py took 0.114 seconds
[2025-08-17T14:18:15.041+0000] {processor.py:161} INFO - Started process (PID=1510) to work on /opt/airflow/dags/ml_pipeline.py
[2025-08-17T14:18:15.042+0000] {processor.py:830} INFO - Processing file /opt/airflow/dags/ml_pipeline.py for tasks to queue
[2025-08-17T14:18:15.043+0000] {logging_mixin.py:188} INFO - [2025-08-17T14:18:15.043+0000] {dagbag.py:538} INFO - Filling up the DagBag from /opt/airflow/dags/ml_pipeline.py
[2025-08-17T14:18:15.072+0000] {processor.py:840} INFO - DAG(s) 'ml_pipeline' retrieved from /opt/airflow/dags/ml_pipeline.py
[2025-08-17T14:18:15.106+0000] {logging_mixin.py:188} INFO - [2025-08-17T14:18:15.105+0000] {dag.py:3036} INFO - Sync 1 DAGs
[2025-08-17T14:18:15.122+0000] {logging_mixin.py:188} INFO - [2025-08-17T14:18:15.121+0000] {dag.py:3823} INFO - Setting next_dagrun for ml_pipeline to None, run_after=None
[2025-08-17T14:18:15.151+0000] {processor.py:183} INFO - Processing /opt/airflow/dags/ml_pipeline.py took 0.113 seconds
[2025-08-17T14:18:45.263+0000] {processor.py:161} INFO - Started process (PID=1515) to work on /opt/airflow/dags/ml_pipeline.py
[2025-08-17T14:18:45.264+0000] {processor.py:830} INFO - Processing file /opt/airflow/dags/ml_pipeline.py for tasks to queue
[2025-08-17T14:18:45.265+0000] {logging_mixin.py:188} INFO - [2025-08-17T14:18:45.265+0000] {dagbag.py:538} INFO - Filling up the DagBag from /opt/airflow/dags/ml_pipeline.py
[2025-08-17T14:18:45.294+0000] {processor.py:840} INFO - DAG(s) 'ml_pipeline' retrieved from /opt/airflow/dags/ml_pipeline.py
[2025-08-17T14:18:45.329+0000] {logging_mixin.py:188} INFO - [2025-08-17T14:18:45.328+0000] {dag.py:3036} INFO - Sync 1 DAGs
[2025-08-17T14:18:45.342+0000] {logging_mixin.py:188} INFO - [2025-08-17T14:18:45.342+0000] {dag.py:3823} INFO - Setting next_dagrun for ml_pipeline to None, run_after=None
[2025-08-17T14:18:45.369+0000] {processor.py:183} INFO - Processing /opt/airflow/dags/ml_pipeline.py took 0.111 seconds
[2025-08-17T14:19:15.548+0000] {processor.py:161} INFO - Started process (PID=1520) to work on /opt/airflow/dags/ml_pipeline.py
[2025-08-17T14:19:15.549+0000] {processor.py:830} INFO - Processing file /opt/airflow/dags/ml_pipeline.py for tasks to queue
[2025-08-17T14:19:15.551+0000] {logging_mixin.py:188} INFO - [2025-08-17T14:19:15.550+0000] {dagbag.py:538} INFO - Filling up the DagBag from /opt/airflow/dags/ml_pipeline.py
[2025-08-17T14:19:15.576+0000] {processor.py:840} INFO - DAG(s) 'ml_pipeline' retrieved from /opt/airflow/dags/ml_pipeline.py
[2025-08-17T14:19:15.607+0000] {logging_mixin.py:188} INFO - [2025-08-17T14:19:15.607+0000] {dag.py:3036} INFO - Sync 1 DAGs
[2025-08-17T14:19:15.622+0000] {logging_mixin.py:188} INFO - [2025-08-17T14:19:15.622+0000] {dag.py:3823} INFO - Setting next_dagrun for ml_pipeline to None, run_after=None
[2025-08-17T14:19:15.651+0000] {processor.py:183} INFO - Processing /opt/airflow/dags/ml_pipeline.py took 0.109 seconds
[2025-08-17T14:19:45.757+0000] {processor.py:161} INFO - Started process (PID=1525) to work on /opt/airflow/dags/ml_pipeline.py
[2025-08-17T14:19:45.759+0000] {processor.py:830} INFO - Processing file /opt/airflow/dags/ml_pipeline.py for tasks to queue
[2025-08-17T14:19:45.760+0000] {logging_mixin.py:188} INFO - [2025-08-17T14:19:45.759+0000] {dagbag.py:538} INFO - Filling up the DagBag from /opt/airflow/dags/ml_pipeline.py
[2025-08-17T14:19:45.787+0000] {processor.py:840} INFO - DAG(s) 'ml_pipeline' retrieved from /opt/airflow/dags/ml_pipeline.py
[2025-08-17T14:19:45.822+0000] {logging_mixin.py:188} INFO - [2025-08-17T14:19:45.821+0000] {dag.py:3036} INFO - Sync 1 DAGs
[2025-08-17T14:19:45.835+0000] {logging_mixin.py:188} INFO - [2025-08-17T14:19:45.835+0000] {dag.py:3823} INFO - Setting next_dagrun for ml_pipeline to None, run_after=None
[2025-08-17T14:19:45.859+0000] {processor.py:183} INFO - Processing /opt/airflow/dags/ml_pipeline.py took 0.106 seconds
[2025-08-17T14:20:16.041+0000] {processor.py:161} INFO - Started process (PID=1530) to work on /opt/airflow/dags/ml_pipeline.py
[2025-08-17T14:20:16.043+0000] {processor.py:830} INFO - Processing file /opt/airflow/dags/ml_pipeline.py for tasks to queue
[2025-08-17T14:20:16.044+0000] {logging_mixin.py:188} INFO - [2025-08-17T14:20:16.043+0000] {dagbag.py:538} INFO - Filling up the DagBag from /opt/airflow/dags/ml_pipeline.py
[2025-08-17T14:20:16.073+0000] {processor.py:840} INFO - DAG(s) 'ml_pipeline' retrieved from /opt/airflow/dags/ml_pipeline.py
[2025-08-17T14:20:16.123+0000] {logging_mixin.py:188} INFO - [2025-08-17T14:20:16.123+0000] {dag.py:3036} INFO - Sync 1 DAGs
[2025-08-17T14:20:16.141+0000] {logging_mixin.py:188} INFO - [2025-08-17T14:20:16.141+0000] {dag.py:3823} INFO - Setting next_dagrun for ml_pipeline to None, run_after=None
[2025-08-17T14:20:16.171+0000] {processor.py:183} INFO - Processing /opt/airflow/dags/ml_pipeline.py took 0.135 seconds
[2025-08-17T14:20:46.293+0000] {processor.py:161} INFO - Started process (PID=1535) to work on /opt/airflow/dags/ml_pipeline.py
[2025-08-17T14:20:46.295+0000] {processor.py:830} INFO - Processing file /opt/airflow/dags/ml_pipeline.py for tasks to queue
[2025-08-17T14:20:46.297+0000] {logging_mixin.py:188} INFO - [2025-08-17T14:20:46.297+0000] {dagbag.py:538} INFO - Filling up the DagBag from /opt/airflow/dags/ml_pipeline.py
[2025-08-17T14:20:46.337+0000] {processor.py:840} INFO - DAG(s) 'ml_pipeline' retrieved from /opt/airflow/dags/ml_pipeline.py
[2025-08-17T14:20:46.386+0000] {logging_mixin.py:188} INFO - [2025-08-17T14:20:46.385+0000] {dag.py:3036} INFO - Sync 1 DAGs
[2025-08-17T14:20:46.405+0000] {logging_mixin.py:188} INFO - [2025-08-17T14:20:46.404+0000] {dag.py:3823} INFO - Setting next_dagrun for ml_pipeline to None, run_after=None
[2025-08-17T14:20:46.447+0000] {processor.py:183} INFO - Processing /opt/airflow/dags/ml_pipeline.py took 0.166 seconds
[2025-08-17T14:21:16.633+0000] {processor.py:161} INFO - Started process (PID=1540) to work on /opt/airflow/dags/ml_pipeline.py
[2025-08-17T14:21:16.634+0000] {processor.py:830} INFO - Processing file /opt/airflow/dags/ml_pipeline.py for tasks to queue
[2025-08-17T14:21:16.635+0000] {logging_mixin.py:188} INFO - [2025-08-17T14:21:16.635+0000] {dagbag.py:538} INFO - Filling up the DagBag from /opt/airflow/dags/ml_pipeline.py
[2025-08-17T14:21:16.664+0000] {processor.py:840} INFO - DAG(s) 'ml_pipeline' retrieved from /opt/airflow/dags/ml_pipeline.py
[2025-08-17T14:21:16.701+0000] {logging_mixin.py:188} INFO - [2025-08-17T14:21:16.701+0000] {dag.py:3036} INFO - Sync 1 DAGs
[2025-08-17T14:21:16.717+0000] {logging_mixin.py:188} INFO - [2025-08-17T14:21:16.717+0000] {dag.py:3823} INFO - Setting next_dagrun for ml_pipeline to None, run_after=None
[2025-08-17T14:21:16.744+0000] {processor.py:183} INFO - Processing /opt/airflow/dags/ml_pipeline.py took 0.116 seconds
[2025-08-17T14:21:46.893+0000] {processor.py:161} INFO - Started process (PID=1545) to work on /opt/airflow/dags/ml_pipeline.py
[2025-08-17T14:21:46.895+0000] {processor.py:830} INFO - Processing file /opt/airflow/dags/ml_pipeline.py for tasks to queue
[2025-08-17T14:21:46.896+0000] {logging_mixin.py:188} INFO - [2025-08-17T14:21:46.895+0000] {dagbag.py:538} INFO - Filling up the DagBag from /opt/airflow/dags/ml_pipeline.py
[2025-08-17T14:21:46.924+0000] {processor.py:840} INFO - DAG(s) 'ml_pipeline' retrieved from /opt/airflow/dags/ml_pipeline.py
[2025-08-17T14:21:46.959+0000] {logging_mixin.py:188} INFO - [2025-08-17T14:21:46.959+0000] {dag.py:3036} INFO - Sync 1 DAGs
[2025-08-17T14:21:46.973+0000] {logging_mixin.py:188} INFO - [2025-08-17T14:21:46.973+0000] {dag.py:3823} INFO - Setting next_dagrun for ml_pipeline to None, run_after=None
[2025-08-17T14:21:47.001+0000] {processor.py:183} INFO - Processing /opt/airflow/dags/ml_pipeline.py took 0.112 seconds
[2025-08-17T14:22:17.222+0000] {processor.py:161} INFO - Started process (PID=1550) to work on /opt/airflow/dags/ml_pipeline.py
[2025-08-17T14:22:17.224+0000] {processor.py:830} INFO - Processing file /opt/airflow/dags/ml_pipeline.py for tasks to queue
[2025-08-17T14:22:17.225+0000] {logging_mixin.py:188} INFO - [2025-08-17T14:22:17.225+0000] {dagbag.py:538} INFO - Filling up the DagBag from /opt/airflow/dags/ml_pipeline.py
[2025-08-17T14:22:17.262+0000] {processor.py:840} INFO - DAG(s) 'ml_pipeline' retrieved from /opt/airflow/dags/ml_pipeline.py
[2025-08-17T14:22:17.305+0000] {logging_mixin.py:188} INFO - [2025-08-17T14:22:17.304+0000] {dag.py:3036} INFO - Sync 1 DAGs
[2025-08-17T14:22:17.348+0000] {logging_mixin.py:188} INFO - [2025-08-17T14:22:17.348+0000] {dag.py:3823} INFO - Setting next_dagrun for ml_pipeline to None, run_after=None
[2025-08-17T14:22:17.410+0000] {processor.py:183} INFO - Processing /opt/airflow/dags/ml_pipeline.py took 0.191 seconds
[2025-08-17T14:22:47.658+0000] {processor.py:161} INFO - Started process (PID=1555) to work on /opt/airflow/dags/ml_pipeline.py
[2025-08-17T14:22:47.659+0000] {processor.py:830} INFO - Processing file /opt/airflow/dags/ml_pipeline.py for tasks to queue
[2025-08-17T14:22:47.661+0000] {logging_mixin.py:188} INFO - [2025-08-17T14:22:47.660+0000] {dagbag.py:538} INFO - Filling up the DagBag from /opt/airflow/dags/ml_pipeline.py
[2025-08-17T14:22:47.689+0000] {processor.py:840} INFO - DAG(s) 'ml_pipeline' retrieved from /opt/airflow/dags/ml_pipeline.py
[2025-08-17T14:22:47.728+0000] {logging_mixin.py:188} INFO - [2025-08-17T14:22:47.728+0000] {dag.py:3036} INFO - Sync 1 DAGs
[2025-08-17T14:22:47.745+0000] {logging_mixin.py:188} INFO - [2025-08-17T14:22:47.744+0000] {dag.py:3823} INFO - Setting next_dagrun for ml_pipeline to None, run_after=None
[2025-08-17T14:22:47.774+0000] {processor.py:183} INFO - Processing /opt/airflow/dags/ml_pipeline.py took 0.122 seconds
[2025-08-17T14:23:17.859+0000] {processor.py:161} INFO - Started process (PID=1560) to work on /opt/airflow/dags/ml_pipeline.py
[2025-08-17T14:23:17.860+0000] {processor.py:830} INFO - Processing file /opt/airflow/dags/ml_pipeline.py for tasks to queue
[2025-08-17T14:23:17.862+0000] {logging_mixin.py:188} INFO - [2025-08-17T14:23:17.861+0000] {dagbag.py:538} INFO - Filling up the DagBag from /opt/airflow/dags/ml_pipeline.py
[2025-08-17T14:23:17.976+0000] {processor.py:840} INFO - DAG(s) 'ml_pipeline' retrieved from /opt/airflow/dags/ml_pipeline.py
[2025-08-17T14:23:18.026+0000] {logging_mixin.py:188} INFO - [2025-08-17T14:23:18.025+0000] {dag.py:3036} INFO - Sync 1 DAGs
[2025-08-17T14:23:18.050+0000] {logging_mixin.py:188} INFO - [2025-08-17T14:23:18.049+0000] {dag.py:3823} INFO - Setting next_dagrun for ml_pipeline to None, run_after=None
[2025-08-17T14:23:18.080+0000] {processor.py:183} INFO - Processing /opt/airflow/dags/ml_pipeline.py took 0.227 seconds
[2025-08-17T14:23:28.080+0000] {processor.py:161} INFO - Started process (PID=1565) to work on /opt/airflow/dags/ml_pipeline.py
[2025-08-17T14:23:28.082+0000] {processor.py:830} INFO - Processing file /opt/airflow/dags/ml_pipeline.py for tasks to queue
[2025-08-17T14:23:28.083+0000] {logging_mixin.py:188} INFO - [2025-08-17T14:23:28.083+0000] {dagbag.py:538} INFO - Filling up the DagBag from /opt/airflow/dags/ml_pipeline.py
[2025-08-17T14:23:28.131+0000] {processor.py:840} INFO - DAG(s) 'ml_pipeline' retrieved from /opt/airflow/dags/ml_pipeline.py
[2025-08-17T14:23:28.170+0000] {logging_mixin.py:188} INFO - [2025-08-17T14:23:28.170+0000] {dag.py:3036} INFO - Sync 1 DAGs
[2025-08-17T14:23:28.194+0000] {logging_mixin.py:188} INFO - [2025-08-17T14:23:28.193+0000] {dag.py:3823} INFO - Setting next_dagrun for ml_pipeline to None, run_after=None
[2025-08-17T14:23:28.235+0000] {processor.py:183} INFO - Processing /opt/airflow/dags/ml_pipeline.py took 0.160 seconds
[2025-08-17T14:23:58.479+0000] {processor.py:161} INFO - Started process (PID=1613) to work on /opt/airflow/dags/ml_pipeline.py
[2025-08-17T14:23:58.483+0000] {processor.py:830} INFO - Processing file /opt/airflow/dags/ml_pipeline.py for tasks to queue
[2025-08-17T14:23:58.490+0000] {logging_mixin.py:188} INFO - [2025-08-17T14:23:58.489+0000] {dagbag.py:538} INFO - Filling up the DagBag from /opt/airflow/dags/ml_pipeline.py
[2025-08-17T14:23:58.530+0000] {processor.py:840} INFO - DAG(s) 'ml_pipeline' retrieved from /opt/airflow/dags/ml_pipeline.py
[2025-08-17T14:23:58.588+0000] {logging_mixin.py:188} INFO - [2025-08-17T14:23:58.587+0000] {dag.py:3036} INFO - Sync 1 DAGs
[2025-08-17T14:23:58.611+0000] {logging_mixin.py:188} INFO - [2025-08-17T14:23:58.611+0000] {dag.py:3823} INFO - Setting next_dagrun for ml_pipeline to None, run_after=None
[2025-08-17T14:23:58.649+0000] {processor.py:183} INFO - Processing /opt/airflow/dags/ml_pipeline.py took 0.215 seconds
[2025-08-17T14:24:28.987+0000] {processor.py:161} INFO - Started process (PID=1681) to work on /opt/airflow/dags/ml_pipeline.py
[2025-08-17T14:24:28.989+0000] {processor.py:830} INFO - Processing file /opt/airflow/dags/ml_pipeline.py for tasks to queue
[2025-08-17T14:24:28.990+0000] {logging_mixin.py:188} INFO - [2025-08-17T14:24:28.990+0000] {dagbag.py:538} INFO - Filling up the DagBag from /opt/airflow/dags/ml_pipeline.py
[2025-08-17T14:24:29.020+0000] {processor.py:840} INFO - DAG(s) 'ml_pipeline' retrieved from /opt/airflow/dags/ml_pipeline.py
[2025-08-17T14:24:29.066+0000] {logging_mixin.py:188} INFO - [2025-08-17T14:24:29.066+0000] {dag.py:3036} INFO - Sync 1 DAGs
[2025-08-17T14:24:29.087+0000] {logging_mixin.py:188} INFO - [2025-08-17T14:24:29.087+0000] {dag.py:3823} INFO - Setting next_dagrun for ml_pipeline to None, run_after=None
[2025-08-17T14:24:29.139+0000] {processor.py:183} INFO - Processing /opt/airflow/dags/ml_pipeline.py took 0.156 seconds
[2025-08-17T14:24:59.283+0000] {processor.py:161} INFO - Started process (PID=1735) to work on /opt/airflow/dags/ml_pipeline.py
[2025-08-17T14:24:59.285+0000] {processor.py:830} INFO - Processing file /opt/airflow/dags/ml_pipeline.py for tasks to queue
[2025-08-17T14:24:59.287+0000] {logging_mixin.py:188} INFO - [2025-08-17T14:24:59.287+0000] {dagbag.py:538} INFO - Filling up the DagBag from /opt/airflow/dags/ml_pipeline.py
[2025-08-17T14:24:59.336+0000] {processor.py:840} INFO - DAG(s) 'ml_pipeline' retrieved from /opt/airflow/dags/ml_pipeline.py
[2025-08-17T14:24:59.382+0000] {logging_mixin.py:188} INFO - [2025-08-17T14:24:59.381+0000] {dag.py:3036} INFO - Sync 1 DAGs
[2025-08-17T14:24:59.401+0000] {logging_mixin.py:188} INFO - [2025-08-17T14:24:59.401+0000] {dag.py:3823} INFO - Setting next_dagrun for ml_pipeline to None, run_after=None
[2025-08-17T14:24:59.434+0000] {processor.py:183} INFO - Processing /opt/airflow/dags/ml_pipeline.py took 0.156 seconds
[2025-08-17T14:25:29.648+0000] {processor.py:161} INFO - Started process (PID=1740) to work on /opt/airflow/dags/ml_pipeline.py
[2025-08-17T14:25:29.649+0000] {processor.py:830} INFO - Processing file /opt/airflow/dags/ml_pipeline.py for tasks to queue
[2025-08-17T14:25:29.650+0000] {logging_mixin.py:188} INFO - [2025-08-17T14:25:29.650+0000] {dagbag.py:538} INFO - Filling up the DagBag from /opt/airflow/dags/ml_pipeline.py
[2025-08-17T14:25:29.675+0000] {processor.py:840} INFO - DAG(s) 'ml_pipeline' retrieved from /opt/airflow/dags/ml_pipeline.py
[2025-08-17T14:25:29.713+0000] {logging_mixin.py:188} INFO - [2025-08-17T14:25:29.712+0000] {dag.py:3036} INFO - Sync 1 DAGs
[2025-08-17T14:25:29.727+0000] {logging_mixin.py:188} INFO - [2025-08-17T14:25:29.727+0000] {dag.py:3823} INFO - Setting next_dagrun for ml_pipeline to None, run_after=None
[2025-08-17T14:25:29.752+0000] {processor.py:183} INFO - Processing /opt/airflow/dags/ml_pipeline.py took 0.119 seconds
[2025-08-17T14:25:59.896+0000] {processor.py:161} INFO - Started process (PID=1745) to work on /opt/airflow/dags/ml_pipeline.py
[2025-08-17T14:25:59.897+0000] {processor.py:830} INFO - Processing file /opt/airflow/dags/ml_pipeline.py for tasks to queue
[2025-08-17T14:25:59.899+0000] {logging_mixin.py:188} INFO - [2025-08-17T14:25:59.899+0000] {dagbag.py:538} INFO - Filling up the DagBag from /opt/airflow/dags/ml_pipeline.py
[2025-08-17T14:25:59.954+0000] {processor.py:840} INFO - DAG(s) 'ml_pipeline' retrieved from /opt/airflow/dags/ml_pipeline.py
[2025-08-17T14:26:00.026+0000] {logging_mixin.py:188} INFO - [2025-08-17T14:26:00.025+0000] {dag.py:3036} INFO - Sync 1 DAGs
[2025-08-17T14:26:00.049+0000] {logging_mixin.py:188} INFO - [2025-08-17T14:26:00.049+0000] {dag.py:3823} INFO - Setting next_dagrun for ml_pipeline to None, run_after=None
[2025-08-17T14:26:00.089+0000] {processor.py:183} INFO - Processing /opt/airflow/dags/ml_pipeline.py took 0.199 seconds
[2025-08-17T14:26:30.180+0000] {processor.py:161} INFO - Started process (PID=1750) to work on /opt/airflow/dags/ml_pipeline.py
[2025-08-17T14:26:30.193+0000] {processor.py:830} INFO - Processing file /opt/airflow/dags/ml_pipeline.py for tasks to queue
[2025-08-17T14:26:30.194+0000] {logging_mixin.py:188} INFO - [2025-08-17T14:26:30.194+0000] {dagbag.py:538} INFO - Filling up the DagBag from /opt/airflow/dags/ml_pipeline.py
[2025-08-17T14:26:30.228+0000] {processor.py:840} INFO - DAG(s) 'ml_pipeline' retrieved from /opt/airflow/dags/ml_pipeline.py
[2025-08-17T14:26:30.263+0000] {logging_mixin.py:188} INFO - [2025-08-17T14:26:30.262+0000] {dag.py:3036} INFO - Sync 1 DAGs
[2025-08-17T14:26:30.280+0000] {logging_mixin.py:188} INFO - [2025-08-17T14:26:30.280+0000] {dag.py:3823} INFO - Setting next_dagrun for ml_pipeline to None, run_after=None
[2025-08-17T14:26:30.310+0000] {processor.py:183} INFO - Processing /opt/airflow/dags/ml_pipeline.py took 0.139 seconds
[2025-08-17T14:27:00.600+0000] {processor.py:161} INFO - Started process (PID=1755) to work on /opt/airflow/dags/ml_pipeline.py
[2025-08-17T14:27:00.602+0000] {processor.py:830} INFO - Processing file /opt/airflow/dags/ml_pipeline.py for tasks to queue
[2025-08-17T14:27:00.603+0000] {logging_mixin.py:188} INFO - [2025-08-17T14:27:00.603+0000] {dagbag.py:538} INFO - Filling up the DagBag from /opt/airflow/dags/ml_pipeline.py
[2025-08-17T14:27:00.630+0000] {processor.py:840} INFO - DAG(s) 'ml_pipeline' retrieved from /opt/airflow/dags/ml_pipeline.py
[2025-08-17T14:27:00.672+0000] {logging_mixin.py:188} INFO - [2025-08-17T14:27:00.672+0000] {dag.py:3036} INFO - Sync 1 DAGs
[2025-08-17T14:27:00.689+0000] {logging_mixin.py:188} INFO - [2025-08-17T14:27:00.689+0000] {dag.py:3823} INFO - Setting next_dagrun for ml_pipeline to None, run_after=None
[2025-08-17T14:27:00.720+0000] {processor.py:183} INFO - Processing /opt/airflow/dags/ml_pipeline.py took 0.123 seconds
[2025-08-17T14:27:30.824+0000] {processor.py:161} INFO - Started process (PID=1760) to work on /opt/airflow/dags/ml_pipeline.py
[2025-08-17T14:27:30.825+0000] {processor.py:830} INFO - Processing file /opt/airflow/dags/ml_pipeline.py for tasks to queue
[2025-08-17T14:27:30.827+0000] {logging_mixin.py:188} INFO - [2025-08-17T14:27:30.827+0000] {dagbag.py:538} INFO - Filling up the DagBag from /opt/airflow/dags/ml_pipeline.py
[2025-08-17T14:27:30.857+0000] {processor.py:840} INFO - DAG(s) 'ml_pipeline' retrieved from /opt/airflow/dags/ml_pipeline.py
[2025-08-17T14:27:30.895+0000] {logging_mixin.py:188} INFO - [2025-08-17T14:27:30.895+0000] {dag.py:3036} INFO - Sync 1 DAGs
[2025-08-17T14:27:30.910+0000] {logging_mixin.py:188} INFO - [2025-08-17T14:27:30.909+0000] {dag.py:3823} INFO - Setting next_dagrun for ml_pipeline to None, run_after=None
[2025-08-17T14:27:30.940+0000] {processor.py:183} INFO - Processing /opt/airflow/dags/ml_pipeline.py took 0.121 seconds
[2025-08-17T14:28:01.142+0000] {processor.py:161} INFO - Started process (PID=1765) to work on /opt/airflow/dags/ml_pipeline.py
[2025-08-17T14:28:01.144+0000] {processor.py:830} INFO - Processing file /opt/airflow/dags/ml_pipeline.py for tasks to queue
[2025-08-17T14:28:01.145+0000] {logging_mixin.py:188} INFO - [2025-08-17T14:28:01.145+0000] {dagbag.py:538} INFO - Filling up the DagBag from /opt/airflow/dags/ml_pipeline.py
[2025-08-17T14:28:01.176+0000] {processor.py:840} INFO - DAG(s) 'ml_pipeline' retrieved from /opt/airflow/dags/ml_pipeline.py
[2025-08-17T14:28:01.208+0000] {logging_mixin.py:188} INFO - [2025-08-17T14:28:01.208+0000] {dag.py:3036} INFO - Sync 1 DAGs
[2025-08-17T14:28:01.223+0000] {logging_mixin.py:188} INFO - [2025-08-17T14:28:01.223+0000] {dag.py:3823} INFO - Setting next_dagrun for ml_pipeline to None, run_after=None
[2025-08-17T14:28:01.248+0000] {processor.py:183} INFO - Processing /opt/airflow/dags/ml_pipeline.py took 0.112 seconds
[2025-08-17T14:28:31.356+0000] {processor.py:161} INFO - Started process (PID=1770) to work on /opt/airflow/dags/ml_pipeline.py
[2025-08-17T14:28:31.358+0000] {processor.py:830} INFO - Processing file /opt/airflow/dags/ml_pipeline.py for tasks to queue
[2025-08-17T14:28:31.359+0000] {logging_mixin.py:188} INFO - [2025-08-17T14:28:31.359+0000] {dagbag.py:538} INFO - Filling up the DagBag from /opt/airflow/dags/ml_pipeline.py
[2025-08-17T14:28:31.385+0000] {processor.py:840} INFO - DAG(s) 'ml_pipeline' retrieved from /opt/airflow/dags/ml_pipeline.py
[2025-08-17T14:28:31.423+0000] {logging_mixin.py:188} INFO - [2025-08-17T14:28:31.423+0000] {dag.py:3036} INFO - Sync 1 DAGs
[2025-08-17T14:28:31.436+0000] {logging_mixin.py:188} INFO - [2025-08-17T14:28:31.436+0000] {dag.py:3823} INFO - Setting next_dagrun for ml_pipeline to None, run_after=None
[2025-08-17T14:28:31.463+0000] {processor.py:183} INFO - Processing /opt/airflow/dags/ml_pipeline.py took 0.113 seconds
[2025-08-17T14:29:01.653+0000] {processor.py:161} INFO - Started process (PID=1775) to work on /opt/airflow/dags/ml_pipeline.py
[2025-08-17T14:29:01.654+0000] {processor.py:830} INFO - Processing file /opt/airflow/dags/ml_pipeline.py for tasks to queue
[2025-08-17T14:29:01.656+0000] {logging_mixin.py:188} INFO - [2025-08-17T14:29:01.655+0000] {dagbag.py:538} INFO - Filling up the DagBag from /opt/airflow/dags/ml_pipeline.py
[2025-08-17T14:29:01.683+0000] {processor.py:840} INFO - DAG(s) 'ml_pipeline' retrieved from /opt/airflow/dags/ml_pipeline.py
[2025-08-17T14:29:01.728+0000] {logging_mixin.py:188} INFO - [2025-08-17T14:29:01.727+0000] {dag.py:3036} INFO - Sync 1 DAGs
[2025-08-17T14:29:01.744+0000] {logging_mixin.py:188} INFO - [2025-08-17T14:29:01.743+0000] {dag.py:3823} INFO - Setting next_dagrun for ml_pipeline to None, run_after=None
[2025-08-17T14:29:01.794+0000] {processor.py:183} INFO - Processing /opt/airflow/dags/ml_pipeline.py took 0.146 seconds
[2025-08-17T14:29:31.902+0000] {processor.py:161} INFO - Started process (PID=1780) to work on /opt/airflow/dags/ml_pipeline.py
[2025-08-17T14:29:31.904+0000] {processor.py:830} INFO - Processing file /opt/airflow/dags/ml_pipeline.py for tasks to queue
[2025-08-17T14:29:31.905+0000] {logging_mixin.py:188} INFO - [2025-08-17T14:29:31.905+0000] {dagbag.py:538} INFO - Filling up the DagBag from /opt/airflow/dags/ml_pipeline.py
[2025-08-17T14:29:31.933+0000] {processor.py:840} INFO - DAG(s) 'ml_pipeline' retrieved from /opt/airflow/dags/ml_pipeline.py
[2025-08-17T14:29:31.970+0000] {logging_mixin.py:188} INFO - [2025-08-17T14:29:31.970+0000] {dag.py:3036} INFO - Sync 1 DAGs
[2025-08-17T14:29:31.986+0000] {logging_mixin.py:188} INFO - [2025-08-17T14:29:31.985+0000] {dag.py:3823} INFO - Setting next_dagrun for ml_pipeline to None, run_after=None
[2025-08-17T14:29:32.011+0000] {processor.py:183} INFO - Processing /opt/airflow/dags/ml_pipeline.py took 0.113 seconds
[2025-08-17T14:30:02.221+0000] {processor.py:161} INFO - Started process (PID=1787) to work on /opt/airflow/dags/ml_pipeline.py
[2025-08-17T14:30:02.223+0000] {processor.py:830} INFO - Processing file /opt/airflow/dags/ml_pipeline.py for tasks to queue
[2025-08-17T14:30:02.225+0000] {logging_mixin.py:188} INFO - [2025-08-17T14:30:02.224+0000] {dagbag.py:538} INFO - Filling up the DagBag from /opt/airflow/dags/ml_pipeline.py
[2025-08-17T14:30:02.265+0000] {processor.py:840} INFO - DAG(s) 'ml_pipeline' retrieved from /opt/airflow/dags/ml_pipeline.py
[2025-08-17T14:30:02.319+0000] {logging_mixin.py:188} INFO - [2025-08-17T14:30:02.319+0000] {dag.py:3036} INFO - Sync 1 DAGs
[2025-08-17T14:30:02.340+0000] {logging_mixin.py:188} INFO - [2025-08-17T14:30:02.339+0000] {dag.py:3823} INFO - Setting next_dagrun for ml_pipeline to None, run_after=None
[2025-08-17T14:30:02.372+0000] {processor.py:183} INFO - Processing /opt/airflow/dags/ml_pipeline.py took 0.157 seconds
[2025-08-17T14:30:32.429+0000] {processor.py:161} INFO - Started process (PID=1792) to work on /opt/airflow/dags/ml_pipeline.py
[2025-08-17T14:30:32.431+0000] {processor.py:830} INFO - Processing file /opt/airflow/dags/ml_pipeline.py for tasks to queue
[2025-08-17T14:30:32.432+0000] {logging_mixin.py:188} INFO - [2025-08-17T14:30:32.431+0000] {dagbag.py:538} INFO - Filling up the DagBag from /opt/airflow/dags/ml_pipeline.py
[2025-08-17T14:30:32.455+0000] {processor.py:840} INFO - DAG(s) 'ml_pipeline' retrieved from /opt/airflow/dags/ml_pipeline.py
[2025-08-17T14:30:32.495+0000] {logging_mixin.py:188} INFO - [2025-08-17T14:30:32.495+0000] {dag.py:3036} INFO - Sync 1 DAGs
[2025-08-17T14:30:32.511+0000] {logging_mixin.py:188} INFO - [2025-08-17T14:30:32.511+0000] {dag.py:3823} INFO - Setting next_dagrun for ml_pipeline to None, run_after=None
[2025-08-17T14:30:32.541+0000] {processor.py:183} INFO - Processing /opt/airflow/dags/ml_pipeline.py took 0.116 seconds
[2025-08-17T14:31:02.627+0000] {processor.py:161} INFO - Started process (PID=1797) to work on /opt/airflow/dags/ml_pipeline.py
[2025-08-17T14:31:02.628+0000] {processor.py:830} INFO - Processing file /opt/airflow/dags/ml_pipeline.py for tasks to queue
[2025-08-17T14:31:02.630+0000] {logging_mixin.py:188} INFO - [2025-08-17T14:31:02.629+0000] {dagbag.py:538} INFO - Filling up the DagBag from /opt/airflow/dags/ml_pipeline.py
[2025-08-17T14:31:02.655+0000] {processor.py:840} INFO - DAG(s) 'ml_pipeline' retrieved from /opt/airflow/dags/ml_pipeline.py
[2025-08-17T14:31:02.690+0000] {logging_mixin.py:188} INFO - [2025-08-17T14:31:02.690+0000] {dag.py:3036} INFO - Sync 1 DAGs
[2025-08-17T14:31:02.709+0000] {logging_mixin.py:188} INFO - [2025-08-17T14:31:02.708+0000] {dag.py:3823} INFO - Setting next_dagrun for ml_pipeline to None, run_after=None
[2025-08-17T14:31:02.739+0000] {processor.py:183} INFO - Processing /opt/airflow/dags/ml_pipeline.py took 0.117 seconds
[2025-08-17T14:31:32.974+0000] {processor.py:161} INFO - Started process (PID=1802) to work on /opt/airflow/dags/ml_pipeline.py
[2025-08-17T14:31:32.976+0000] {processor.py:830} INFO - Processing file /opt/airflow/dags/ml_pipeline.py for tasks to queue
[2025-08-17T14:31:32.978+0000] {logging_mixin.py:188} INFO - [2025-08-17T14:31:32.977+0000] {dagbag.py:538} INFO - Filling up the DagBag from /opt/airflow/dags/ml_pipeline.py
[2025-08-17T14:31:33.003+0000] {processor.py:840} INFO - DAG(s) 'ml_pipeline' retrieved from /opt/airflow/dags/ml_pipeline.py
[2025-08-17T14:31:33.038+0000] {logging_mixin.py:188} INFO - [2025-08-17T14:31:33.038+0000] {dag.py:3036} INFO - Sync 1 DAGs
[2025-08-17T14:31:33.054+0000] {logging_mixin.py:188} INFO - [2025-08-17T14:31:33.053+0000] {dag.py:3823} INFO - Setting next_dagrun for ml_pipeline to None, run_after=None
[2025-08-17T14:31:33.082+0000] {processor.py:183} INFO - Processing /opt/airflow/dags/ml_pipeline.py took 0.112 seconds
[2025-08-17T14:32:03.251+0000] {processor.py:161} INFO - Started process (PID=1807) to work on /opt/airflow/dags/ml_pipeline.py
[2025-08-17T14:32:03.253+0000] {processor.py:830} INFO - Processing file /opt/airflow/dags/ml_pipeline.py for tasks to queue
[2025-08-17T14:32:03.254+0000] {logging_mixin.py:188} INFO - [2025-08-17T14:32:03.254+0000] {dagbag.py:538} INFO - Filling up the DagBag from /opt/airflow/dags/ml_pipeline.py
[2025-08-17T14:32:03.286+0000] {processor.py:840} INFO - DAG(s) 'ml_pipeline' retrieved from /opt/airflow/dags/ml_pipeline.py
[2025-08-17T14:32:03.321+0000] {logging_mixin.py:188} INFO - [2025-08-17T14:32:03.320+0000] {dag.py:3036} INFO - Sync 1 DAGs
[2025-08-17T14:32:03.336+0000] {logging_mixin.py:188} INFO - [2025-08-17T14:32:03.336+0000] {dag.py:3823} INFO - Setting next_dagrun for ml_pipeline to None, run_after=None
[2025-08-17T14:32:03.366+0000] {processor.py:183} INFO - Processing /opt/airflow/dags/ml_pipeline.py took 0.121 seconds
[2025-08-17T14:32:33.522+0000] {processor.py:161} INFO - Started process (PID=1812) to work on /opt/airflow/dags/ml_pipeline.py
[2025-08-17T14:32:33.525+0000] {processor.py:830} INFO - Processing file /opt/airflow/dags/ml_pipeline.py for tasks to queue
[2025-08-17T14:32:33.528+0000] {logging_mixin.py:188} INFO - [2025-08-17T14:32:33.527+0000] {dagbag.py:538} INFO - Filling up the DagBag from /opt/airflow/dags/ml_pipeline.py
[2025-08-17T14:32:33.580+0000] {processor.py:840} INFO - DAG(s) 'ml_pipeline' retrieved from /opt/airflow/dags/ml_pipeline.py
[2025-08-17T14:32:33.642+0000] {logging_mixin.py:188} INFO - [2025-08-17T14:32:33.642+0000] {dag.py:3036} INFO - Sync 1 DAGs
[2025-08-17T14:32:33.661+0000] {logging_mixin.py:188} INFO - [2025-08-17T14:32:33.661+0000] {dag.py:3823} INFO - Setting next_dagrun for ml_pipeline to None, run_after=None
[2025-08-17T14:32:33.697+0000] {processor.py:183} INFO - Processing /opt/airflow/dags/ml_pipeline.py took 0.181 seconds
[2025-08-17T14:33:03.789+0000] {processor.py:161} INFO - Started process (PID=1817) to work on /opt/airflow/dags/ml_pipeline.py
[2025-08-17T14:33:03.790+0000] {processor.py:830} INFO - Processing file /opt/airflow/dags/ml_pipeline.py for tasks to queue
[2025-08-17T14:33:03.792+0000] {logging_mixin.py:188} INFO - [2025-08-17T14:33:03.791+0000] {dagbag.py:538} INFO - Filling up the DagBag from /opt/airflow/dags/ml_pipeline.py
[2025-08-17T14:33:03.816+0000] {processor.py:840} INFO - DAG(s) 'ml_pipeline' retrieved from /opt/airflow/dags/ml_pipeline.py
[2025-08-17T14:33:03.851+0000] {logging_mixin.py:188} INFO - [2025-08-17T14:33:03.851+0000] {dag.py:3036} INFO - Sync 1 DAGs
[2025-08-17T14:33:03.869+0000] {logging_mixin.py:188} INFO - [2025-08-17T14:33:03.869+0000] {dag.py:3823} INFO - Setting next_dagrun for ml_pipeline to None, run_after=None
[2025-08-17T14:33:03.899+0000] {processor.py:183} INFO - Processing /opt/airflow/dags/ml_pipeline.py took 0.116 seconds
[2025-08-17T14:33:34.029+0000] {processor.py:161} INFO - Started process (PID=1822) to work on /opt/airflow/dags/ml_pipeline.py
[2025-08-17T14:33:34.031+0000] {processor.py:830} INFO - Processing file /opt/airflow/dags/ml_pipeline.py for tasks to queue
[2025-08-17T14:33:34.032+0000] {logging_mixin.py:188} INFO - [2025-08-17T14:33:34.032+0000] {dagbag.py:538} INFO - Filling up the DagBag from /opt/airflow/dags/ml_pipeline.py
[2025-08-17T14:33:34.059+0000] {processor.py:840} INFO - DAG(s) 'ml_pipeline' retrieved from /opt/airflow/dags/ml_pipeline.py
[2025-08-17T14:33:34.099+0000] {logging_mixin.py:188} INFO - [2025-08-17T14:33:34.098+0000] {dag.py:3036} INFO - Sync 1 DAGs
[2025-08-17T14:33:34.113+0000] {logging_mixin.py:188} INFO - [2025-08-17T14:33:34.113+0000] {dag.py:3823} INFO - Setting next_dagrun for ml_pipeline to None, run_after=None
[2025-08-17T14:33:34.140+0000] {processor.py:183} INFO - Processing /opt/airflow/dags/ml_pipeline.py took 0.116 seconds
[2025-08-17T14:34:04.303+0000] {processor.py:161} INFO - Started process (PID=1827) to work on /opt/airflow/dags/ml_pipeline.py
[2025-08-17T14:34:04.304+0000] {processor.py:830} INFO - Processing file /opt/airflow/dags/ml_pipeline.py for tasks to queue
[2025-08-17T14:34:04.306+0000] {logging_mixin.py:188} INFO - [2025-08-17T14:34:04.305+0000] {dagbag.py:538} INFO - Filling up the DagBag from /opt/airflow/dags/ml_pipeline.py
[2025-08-17T14:34:04.332+0000] {processor.py:840} INFO - DAG(s) 'ml_pipeline' retrieved from /opt/airflow/dags/ml_pipeline.py
[2025-08-17T14:34:04.367+0000] {logging_mixin.py:188} INFO - [2025-08-17T14:34:04.367+0000] {dag.py:3036} INFO - Sync 1 DAGs
[2025-08-17T14:34:04.390+0000] {logging_mixin.py:188} INFO - [2025-08-17T14:34:04.389+0000] {dag.py:3823} INFO - Setting next_dagrun for ml_pipeline to None, run_after=None
[2025-08-17T14:34:04.418+0000] {processor.py:183} INFO - Processing /opt/airflow/dags/ml_pipeline.py took 0.119 seconds
[2025-08-17T14:34:34.538+0000] {processor.py:161} INFO - Started process (PID=1832) to work on /opt/airflow/dags/ml_pipeline.py
[2025-08-17T14:34:34.540+0000] {processor.py:830} INFO - Processing file /opt/airflow/dags/ml_pipeline.py for tasks to queue
[2025-08-17T14:34:34.542+0000] {logging_mixin.py:188} INFO - [2025-08-17T14:34:34.541+0000] {dagbag.py:538} INFO - Filling up the DagBag from /opt/airflow/dags/ml_pipeline.py
[2025-08-17T14:34:34.575+0000] {processor.py:840} INFO - DAG(s) 'ml_pipeline' retrieved from /opt/airflow/dags/ml_pipeline.py
[2025-08-17T14:34:34.622+0000] {logging_mixin.py:188} INFO - [2025-08-17T14:34:34.622+0000] {dag.py:3036} INFO - Sync 1 DAGs
[2025-08-17T14:34:34.651+0000] {logging_mixin.py:188} INFO - [2025-08-17T14:34:34.650+0000] {dag.py:3823} INFO - Setting next_dagrun for ml_pipeline to None, run_after=None
[2025-08-17T14:34:34.720+0000] {processor.py:183} INFO - Processing /opt/airflow/dags/ml_pipeline.py took 0.188 seconds
[2025-08-17T14:35:04.870+0000] {processor.py:161} INFO - Started process (PID=1837) to work on /opt/airflow/dags/ml_pipeline.py
[2025-08-17T14:35:04.872+0000] {processor.py:830} INFO - Processing file /opt/airflow/dags/ml_pipeline.py for tasks to queue
[2025-08-17T14:35:04.873+0000] {logging_mixin.py:188} INFO - [2025-08-17T14:35:04.873+0000] {dagbag.py:538} INFO - Filling up the DagBag from /opt/airflow/dags/ml_pipeline.py
[2025-08-17T14:35:04.901+0000] {processor.py:840} INFO - DAG(s) 'ml_pipeline' retrieved from /opt/airflow/dags/ml_pipeline.py
[2025-08-17T14:35:04.947+0000] {logging_mixin.py:188} INFO - [2025-08-17T14:35:04.946+0000] {dag.py:3036} INFO - Sync 1 DAGs
[2025-08-17T14:35:04.972+0000] {logging_mixin.py:188} INFO - [2025-08-17T14:35:04.971+0000] {dag.py:3823} INFO - Setting next_dagrun for ml_pipeline to None, run_after=None
[2025-08-17T14:35:05.001+0000] {processor.py:183} INFO - Processing /opt/airflow/dags/ml_pipeline.py took 0.142 seconds
[2025-08-17T14:35:35.177+0000] {processor.py:161} INFO - Started process (PID=1842) to work on /opt/airflow/dags/ml_pipeline.py
[2025-08-17T14:35:35.179+0000] {processor.py:830} INFO - Processing file /opt/airflow/dags/ml_pipeline.py for tasks to queue
[2025-08-17T14:35:35.180+0000] {logging_mixin.py:188} INFO - [2025-08-17T14:35:35.180+0000] {dagbag.py:538} INFO - Filling up the DagBag from /opt/airflow/dags/ml_pipeline.py
[2025-08-17T14:35:35.204+0000] {processor.py:840} INFO - DAG(s) 'ml_pipeline' retrieved from /opt/airflow/dags/ml_pipeline.py
[2025-08-17T14:35:35.244+0000] {logging_mixin.py:188} INFO - [2025-08-17T14:35:35.243+0000] {dag.py:3036} INFO - Sync 1 DAGs
[2025-08-17T14:35:35.259+0000] {logging_mixin.py:188} INFO - [2025-08-17T14:35:35.259+0000] {dag.py:3823} INFO - Setting next_dagrun for ml_pipeline to None, run_after=None
[2025-08-17T14:35:35.283+0000] {processor.py:183} INFO - Processing /opt/airflow/dags/ml_pipeline.py took 0.112 seconds
[2025-08-17T14:36:05.408+0000] {processor.py:161} INFO - Started process (PID=1847) to work on /opt/airflow/dags/ml_pipeline.py
[2025-08-17T14:36:05.409+0000] {processor.py:830} INFO - Processing file /opt/airflow/dags/ml_pipeline.py for tasks to queue
[2025-08-17T14:36:05.411+0000] {logging_mixin.py:188} INFO - [2025-08-17T14:36:05.410+0000] {dagbag.py:538} INFO - Filling up the DagBag from /opt/airflow/dags/ml_pipeline.py
[2025-08-17T14:36:05.437+0000] {processor.py:840} INFO - DAG(s) 'ml_pipeline' retrieved from /opt/airflow/dags/ml_pipeline.py
[2025-08-17T14:36:05.476+0000] {logging_mixin.py:188} INFO - [2025-08-17T14:36:05.475+0000] {dag.py:3036} INFO - Sync 1 DAGs
[2025-08-17T14:36:05.491+0000] {logging_mixin.py:188} INFO - [2025-08-17T14:36:05.491+0000] {dag.py:3823} INFO - Setting next_dagrun for ml_pipeline to None, run_after=None
[2025-08-17T14:36:05.516+0000] {processor.py:183} INFO - Processing /opt/airflow/dags/ml_pipeline.py took 0.114 seconds
[2025-08-17T14:36:35.693+0000] {processor.py:161} INFO - Started process (PID=1852) to work on /opt/airflow/dags/ml_pipeline.py
[2025-08-17T14:36:35.695+0000] {processor.py:830} INFO - Processing file /opt/airflow/dags/ml_pipeline.py for tasks to queue
[2025-08-17T14:36:35.697+0000] {logging_mixin.py:188} INFO - [2025-08-17T14:36:35.696+0000] {dagbag.py:538} INFO - Filling up the DagBag from /opt/airflow/dags/ml_pipeline.py
[2025-08-17T14:36:35.723+0000] {processor.py:840} INFO - DAG(s) 'ml_pipeline' retrieved from /opt/airflow/dags/ml_pipeline.py
[2025-08-17T14:36:35.764+0000] {logging_mixin.py:188} INFO - [2025-08-17T14:36:35.764+0000] {dag.py:3036} INFO - Sync 1 DAGs
[2025-08-17T14:36:35.781+0000] {logging_mixin.py:188} INFO - [2025-08-17T14:36:35.781+0000] {dag.py:3823} INFO - Setting next_dagrun for ml_pipeline to None, run_after=None
[2025-08-17T14:36:35.811+0000] {processor.py:183} INFO - Processing /opt/airflow/dags/ml_pipeline.py took 0.122 seconds
[2025-08-17T14:37:06.022+0000] {processor.py:161} INFO - Started process (PID=1857) to work on /opt/airflow/dags/ml_pipeline.py
[2025-08-17T14:37:06.024+0000] {processor.py:830} INFO - Processing file /opt/airflow/dags/ml_pipeline.py for tasks to queue
[2025-08-17T14:37:06.026+0000] {logging_mixin.py:188} INFO - [2025-08-17T14:37:06.025+0000] {dagbag.py:538} INFO - Filling up the DagBag from /opt/airflow/dags/ml_pipeline.py
[2025-08-17T14:37:06.064+0000] {processor.py:840} INFO - DAG(s) 'ml_pipeline' retrieved from /opt/airflow/dags/ml_pipeline.py
[2025-08-17T14:37:06.122+0000] {logging_mixin.py:188} INFO - [2025-08-17T14:37:06.122+0000] {dag.py:3036} INFO - Sync 1 DAGs
[2025-08-17T14:37:06.140+0000] {logging_mixin.py:188} INFO - [2025-08-17T14:37:06.140+0000] {dag.py:3823} INFO - Setting next_dagrun for ml_pipeline to None, run_after=None
[2025-08-17T14:37:06.164+0000] {processor.py:183} INFO - Processing /opt/airflow/dags/ml_pipeline.py took 0.146 seconds
[2025-08-17T14:37:36.259+0000] {processor.py:161} INFO - Started process (PID=1862) to work on /opt/airflow/dags/ml_pipeline.py
[2025-08-17T14:37:36.261+0000] {processor.py:830} INFO - Processing file /opt/airflow/dags/ml_pipeline.py for tasks to queue
[2025-08-17T14:37:36.263+0000] {logging_mixin.py:188} INFO - [2025-08-17T14:37:36.262+0000] {dagbag.py:538} INFO - Filling up the DagBag from /opt/airflow/dags/ml_pipeline.py
[2025-08-17T14:37:36.295+0000] {processor.py:840} INFO - DAG(s) 'ml_pipeline' retrieved from /opt/airflow/dags/ml_pipeline.py
[2025-08-17T14:37:36.341+0000] {logging_mixin.py:188} INFO - [2025-08-17T14:37:36.340+0000] {dag.py:3036} INFO - Sync 1 DAGs
[2025-08-17T14:37:36.358+0000] {logging_mixin.py:188} INFO - [2025-08-17T14:37:36.358+0000] {dag.py:3823} INFO - Setting next_dagrun for ml_pipeline to None, run_after=None
[2025-08-17T14:37:36.388+0000] {processor.py:183} INFO - Processing /opt/airflow/dags/ml_pipeline.py took 0.134 seconds
[2025-08-17T14:38:06.555+0000] {processor.py:161} INFO - Started process (PID=1867) to work on /opt/airflow/dags/ml_pipeline.py
[2025-08-17T14:38:06.557+0000] {processor.py:830} INFO - Processing file /opt/airflow/dags/ml_pipeline.py for tasks to queue
[2025-08-17T14:38:06.558+0000] {logging_mixin.py:188} INFO - [2025-08-17T14:38:06.558+0000] {dagbag.py:538} INFO - Filling up the DagBag from /opt/airflow/dags/ml_pipeline.py
[2025-08-17T14:38:06.585+0000] {processor.py:840} INFO - DAG(s) 'ml_pipeline' retrieved from /opt/airflow/dags/ml_pipeline.py
[2025-08-17T14:38:06.622+0000] {logging_mixin.py:188} INFO - [2025-08-17T14:38:06.622+0000] {dag.py:3036} INFO - Sync 1 DAGs
[2025-08-17T14:38:06.637+0000] {logging_mixin.py:188} INFO - [2025-08-17T14:38:06.637+0000] {dag.py:3823} INFO - Setting next_dagrun for ml_pipeline to None, run_after=None
[2025-08-17T14:38:06.662+0000] {processor.py:183} INFO - Processing /opt/airflow/dags/ml_pipeline.py took 0.112 seconds
[2025-08-17T14:38:36.775+0000] {processor.py:161} INFO - Started process (PID=1872) to work on /opt/airflow/dags/ml_pipeline.py
[2025-08-17T14:38:36.777+0000] {processor.py:830} INFO - Processing file /opt/airflow/dags/ml_pipeline.py for tasks to queue
[2025-08-17T14:38:36.778+0000] {logging_mixin.py:188} INFO - [2025-08-17T14:38:36.778+0000] {dagbag.py:538} INFO - Filling up the DagBag from /opt/airflow/dags/ml_pipeline.py
[2025-08-17T14:38:36.804+0000] {processor.py:840} INFO - DAG(s) 'ml_pipeline' retrieved from /opt/airflow/dags/ml_pipeline.py
[2025-08-17T14:38:36.840+0000] {logging_mixin.py:188} INFO - [2025-08-17T14:38:36.840+0000] {dag.py:3036} INFO - Sync 1 DAGs
[2025-08-17T14:38:36.860+0000] {logging_mixin.py:188} INFO - [2025-08-17T14:38:36.859+0000] {dag.py:3823} INFO - Setting next_dagrun for ml_pipeline to None, run_after=None
[2025-08-17T14:38:36.895+0000] {processor.py:183} INFO - Processing /opt/airflow/dags/ml_pipeline.py took 0.124 seconds
[2025-08-17T14:39:07.085+0000] {processor.py:161} INFO - Started process (PID=1877) to work on /opt/airflow/dags/ml_pipeline.py
[2025-08-17T14:39:07.087+0000] {processor.py:830} INFO - Processing file /opt/airflow/dags/ml_pipeline.py for tasks to queue
[2025-08-17T14:39:07.088+0000] {logging_mixin.py:188} INFO - [2025-08-17T14:39:07.088+0000] {dagbag.py:538} INFO - Filling up the DagBag from /opt/airflow/dags/ml_pipeline.py
[2025-08-17T14:39:07.113+0000] {processor.py:840} INFO - DAG(s) 'ml_pipeline' retrieved from /opt/airflow/dags/ml_pipeline.py
[2025-08-17T14:39:07.146+0000] {logging_mixin.py:188} INFO - [2025-08-17T14:39:07.146+0000] {dag.py:3036} INFO - Sync 1 DAGs
[2025-08-17T14:39:07.162+0000] {logging_mixin.py:188} INFO - [2025-08-17T14:39:07.161+0000] {dag.py:3823} INFO - Setting next_dagrun for ml_pipeline to None, run_after=None
[2025-08-17T14:39:07.188+0000] {processor.py:183} INFO - Processing /opt/airflow/dags/ml_pipeline.py took 0.106 seconds
[2025-08-17T14:39:37.306+0000] {processor.py:161} INFO - Started process (PID=1882) to work on /opt/airflow/dags/ml_pipeline.py
[2025-08-17T14:39:37.308+0000] {processor.py:830} INFO - Processing file /opt/airflow/dags/ml_pipeline.py for tasks to queue
[2025-08-17T14:39:37.310+0000] {logging_mixin.py:188} INFO - [2025-08-17T14:39:37.309+0000] {dagbag.py:538} INFO - Filling up the DagBag from /opt/airflow/dags/ml_pipeline.py
[2025-08-17T14:39:37.343+0000] {processor.py:840} INFO - DAG(s) 'ml_pipeline' retrieved from /opt/airflow/dags/ml_pipeline.py
[2025-08-17T14:39:37.380+0000] {logging_mixin.py:188} INFO - [2025-08-17T14:39:37.380+0000] {dag.py:3036} INFO - Sync 1 DAGs
[2025-08-17T14:39:37.399+0000] {logging_mixin.py:188} INFO - [2025-08-17T14:39:37.399+0000] {dag.py:3823} INFO - Setting next_dagrun for ml_pipeline to None, run_after=None
[2025-08-17T14:39:37.434+0000] {processor.py:183} INFO - Processing /opt/airflow/dags/ml_pipeline.py took 0.132 seconds
[2025-08-17T14:40:07.613+0000] {processor.py:161} INFO - Started process (PID=1887) to work on /opt/airflow/dags/ml_pipeline.py
[2025-08-17T14:40:07.614+0000] {processor.py:830} INFO - Processing file /opt/airflow/dags/ml_pipeline.py for tasks to queue
[2025-08-17T14:40:07.616+0000] {logging_mixin.py:188} INFO - [2025-08-17T14:40:07.615+0000] {dagbag.py:538} INFO - Filling up the DagBag from /opt/airflow/dags/ml_pipeline.py
[2025-08-17T14:40:07.643+0000] {processor.py:840} INFO - DAG(s) 'ml_pipeline' retrieved from /opt/airflow/dags/ml_pipeline.py
[2025-08-17T14:40:07.683+0000] {logging_mixin.py:188} INFO - [2025-08-17T14:40:07.682+0000] {dag.py:3036} INFO - Sync 1 DAGs
[2025-08-17T14:40:07.697+0000] {logging_mixin.py:188} INFO - [2025-08-17T14:40:07.697+0000] {dag.py:3823} INFO - Setting next_dagrun for ml_pipeline to None, run_after=None
[2025-08-17T14:40:07.723+0000] {processor.py:183} INFO - Processing /opt/airflow/dags/ml_pipeline.py took 0.115 seconds
[2025-08-17T14:40:37.868+0000] {processor.py:161} INFO - Started process (PID=1892) to work on /opt/airflow/dags/ml_pipeline.py
[2025-08-17T14:40:37.871+0000] {processor.py:830} INFO - Processing file /opt/airflow/dags/ml_pipeline.py for tasks to queue
[2025-08-17T14:40:37.874+0000] {logging_mixin.py:188} INFO - [2025-08-17T14:40:37.873+0000] {dagbag.py:538} INFO - Filling up the DagBag from /opt/airflow/dags/ml_pipeline.py
[2025-08-17T14:40:37.905+0000] {processor.py:840} INFO - DAG(s) 'ml_pipeline' retrieved from /opt/airflow/dags/ml_pipeline.py
[2025-08-17T14:40:37.942+0000] {logging_mixin.py:188} INFO - [2025-08-17T14:40:37.942+0000] {dag.py:3036} INFO - Sync 1 DAGs
[2025-08-17T14:40:37.969+0000] {logging_mixin.py:188} INFO - [2025-08-17T14:40:37.969+0000] {dag.py:3823} INFO - Setting next_dagrun for ml_pipeline to None, run_after=None
[2025-08-17T14:40:38.000+0000] {processor.py:183} INFO - Processing /opt/airflow/dags/ml_pipeline.py took 0.139 seconds
[2025-08-17T14:41:08.166+0000] {processor.py:161} INFO - Started process (PID=1897) to work on /opt/airflow/dags/ml_pipeline.py
[2025-08-17T14:41:08.168+0000] {processor.py:830} INFO - Processing file /opt/airflow/dags/ml_pipeline.py for tasks to queue
[2025-08-17T14:41:08.171+0000] {logging_mixin.py:188} INFO - [2025-08-17T14:41:08.171+0000] {dagbag.py:538} INFO - Filling up the DagBag from /opt/airflow/dags/ml_pipeline.py
[2025-08-17T14:41:08.216+0000] {processor.py:840} INFO - DAG(s) 'ml_pipeline' retrieved from /opt/airflow/dags/ml_pipeline.py
[2025-08-17T14:41:08.282+0000] {logging_mixin.py:188} INFO - [2025-08-17T14:41:08.281+0000] {dag.py:3036} INFO - Sync 1 DAGs
[2025-08-17T14:41:08.311+0000] {logging_mixin.py:188} INFO - [2025-08-17T14:41:08.310+0000] {dag.py:3823} INFO - Setting next_dagrun for ml_pipeline to None, run_after=None
[2025-08-17T14:41:08.383+0000] {processor.py:183} INFO - Processing /opt/airflow/dags/ml_pipeline.py took 0.227 seconds
[2025-08-17T14:41:38.629+0000] {processor.py:161} INFO - Started process (PID=1902) to work on /opt/airflow/dags/ml_pipeline.py
[2025-08-17T14:41:38.631+0000] {processor.py:830} INFO - Processing file /opt/airflow/dags/ml_pipeline.py for tasks to queue
[2025-08-17T14:41:38.633+0000] {logging_mixin.py:188} INFO - [2025-08-17T14:41:38.632+0000] {dagbag.py:538} INFO - Filling up the DagBag from /opt/airflow/dags/ml_pipeline.py
[2025-08-17T14:41:38.660+0000] {processor.py:840} INFO - DAG(s) 'ml_pipeline' retrieved from /opt/airflow/dags/ml_pipeline.py
[2025-08-17T14:41:38.693+0000] {logging_mixin.py:188} INFO - [2025-08-17T14:41:38.693+0000] {dag.py:3036} INFO - Sync 1 DAGs
[2025-08-17T14:41:38.708+0000] {logging_mixin.py:188} INFO - [2025-08-17T14:41:38.708+0000] {dag.py:3823} INFO - Setting next_dagrun for ml_pipeline to None, run_after=None
[2025-08-17T14:41:38.733+0000] {processor.py:183} INFO - Processing /opt/airflow/dags/ml_pipeline.py took 0.109 seconds
[2025-08-17T14:42:08.833+0000] {processor.py:161} INFO - Started process (PID=1907) to work on /opt/airflow/dags/ml_pipeline.py
[2025-08-17T14:42:08.835+0000] {processor.py:830} INFO - Processing file /opt/airflow/dags/ml_pipeline.py for tasks to queue
[2025-08-17T14:42:08.836+0000] {logging_mixin.py:188} INFO - [2025-08-17T14:42:08.836+0000] {dagbag.py:538} INFO - Filling up the DagBag from /opt/airflow/dags/ml_pipeline.py
[2025-08-17T14:42:08.868+0000] {processor.py:840} INFO - DAG(s) 'ml_pipeline' retrieved from /opt/airflow/dags/ml_pipeline.py
[2025-08-17T14:42:08.914+0000] {logging_mixin.py:188} INFO - [2025-08-17T14:42:08.914+0000] {dag.py:3036} INFO - Sync 1 DAGs
[2025-08-17T14:42:08.936+0000] {logging_mixin.py:188} INFO - [2025-08-17T14:42:08.936+0000] {dag.py:3823} INFO - Setting next_dagrun for ml_pipeline to None, run_after=None
[2025-08-17T14:42:08.969+0000] {processor.py:183} INFO - Processing /opt/airflow/dags/ml_pipeline.py took 0.144 seconds
[2025-08-17T14:42:39.184+0000] {processor.py:161} INFO - Started process (PID=1912) to work on /opt/airflow/dags/ml_pipeline.py
[2025-08-17T14:42:39.185+0000] {processor.py:830} INFO - Processing file /opt/airflow/dags/ml_pipeline.py for tasks to queue
[2025-08-17T14:42:39.187+0000] {logging_mixin.py:188} INFO - [2025-08-17T14:42:39.186+0000] {dagbag.py:538} INFO - Filling up the DagBag from /opt/airflow/dags/ml_pipeline.py
[2025-08-17T14:42:39.212+0000] {processor.py:840} INFO - DAG(s) 'ml_pipeline' retrieved from /opt/airflow/dags/ml_pipeline.py
[2025-08-17T14:42:39.256+0000] {logging_mixin.py:188} INFO - [2025-08-17T14:42:39.256+0000] {dag.py:3036} INFO - Sync 1 DAGs
[2025-08-17T14:42:39.274+0000] {logging_mixin.py:188} INFO - [2025-08-17T14:42:39.273+0000] {dag.py:3823} INFO - Setting next_dagrun for ml_pipeline to None, run_after=None
[2025-08-17T14:42:39.300+0000] {processor.py:183} INFO - Processing /opt/airflow/dags/ml_pipeline.py took 0.120 seconds
[2025-08-17T14:43:09.441+0000] {processor.py:161} INFO - Started process (PID=1917) to work on /opt/airflow/dags/ml_pipeline.py
[2025-08-17T14:43:09.444+0000] {processor.py:830} INFO - Processing file /opt/airflow/dags/ml_pipeline.py for tasks to queue
[2025-08-17T14:43:09.446+0000] {logging_mixin.py:188} INFO - [2025-08-17T14:43:09.445+0000] {dagbag.py:538} INFO - Filling up the DagBag from /opt/airflow/dags/ml_pipeline.py
[2025-08-17T14:43:09.498+0000] {processor.py:840} INFO - DAG(s) 'ml_pipeline' retrieved from /opt/airflow/dags/ml_pipeline.py
[2025-08-17T14:43:09.542+0000] {logging_mixin.py:188} INFO - [2025-08-17T14:43:09.542+0000] {dag.py:3036} INFO - Sync 1 DAGs
[2025-08-17T14:43:09.567+0000] {logging_mixin.py:188} INFO - [2025-08-17T14:43:09.567+0000] {dag.py:3823} INFO - Setting next_dagrun for ml_pipeline to None, run_after=None
[2025-08-17T14:43:09.598+0000] {processor.py:183} INFO - Processing /opt/airflow/dags/ml_pipeline.py took 0.169 seconds
[2025-08-17T14:43:39.697+0000] {processor.py:161} INFO - Started process (PID=1922) to work on /opt/airflow/dags/ml_pipeline.py
[2025-08-17T14:43:39.698+0000] {processor.py:830} INFO - Processing file /opt/airflow/dags/ml_pipeline.py for tasks to queue
[2025-08-17T14:43:39.700+0000] {logging_mixin.py:188} INFO - [2025-08-17T14:43:39.699+0000] {dagbag.py:538} INFO - Filling up the DagBag from /opt/airflow/dags/ml_pipeline.py
[2025-08-17T14:43:39.725+0000] {processor.py:840} INFO - DAG(s) 'ml_pipeline' retrieved from /opt/airflow/dags/ml_pipeline.py
[2025-08-17T14:43:39.771+0000] {logging_mixin.py:188} INFO - [2025-08-17T14:43:39.771+0000] {dag.py:3036} INFO - Sync 1 DAGs
[2025-08-17T14:43:39.794+0000] {logging_mixin.py:188} INFO - [2025-08-17T14:43:39.794+0000] {dag.py:3823} INFO - Setting next_dagrun for ml_pipeline to None, run_after=None
[2025-08-17T14:43:39.827+0000] {processor.py:183} INFO - Processing /opt/airflow/dags/ml_pipeline.py took 0.134 seconds
[2025-08-17T14:44:09.997+0000] {processor.py:161} INFO - Started process (PID=1927) to work on /opt/airflow/dags/ml_pipeline.py
[2025-08-17T14:44:09.998+0000] {processor.py:830} INFO - Processing file /opt/airflow/dags/ml_pipeline.py for tasks to queue
[2025-08-17T14:44:10.000+0000] {logging_mixin.py:188} INFO - [2025-08-17T14:44:09.999+0000] {dagbag.py:538} INFO - Filling up the DagBag from /opt/airflow/dags/ml_pipeline.py
[2025-08-17T14:44:10.036+0000] {processor.py:840} INFO - DAG(s) 'ml_pipeline' retrieved from /opt/airflow/dags/ml_pipeline.py
[2025-08-17T14:44:10.118+0000] {logging_mixin.py:188} INFO - [2025-08-17T14:44:10.117+0000] {dag.py:3036} INFO - Sync 1 DAGs
[2025-08-17T14:44:10.163+0000] {logging_mixin.py:188} INFO - [2025-08-17T14:44:10.163+0000] {dag.py:3823} INFO - Setting next_dagrun for ml_pipeline to None, run_after=None
[2025-08-17T14:44:10.195+0000] {processor.py:183} INFO - Processing /opt/airflow/dags/ml_pipeline.py took 0.203 seconds
[2025-08-17T14:44:40.443+0000] {processor.py:161} INFO - Started process (PID=1932) to work on /opt/airflow/dags/ml_pipeline.py
[2025-08-17T14:44:40.446+0000] {processor.py:830} INFO - Processing file /opt/airflow/dags/ml_pipeline.py for tasks to queue
[2025-08-17T14:44:40.448+0000] {logging_mixin.py:188} INFO - [2025-08-17T14:44:40.447+0000] {dagbag.py:538} INFO - Filling up the DagBag from /opt/airflow/dags/ml_pipeline.py
[2025-08-17T14:44:40.481+0000] {processor.py:840} INFO - DAG(s) 'ml_pipeline' retrieved from /opt/airflow/dags/ml_pipeline.py
[2025-08-17T14:44:40.526+0000] {logging_mixin.py:188} INFO - [2025-08-17T14:44:40.526+0000] {dag.py:3036} INFO - Sync 1 DAGs
[2025-08-17T14:44:40.547+0000] {logging_mixin.py:188} INFO - [2025-08-17T14:44:40.547+0000] {dag.py:3823} INFO - Setting next_dagrun for ml_pipeline to None, run_after=None
[2025-08-17T14:44:40.592+0000] {processor.py:183} INFO - Processing /opt/airflow/dags/ml_pipeline.py took 0.155 seconds
[2025-08-17T14:45:10.804+0000] {processor.py:161} INFO - Started process (PID=1937) to work on /opt/airflow/dags/ml_pipeline.py
[2025-08-17T14:45:10.805+0000] {processor.py:830} INFO - Processing file /opt/airflow/dags/ml_pipeline.py for tasks to queue
[2025-08-17T14:45:10.807+0000] {logging_mixin.py:188} INFO - [2025-08-17T14:45:10.806+0000] {dagbag.py:538} INFO - Filling up the DagBag from /opt/airflow/dags/ml_pipeline.py
[2025-08-17T14:45:10.835+0000] {processor.py:840} INFO - DAG(s) 'ml_pipeline' retrieved from /opt/airflow/dags/ml_pipeline.py
[2025-08-17T14:45:10.870+0000] {logging_mixin.py:188} INFO - [2025-08-17T14:45:10.870+0000] {dag.py:3036} INFO - Sync 1 DAGs
[2025-08-17T14:45:10.886+0000] {logging_mixin.py:188} INFO - [2025-08-17T14:45:10.886+0000] {dag.py:3823} INFO - Setting next_dagrun for ml_pipeline to None, run_after=None
[2025-08-17T14:45:10.914+0000] {processor.py:183} INFO - Processing /opt/airflow/dags/ml_pipeline.py took 0.115 seconds
[2025-08-17T14:45:41.002+0000] {processor.py:161} INFO - Started process (PID=1942) to work on /opt/airflow/dags/ml_pipeline.py
[2025-08-17T14:45:41.004+0000] {processor.py:830} INFO - Processing file /opt/airflow/dags/ml_pipeline.py for tasks to queue
[2025-08-17T14:45:41.005+0000] {logging_mixin.py:188} INFO - [2025-08-17T14:45:41.005+0000] {dagbag.py:538} INFO - Filling up the DagBag from /opt/airflow/dags/ml_pipeline.py
[2025-08-17T14:45:41.039+0000] {processor.py:840} INFO - DAG(s) 'ml_pipeline' retrieved from /opt/airflow/dags/ml_pipeline.py
[2025-08-17T14:45:41.088+0000] {logging_mixin.py:188} INFO - [2025-08-17T14:45:41.087+0000] {dag.py:3036} INFO - Sync 1 DAGs
[2025-08-17T14:45:41.105+0000] {logging_mixin.py:188} INFO - [2025-08-17T14:45:41.105+0000] {dag.py:3823} INFO - Setting next_dagrun for ml_pipeline to None, run_after=None
[2025-08-17T14:45:41.132+0000] {processor.py:183} INFO - Processing /opt/airflow/dags/ml_pipeline.py took 0.134 seconds
[2025-08-17T14:46:11.308+0000] {processor.py:161} INFO - Started process (PID=1947) to work on /opt/airflow/dags/ml_pipeline.py
[2025-08-17T14:46:11.309+0000] {processor.py:830} INFO - Processing file /opt/airflow/dags/ml_pipeline.py for tasks to queue
[2025-08-17T14:46:11.311+0000] {logging_mixin.py:188} INFO - [2025-08-17T14:46:11.310+0000] {dagbag.py:538} INFO - Filling up the DagBag from /opt/airflow/dags/ml_pipeline.py
[2025-08-17T14:46:11.337+0000] {processor.py:840} INFO - DAG(s) 'ml_pipeline' retrieved from /opt/airflow/dags/ml_pipeline.py
[2025-08-17T14:46:11.375+0000] {logging_mixin.py:188} INFO - [2025-08-17T14:46:11.375+0000] {dag.py:3036} INFO - Sync 1 DAGs
[2025-08-17T14:46:11.391+0000] {logging_mixin.py:188} INFO - [2025-08-17T14:46:11.391+0000] {dag.py:3823} INFO - Setting next_dagrun for ml_pipeline to None, run_after=None
[2025-08-17T14:46:11.426+0000] {processor.py:183} INFO - Processing /opt/airflow/dags/ml_pipeline.py took 0.123 seconds
[2025-08-17T14:46:41.539+0000] {processor.py:161} INFO - Started process (PID=1952) to work on /opt/airflow/dags/ml_pipeline.py
[2025-08-17T14:46:41.541+0000] {processor.py:830} INFO - Processing file /opt/airflow/dags/ml_pipeline.py for tasks to queue
[2025-08-17T14:46:41.542+0000] {logging_mixin.py:188} INFO - [2025-08-17T14:46:41.542+0000] {dagbag.py:538} INFO - Filling up the DagBag from /opt/airflow/dags/ml_pipeline.py
[2025-08-17T14:46:41.571+0000] {processor.py:840} INFO - DAG(s) 'ml_pipeline' retrieved from /opt/airflow/dags/ml_pipeline.py
[2025-08-17T14:46:41.605+0000] {logging_mixin.py:188} INFO - [2025-08-17T14:46:41.605+0000] {dag.py:3036} INFO - Sync 1 DAGs
[2025-08-17T14:46:41.620+0000] {logging_mixin.py:188} INFO - [2025-08-17T14:46:41.619+0000] {dag.py:3823} INFO - Setting next_dagrun for ml_pipeline to None, run_after=None
[2025-08-17T14:46:41.649+0000] {processor.py:183} INFO - Processing /opt/airflow/dags/ml_pipeline.py took 0.115 seconds
[2025-08-17T14:47:11.892+0000] {processor.py:161} INFO - Started process (PID=1957) to work on /opt/airflow/dags/ml_pipeline.py
[2025-08-17T14:47:11.893+0000] {processor.py:830} INFO - Processing file /opt/airflow/dags/ml_pipeline.py for tasks to queue
[2025-08-17T14:47:11.894+0000] {logging_mixin.py:188} INFO - [2025-08-17T14:47:11.894+0000] {dagbag.py:538} INFO - Filling up the DagBag from /opt/airflow/dags/ml_pipeline.py
[2025-08-17T14:47:11.924+0000] {processor.py:840} INFO - DAG(s) 'ml_pipeline' retrieved from /opt/airflow/dags/ml_pipeline.py
[2025-08-17T14:47:11.956+0000] {logging_mixin.py:188} INFO - [2025-08-17T14:47:11.956+0000] {dag.py:3036} INFO - Sync 1 DAGs
[2025-08-17T14:47:11.971+0000] {logging_mixin.py:188} INFO - [2025-08-17T14:47:11.971+0000] {dag.py:3823} INFO - Setting next_dagrun for ml_pipeline to None, run_after=None
[2025-08-17T14:47:11.997+0000] {processor.py:183} INFO - Processing /opt/airflow/dags/ml_pipeline.py took 0.109 seconds
[2025-08-17T14:47:42.101+0000] {processor.py:161} INFO - Started process (PID=1962) to work on /opt/airflow/dags/ml_pipeline.py
[2025-08-17T14:47:42.103+0000] {processor.py:830} INFO - Processing file /opt/airflow/dags/ml_pipeline.py for tasks to queue
[2025-08-17T14:47:42.104+0000] {logging_mixin.py:188} INFO - [2025-08-17T14:47:42.104+0000] {dagbag.py:538} INFO - Filling up the DagBag from /opt/airflow/dags/ml_pipeline.py
[2025-08-17T14:47:42.132+0000] {processor.py:840} INFO - DAG(s) 'ml_pipeline' retrieved from /opt/airflow/dags/ml_pipeline.py
[2025-08-17T14:47:42.167+0000] {logging_mixin.py:188} INFO - [2025-08-17T14:47:42.167+0000] {dag.py:3036} INFO - Sync 1 DAGs
[2025-08-17T14:47:42.182+0000] {logging_mixin.py:188} INFO - [2025-08-17T14:47:42.181+0000] {dag.py:3823} INFO - Setting next_dagrun for ml_pipeline to None, run_after=None
[2025-08-17T14:47:42.209+0000] {processor.py:183} INFO - Processing /opt/airflow/dags/ml_pipeline.py took 0.112 seconds
[2025-08-17T14:48:12.406+0000] {processor.py:161} INFO - Started process (PID=1967) to work on /opt/airflow/dags/ml_pipeline.py
[2025-08-17T14:48:12.408+0000] {processor.py:830} INFO - Processing file /opt/airflow/dags/ml_pipeline.py for tasks to queue
[2025-08-17T14:48:12.409+0000] {logging_mixin.py:188} INFO - [2025-08-17T14:48:12.409+0000] {dagbag.py:538} INFO - Filling up the DagBag from /opt/airflow/dags/ml_pipeline.py
[2025-08-17T14:48:12.437+0000] {processor.py:840} INFO - DAG(s) 'ml_pipeline' retrieved from /opt/airflow/dags/ml_pipeline.py
[2025-08-17T14:48:12.471+0000] {logging_mixin.py:188} INFO - [2025-08-17T14:48:12.470+0000] {dag.py:3036} INFO - Sync 1 DAGs
[2025-08-17T14:48:12.487+0000] {logging_mixin.py:188} INFO - [2025-08-17T14:48:12.487+0000] {dag.py:3823} INFO - Setting next_dagrun for ml_pipeline to None, run_after=None
[2025-08-17T14:48:12.519+0000] {processor.py:183} INFO - Processing /opt/airflow/dags/ml_pipeline.py took 0.116 seconds
[2025-08-17T14:48:42.617+0000] {processor.py:161} INFO - Started process (PID=1972) to work on /opt/airflow/dags/ml_pipeline.py
[2025-08-17T14:48:42.618+0000] {processor.py:830} INFO - Processing file /opt/airflow/dags/ml_pipeline.py for tasks to queue
[2025-08-17T14:48:42.620+0000] {logging_mixin.py:188} INFO - [2025-08-17T14:48:42.619+0000] {dagbag.py:538} INFO - Filling up the DagBag from /opt/airflow/dags/ml_pipeline.py
[2025-08-17T14:48:42.647+0000] {processor.py:840} INFO - DAG(s) 'ml_pipeline' retrieved from /opt/airflow/dags/ml_pipeline.py
[2025-08-17T14:48:42.681+0000] {logging_mixin.py:188} INFO - [2025-08-17T14:48:42.680+0000] {dag.py:3036} INFO - Sync 1 DAGs
[2025-08-17T14:48:42.695+0000] {logging_mixin.py:188} INFO - [2025-08-17T14:48:42.695+0000] {dag.py:3823} INFO - Setting next_dagrun for ml_pipeline to None, run_after=None
[2025-08-17T14:48:42.724+0000] {processor.py:183} INFO - Processing /opt/airflow/dags/ml_pipeline.py took 0.112 seconds
[2025-08-17T14:49:12.915+0000] {processor.py:161} INFO - Started process (PID=1977) to work on /opt/airflow/dags/ml_pipeline.py
[2025-08-17T14:49:12.917+0000] {processor.py:830} INFO - Processing file /opt/airflow/dags/ml_pipeline.py for tasks to queue
[2025-08-17T14:49:12.918+0000] {logging_mixin.py:188} INFO - [2025-08-17T14:49:12.918+0000] {dagbag.py:538} INFO - Filling up the DagBag from /opt/airflow/dags/ml_pipeline.py
[2025-08-17T14:49:12.943+0000] {processor.py:840} INFO - DAG(s) 'ml_pipeline' retrieved from /opt/airflow/dags/ml_pipeline.py
[2025-08-17T14:49:12.975+0000] {logging_mixin.py:188} INFO - [2025-08-17T14:49:12.975+0000] {dag.py:3036} INFO - Sync 1 DAGs
[2025-08-17T14:49:12.990+0000] {logging_mixin.py:188} INFO - [2025-08-17T14:49:12.989+0000] {dag.py:3823} INFO - Setting next_dagrun for ml_pipeline to None, run_after=None
[2025-08-17T14:49:13.020+0000] {processor.py:183} INFO - Processing /opt/airflow/dags/ml_pipeline.py took 0.108 seconds
[2025-08-17T14:49:43.133+0000] {processor.py:161} INFO - Started process (PID=1982) to work on /opt/airflow/dags/ml_pipeline.py
[2025-08-17T14:49:43.135+0000] {processor.py:830} INFO - Processing file /opt/airflow/dags/ml_pipeline.py for tasks to queue
[2025-08-17T14:49:43.136+0000] {logging_mixin.py:188} INFO - [2025-08-17T14:49:43.136+0000] {dagbag.py:538} INFO - Filling up the DagBag from /opt/airflow/dags/ml_pipeline.py
[2025-08-17T14:49:43.165+0000] {processor.py:840} INFO - DAG(s) 'ml_pipeline' retrieved from /opt/airflow/dags/ml_pipeline.py
[2025-08-17T14:49:43.201+0000] {logging_mixin.py:188} INFO - [2025-08-17T14:49:43.200+0000] {dag.py:3036} INFO - Sync 1 DAGs
[2025-08-17T14:49:43.218+0000] {logging_mixin.py:188} INFO - [2025-08-17T14:49:43.218+0000] {dag.py:3823} INFO - Setting next_dagrun for ml_pipeline to None, run_after=None
[2025-08-17T14:49:43.245+0000] {processor.py:183} INFO - Processing /opt/airflow/dags/ml_pipeline.py took 0.117 seconds
[2025-08-17T14:50:13.429+0000] {processor.py:161} INFO - Started process (PID=1987) to work on /opt/airflow/dags/ml_pipeline.py
[2025-08-17T14:50:13.430+0000] {processor.py:830} INFO - Processing file /opt/airflow/dags/ml_pipeline.py for tasks to queue
[2025-08-17T14:50:13.431+0000] {logging_mixin.py:188} INFO - [2025-08-17T14:50:13.431+0000] {dagbag.py:538} INFO - Filling up the DagBag from /opt/airflow/dags/ml_pipeline.py
[2025-08-17T14:50:13.456+0000] {processor.py:840} INFO - DAG(s) 'ml_pipeline' retrieved from /opt/airflow/dags/ml_pipeline.py
[2025-08-17T14:50:13.488+0000] {logging_mixin.py:188} INFO - [2025-08-17T14:50:13.488+0000] {dag.py:3036} INFO - Sync 1 DAGs
[2025-08-17T14:50:13.503+0000] {logging_mixin.py:188} INFO - [2025-08-17T14:50:13.502+0000] {dag.py:3823} INFO - Setting next_dagrun for ml_pipeline to None, run_after=None
[2025-08-17T14:50:13.527+0000] {processor.py:183} INFO - Processing /opt/airflow/dags/ml_pipeline.py took 0.103 seconds
[2025-08-17T14:50:43.639+0000] {processor.py:161} INFO - Started process (PID=1992) to work on /opt/airflow/dags/ml_pipeline.py
[2025-08-17T14:50:43.641+0000] {processor.py:830} INFO - Processing file /opt/airflow/dags/ml_pipeline.py for tasks to queue
[2025-08-17T14:50:43.643+0000] {logging_mixin.py:188} INFO - [2025-08-17T14:50:43.642+0000] {dagbag.py:538} INFO - Filling up the DagBag from /opt/airflow/dags/ml_pipeline.py
[2025-08-17T14:50:43.670+0000] {processor.py:840} INFO - DAG(s) 'ml_pipeline' retrieved from /opt/airflow/dags/ml_pipeline.py
[2025-08-17T14:50:43.704+0000] {logging_mixin.py:188} INFO - [2025-08-17T14:50:43.704+0000] {dag.py:3036} INFO - Sync 1 DAGs
[2025-08-17T14:50:43.718+0000] {logging_mixin.py:188} INFO - [2025-08-17T14:50:43.718+0000] {dag.py:3823} INFO - Setting next_dagrun for ml_pipeline to None, run_after=None
[2025-08-17T14:50:43.744+0000] {processor.py:183} INFO - Processing /opt/airflow/dags/ml_pipeline.py took 0.110 seconds
[2025-08-17T14:51:13.931+0000] {processor.py:161} INFO - Started process (PID=1997) to work on /opt/airflow/dags/ml_pipeline.py
[2025-08-17T14:51:13.933+0000] {processor.py:830} INFO - Processing file /opt/airflow/dags/ml_pipeline.py for tasks to queue
[2025-08-17T14:51:13.934+0000] {logging_mixin.py:188} INFO - [2025-08-17T14:51:13.934+0000] {dagbag.py:538} INFO - Filling up the DagBag from /opt/airflow/dags/ml_pipeline.py
[2025-08-17T14:51:13.959+0000] {processor.py:840} INFO - DAG(s) 'ml_pipeline' retrieved from /opt/airflow/dags/ml_pipeline.py
[2025-08-17T14:51:13.992+0000] {logging_mixin.py:188} INFO - [2025-08-17T14:51:13.992+0000] {dag.py:3036} INFO - Sync 1 DAGs
[2025-08-17T14:51:14.008+0000] {logging_mixin.py:188} INFO - [2025-08-17T14:51:14.008+0000] {dag.py:3823} INFO - Setting next_dagrun for ml_pipeline to None, run_after=None
[2025-08-17T14:51:14.034+0000] {processor.py:183} INFO - Processing /opt/airflow/dags/ml_pipeline.py took 0.107 seconds
[2025-08-17T14:51:44.137+0000] {processor.py:161} INFO - Started process (PID=2002) to work on /opt/airflow/dags/ml_pipeline.py
[2025-08-17T14:51:44.138+0000] {processor.py:830} INFO - Processing file /opt/airflow/dags/ml_pipeline.py for tasks to queue
[2025-08-17T14:51:44.140+0000] {logging_mixin.py:188} INFO - [2025-08-17T14:51:44.139+0000] {dagbag.py:538} INFO - Filling up the DagBag from /opt/airflow/dags/ml_pipeline.py
[2025-08-17T14:51:44.167+0000] {processor.py:840} INFO - DAG(s) 'ml_pipeline' retrieved from /opt/airflow/dags/ml_pipeline.py
[2025-08-17T14:51:44.205+0000] {logging_mixin.py:188} INFO - [2025-08-17T14:51:44.205+0000] {dag.py:3036} INFO - Sync 1 DAGs
[2025-08-17T14:51:44.221+0000] {logging_mixin.py:188} INFO - [2025-08-17T14:51:44.220+0000] {dag.py:3823} INFO - Setting next_dagrun for ml_pipeline to None, run_after=None
[2025-08-17T14:51:44.245+0000] {processor.py:183} INFO - Processing /opt/airflow/dags/ml_pipeline.py took 0.112 seconds
[2025-08-17T14:52:14.471+0000] {processor.py:161} INFO - Started process (PID=2007) to work on /opt/airflow/dags/ml_pipeline.py
[2025-08-17T14:52:14.473+0000] {processor.py:830} INFO - Processing file /opt/airflow/dags/ml_pipeline.py for tasks to queue
[2025-08-17T14:52:14.475+0000] {logging_mixin.py:188} INFO - [2025-08-17T14:52:14.474+0000] {dagbag.py:538} INFO - Filling up the DagBag from /opt/airflow/dags/ml_pipeline.py
[2025-08-17T14:52:14.500+0000] {processor.py:840} INFO - DAG(s) 'ml_pipeline' retrieved from /opt/airflow/dags/ml_pipeline.py
[2025-08-17T14:52:14.534+0000] {logging_mixin.py:188} INFO - [2025-08-17T14:52:14.534+0000] {dag.py:3036} INFO - Sync 1 DAGs
[2025-08-17T14:52:14.550+0000] {logging_mixin.py:188} INFO - [2025-08-17T14:52:14.549+0000] {dag.py:3823} INFO - Setting next_dagrun for ml_pipeline to None, run_after=None
[2025-08-17T14:52:14.570+0000] {processor.py:183} INFO - Processing /opt/airflow/dags/ml_pipeline.py took 0.104 seconds
[2025-08-17T14:52:44.689+0000] {processor.py:161} INFO - Started process (PID=2012) to work on /opt/airflow/dags/ml_pipeline.py
[2025-08-17T14:52:44.690+0000] {processor.py:830} INFO - Processing file /opt/airflow/dags/ml_pipeline.py for tasks to queue
[2025-08-17T14:52:44.691+0000] {logging_mixin.py:188} INFO - [2025-08-17T14:52:44.691+0000] {dagbag.py:538} INFO - Filling up the DagBag from /opt/airflow/dags/ml_pipeline.py
[2025-08-17T14:52:44.720+0000] {processor.py:840} INFO - DAG(s) 'ml_pipeline' retrieved from /opt/airflow/dags/ml_pipeline.py
[2025-08-17T14:52:44.754+0000] {logging_mixin.py:188} INFO - [2025-08-17T14:52:44.754+0000] {dag.py:3036} INFO - Sync 1 DAGs
[2025-08-17T14:52:44.769+0000] {logging_mixin.py:188} INFO - [2025-08-17T14:52:44.769+0000] {dag.py:3823} INFO - Setting next_dagrun for ml_pipeline to None, run_after=None
[2025-08-17T14:52:44.797+0000] {processor.py:183} INFO - Processing /opt/airflow/dags/ml_pipeline.py took 0.113 seconds
[2025-08-17T14:53:14.977+0000] {processor.py:161} INFO - Started process (PID=2017) to work on /opt/airflow/dags/ml_pipeline.py
[2025-08-17T14:53:14.978+0000] {processor.py:830} INFO - Processing file /opt/airflow/dags/ml_pipeline.py for tasks to queue
[2025-08-17T14:53:14.980+0000] {logging_mixin.py:188} INFO - [2025-08-17T14:53:14.979+0000] {dagbag.py:538} INFO - Filling up the DagBag from /opt/airflow/dags/ml_pipeline.py
[2025-08-17T14:53:15.006+0000] {processor.py:840} INFO - DAG(s) 'ml_pipeline' retrieved from /opt/airflow/dags/ml_pipeline.py
[2025-08-17T14:53:15.038+0000] {logging_mixin.py:188} INFO - [2025-08-17T14:53:15.038+0000] {dag.py:3036} INFO - Sync 1 DAGs
[2025-08-17T14:53:15.053+0000] {logging_mixin.py:188} INFO - [2025-08-17T14:53:15.053+0000] {dag.py:3823} INFO - Setting next_dagrun for ml_pipeline to None, run_after=None
[2025-08-17T14:53:15.076+0000] {processor.py:183} INFO - Processing /opt/airflow/dags/ml_pipeline.py took 0.103 seconds
[2025-08-17T14:53:45.199+0000] {processor.py:161} INFO - Started process (PID=2022) to work on /opt/airflow/dags/ml_pipeline.py
[2025-08-17T14:53:45.201+0000] {processor.py:830} INFO - Processing file /opt/airflow/dags/ml_pipeline.py for tasks to queue
[2025-08-17T14:53:45.203+0000] {logging_mixin.py:188} INFO - [2025-08-17T14:53:45.202+0000] {dagbag.py:538} INFO - Filling up the DagBag from /opt/airflow/dags/ml_pipeline.py
[2025-08-17T14:53:45.232+0000] {processor.py:840} INFO - DAG(s) 'ml_pipeline' retrieved from /opt/airflow/dags/ml_pipeline.py
[2025-08-17T14:53:45.267+0000] {logging_mixin.py:188} INFO - [2025-08-17T14:53:45.266+0000] {dag.py:3036} INFO - Sync 1 DAGs
[2025-08-17T14:53:45.282+0000] {logging_mixin.py:188} INFO - [2025-08-17T14:53:45.282+0000] {dag.py:3823} INFO - Setting next_dagrun for ml_pipeline to None, run_after=None
[2025-08-17T14:53:45.309+0000] {processor.py:183} INFO - Processing /opt/airflow/dags/ml_pipeline.py took 0.114 seconds
[2025-08-17T14:54:15.467+0000] {processor.py:161} INFO - Started process (PID=2027) to work on /opt/airflow/dags/ml_pipeline.py
[2025-08-17T14:54:15.469+0000] {processor.py:830} INFO - Processing file /opt/airflow/dags/ml_pipeline.py for tasks to queue
[2025-08-17T14:54:15.470+0000] {logging_mixin.py:188} INFO - [2025-08-17T14:54:15.469+0000] {dagbag.py:538} INFO - Filling up the DagBag from /opt/airflow/dags/ml_pipeline.py
[2025-08-17T14:54:15.494+0000] {processor.py:840} INFO - DAG(s) 'ml_pipeline' retrieved from /opt/airflow/dags/ml_pipeline.py
[2025-08-17T14:54:15.527+0000] {logging_mixin.py:188} INFO - [2025-08-17T14:54:15.526+0000] {dag.py:3036} INFO - Sync 1 DAGs
[2025-08-17T14:54:15.541+0000] {logging_mixin.py:188} INFO - [2025-08-17T14:54:15.541+0000] {dag.py:3823} INFO - Setting next_dagrun for ml_pipeline to None, run_after=None
[2025-08-17T14:54:15.565+0000] {processor.py:183} INFO - Processing /opt/airflow/dags/ml_pipeline.py took 0.103 seconds
[2025-08-17T14:54:45.694+0000] {processor.py:161} INFO - Started process (PID=2032) to work on /opt/airflow/dags/ml_pipeline.py
[2025-08-17T14:54:45.695+0000] {processor.py:830} INFO - Processing file /opt/airflow/dags/ml_pipeline.py for tasks to queue
[2025-08-17T14:54:45.697+0000] {logging_mixin.py:188} INFO - [2025-08-17T14:54:45.696+0000] {dagbag.py:538} INFO - Filling up the DagBag from /opt/airflow/dags/ml_pipeline.py
[2025-08-17T14:54:45.722+0000] {processor.py:840} INFO - DAG(s) 'ml_pipeline' retrieved from /opt/airflow/dags/ml_pipeline.py
[2025-08-17T14:54:45.756+0000] {logging_mixin.py:188} INFO - [2025-08-17T14:54:45.756+0000] {dag.py:3036} INFO - Sync 1 DAGs
[2025-08-17T14:54:45.783+0000] {logging_mixin.py:188} INFO - [2025-08-17T14:54:45.782+0000] {dag.py:3823} INFO - Setting next_dagrun for ml_pipeline to None, run_after=None
[2025-08-17T14:54:45.817+0000] {processor.py:183} INFO - Processing /opt/airflow/dags/ml_pipeline.py took 0.128 seconds
[2025-08-17T14:55:15.967+0000] {processor.py:161} INFO - Started process (PID=2037) to work on /opt/airflow/dags/ml_pipeline.py
[2025-08-17T14:55:15.969+0000] {processor.py:830} INFO - Processing file /opt/airflow/dags/ml_pipeline.py for tasks to queue
[2025-08-17T14:55:15.970+0000] {logging_mixin.py:188} INFO - [2025-08-17T14:55:15.970+0000] {dagbag.py:538} INFO - Filling up the DagBag from /opt/airflow/dags/ml_pipeline.py
[2025-08-17T14:55:16.001+0000] {processor.py:840} INFO - DAG(s) 'ml_pipeline' retrieved from /opt/airflow/dags/ml_pipeline.py
[2025-08-17T14:55:16.089+0000] {logging_mixin.py:188} INFO - [2025-08-17T14:55:16.088+0000] {dag.py:3036} INFO - Sync 1 DAGs
[2025-08-17T14:55:16.120+0000] {logging_mixin.py:188} INFO - [2025-08-17T14:55:16.119+0000] {dag.py:3823} INFO - Setting next_dagrun for ml_pipeline to None, run_after=None
[2025-08-17T14:55:16.148+0000] {processor.py:183} INFO - Processing /opt/airflow/dags/ml_pipeline.py took 0.185 seconds
[2025-08-17T14:55:46.208+0000] {processor.py:161} INFO - Started process (PID=2042) to work on /opt/airflow/dags/ml_pipeline.py
[2025-08-17T14:55:46.210+0000] {processor.py:830} INFO - Processing file /opt/airflow/dags/ml_pipeline.py for tasks to queue
[2025-08-17T14:55:46.211+0000] {logging_mixin.py:188} INFO - [2025-08-17T14:55:46.211+0000] {dagbag.py:538} INFO - Filling up the DagBag from /opt/airflow/dags/ml_pipeline.py
[2025-08-17T14:55:46.237+0000] {processor.py:840} INFO - DAG(s) 'ml_pipeline' retrieved from /opt/airflow/dags/ml_pipeline.py
[2025-08-17T14:55:46.276+0000] {logging_mixin.py:188} INFO - [2025-08-17T14:55:46.276+0000] {dag.py:3036} INFO - Sync 1 DAGs
[2025-08-17T14:55:46.295+0000] {logging_mixin.py:188} INFO - [2025-08-17T14:55:46.294+0000] {dag.py:3823} INFO - Setting next_dagrun for ml_pipeline to None, run_after=None
[2025-08-17T14:55:46.329+0000] {processor.py:183} INFO - Processing /opt/airflow/dags/ml_pipeline.py took 0.126 seconds
[2025-08-17T14:56:16.552+0000] {processor.py:161} INFO - Started process (PID=2047) to work on /opt/airflow/dags/ml_pipeline.py
[2025-08-17T14:56:16.554+0000] {processor.py:830} INFO - Processing file /opt/airflow/dags/ml_pipeline.py for tasks to queue
[2025-08-17T14:56:16.555+0000] {logging_mixin.py:188} INFO - [2025-08-17T14:56:16.555+0000] {dagbag.py:538} INFO - Filling up the DagBag from /opt/airflow/dags/ml_pipeline.py
[2025-08-17T14:56:16.583+0000] {processor.py:840} INFO - DAG(s) 'ml_pipeline' retrieved from /opt/airflow/dags/ml_pipeline.py
[2025-08-17T14:56:16.616+0000] {logging_mixin.py:188} INFO - [2025-08-17T14:56:16.616+0000] {dag.py:3036} INFO - Sync 1 DAGs
[2025-08-17T14:56:16.630+0000] {logging_mixin.py:188} INFO - [2025-08-17T14:56:16.630+0000] {dag.py:3823} INFO - Setting next_dagrun for ml_pipeline to None, run_after=None
[2025-08-17T14:56:16.660+0000] {processor.py:183} INFO - Processing /opt/airflow/dags/ml_pipeline.py took 0.111 seconds
[2025-08-17T14:56:46.760+0000] {processor.py:161} INFO - Started process (PID=2052) to work on /opt/airflow/dags/ml_pipeline.py
[2025-08-17T14:56:46.761+0000] {processor.py:830} INFO - Processing file /opt/airflow/dags/ml_pipeline.py for tasks to queue
[2025-08-17T14:56:46.763+0000] {logging_mixin.py:188} INFO - [2025-08-17T14:56:46.762+0000] {dagbag.py:538} INFO - Filling up the DagBag from /opt/airflow/dags/ml_pipeline.py
[2025-08-17T14:56:46.791+0000] {processor.py:840} INFO - DAG(s) 'ml_pipeline' retrieved from /opt/airflow/dags/ml_pipeline.py
[2025-08-17T14:56:46.831+0000] {logging_mixin.py:188} INFO - [2025-08-17T14:56:46.831+0000] {dag.py:3036} INFO - Sync 1 DAGs
[2025-08-17T14:56:46.850+0000] {logging_mixin.py:188} INFO - [2025-08-17T14:56:46.850+0000] {dag.py:3823} INFO - Setting next_dagrun for ml_pipeline to None, run_after=None
[2025-08-17T14:56:46.883+0000] {processor.py:183} INFO - Processing /opt/airflow/dags/ml_pipeline.py took 0.128 seconds
[2025-08-17T14:57:17.135+0000] {processor.py:161} INFO - Started process (PID=2057) to work on /opt/airflow/dags/ml_pipeline.py
[2025-08-17T14:57:17.137+0000] {processor.py:830} INFO - Processing file /opt/airflow/dags/ml_pipeline.py for tasks to queue
[2025-08-17T14:57:17.139+0000] {logging_mixin.py:188} INFO - [2025-08-17T14:57:17.138+0000] {dagbag.py:538} INFO - Filling up the DagBag from /opt/airflow/dags/ml_pipeline.py
[2025-08-17T14:57:17.166+0000] {processor.py:840} INFO - DAG(s) 'ml_pipeline' retrieved from /opt/airflow/dags/ml_pipeline.py
[2025-08-17T14:57:17.201+0000] {logging_mixin.py:188} INFO - [2025-08-17T14:57:17.201+0000] {dag.py:3036} INFO - Sync 1 DAGs
[2025-08-17T14:57:17.219+0000] {logging_mixin.py:188} INFO - [2025-08-17T14:57:17.218+0000] {dag.py:3823} INFO - Setting next_dagrun for ml_pipeline to None, run_after=None
[2025-08-17T14:57:17.247+0000] {processor.py:183} INFO - Processing /opt/airflow/dags/ml_pipeline.py took 0.116 seconds
[2025-08-17T14:57:47.350+0000] {processor.py:161} INFO - Started process (PID=2062) to work on /opt/airflow/dags/ml_pipeline.py
[2025-08-17T14:57:47.352+0000] {processor.py:830} INFO - Processing file /opt/airflow/dags/ml_pipeline.py for tasks to queue
[2025-08-17T14:57:47.354+0000] {logging_mixin.py:188} INFO - [2025-08-17T14:57:47.353+0000] {dagbag.py:538} INFO - Filling up the DagBag from /opt/airflow/dags/ml_pipeline.py
[2025-08-17T14:57:47.385+0000] {processor.py:840} INFO - DAG(s) 'ml_pipeline' retrieved from /opt/airflow/dags/ml_pipeline.py
[2025-08-17T14:57:47.422+0000] {logging_mixin.py:188} INFO - [2025-08-17T14:57:47.422+0000] {dag.py:3036} INFO - Sync 1 DAGs
[2025-08-17T14:57:47.437+0000] {logging_mixin.py:188} INFO - [2025-08-17T14:57:47.437+0000] {dag.py:3823} INFO - Setting next_dagrun for ml_pipeline to None, run_after=None
[2025-08-17T14:57:47.463+0000] {processor.py:183} INFO - Processing /opt/airflow/dags/ml_pipeline.py took 0.118 seconds
[2025-08-17T14:58:17.663+0000] {processor.py:161} INFO - Started process (PID=2067) to work on /opt/airflow/dags/ml_pipeline.py
[2025-08-17T14:58:17.665+0000] {processor.py:830} INFO - Processing file /opt/airflow/dags/ml_pipeline.py for tasks to queue
[2025-08-17T14:58:17.666+0000] {logging_mixin.py:188} INFO - [2025-08-17T14:58:17.666+0000] {dagbag.py:538} INFO - Filling up the DagBag from /opt/airflow/dags/ml_pipeline.py
[2025-08-17T14:58:17.696+0000] {processor.py:840} INFO - DAG(s) 'ml_pipeline' retrieved from /opt/airflow/dags/ml_pipeline.py
[2025-08-17T14:58:17.727+0000] {logging_mixin.py:188} INFO - [2025-08-17T14:58:17.727+0000] {dag.py:3036} INFO - Sync 1 DAGs
[2025-08-17T14:58:17.741+0000] {logging_mixin.py:188} INFO - [2025-08-17T14:58:17.741+0000] {dag.py:3823} INFO - Setting next_dagrun for ml_pipeline to None, run_after=None
[2025-08-17T14:58:17.772+0000] {processor.py:183} INFO - Processing /opt/airflow/dags/ml_pipeline.py took 0.115 seconds
[2025-08-17T14:58:47.913+0000] {processor.py:161} INFO - Started process (PID=2072) to work on /opt/airflow/dags/ml_pipeline.py
[2025-08-17T14:58:47.915+0000] {processor.py:830} INFO - Processing file /opt/airflow/dags/ml_pipeline.py for tasks to queue
[2025-08-17T14:58:47.916+0000] {logging_mixin.py:188} INFO - [2025-08-17T14:58:47.916+0000] {dagbag.py:538} INFO - Filling up the DagBag from /opt/airflow/dags/ml_pipeline.py
[2025-08-17T14:58:47.946+0000] {processor.py:840} INFO - DAG(s) 'ml_pipeline' retrieved from /opt/airflow/dags/ml_pipeline.py
[2025-08-17T14:58:47.980+0000] {logging_mixin.py:188} INFO - [2025-08-17T14:58:47.979+0000] {dag.py:3036} INFO - Sync 1 DAGs
[2025-08-17T14:58:47.994+0000] {logging_mixin.py:188} INFO - [2025-08-17T14:58:47.994+0000] {dag.py:3823} INFO - Setting next_dagrun for ml_pipeline to None, run_after=None
[2025-08-17T14:58:48.024+0000] {processor.py:183} INFO - Processing /opt/airflow/dags/ml_pipeline.py took 0.116 seconds
[2025-08-17T14:59:18.190+0000] {processor.py:161} INFO - Started process (PID=2077) to work on /opt/airflow/dags/ml_pipeline.py
[2025-08-17T14:59:18.191+0000] {processor.py:830} INFO - Processing file /opt/airflow/dags/ml_pipeline.py for tasks to queue
[2025-08-17T14:59:18.192+0000] {logging_mixin.py:188} INFO - [2025-08-17T14:59:18.192+0000] {dagbag.py:538} INFO - Filling up the DagBag from /opt/airflow/dags/ml_pipeline.py
[2025-08-17T14:59:18.222+0000] {processor.py:840} INFO - DAG(s) 'ml_pipeline' retrieved from /opt/airflow/dags/ml_pipeline.py
[2025-08-17T14:59:18.256+0000] {logging_mixin.py:188} INFO - [2025-08-17T14:59:18.256+0000] {dag.py:3036} INFO - Sync 1 DAGs
[2025-08-17T14:59:18.272+0000] {logging_mixin.py:188} INFO - [2025-08-17T14:59:18.272+0000] {dag.py:3823} INFO - Setting next_dagrun for ml_pipeline to None, run_after=None
[2025-08-17T14:59:18.302+0000] {processor.py:183} INFO - Processing /opt/airflow/dags/ml_pipeline.py took 0.117 seconds
[2025-08-17T14:59:48.441+0000] {processor.py:161} INFO - Started process (PID=2082) to work on /opt/airflow/dags/ml_pipeline.py
[2025-08-17T14:59:48.443+0000] {processor.py:830} INFO - Processing file /opt/airflow/dags/ml_pipeline.py for tasks to queue
[2025-08-17T14:59:48.444+0000] {logging_mixin.py:188} INFO - [2025-08-17T14:59:48.444+0000] {dagbag.py:538} INFO - Filling up the DagBag from /opt/airflow/dags/ml_pipeline.py
[2025-08-17T14:59:48.477+0000] {processor.py:840} INFO - DAG(s) 'ml_pipeline' retrieved from /opt/airflow/dags/ml_pipeline.py
[2025-08-17T14:59:48.511+0000] {logging_mixin.py:188} INFO - [2025-08-17T14:59:48.511+0000] {dag.py:3036} INFO - Sync 1 DAGs
[2025-08-17T14:59:48.526+0000] {logging_mixin.py:188} INFO - [2025-08-17T14:59:48.525+0000] {dag.py:3823} INFO - Setting next_dagrun for ml_pipeline to None, run_after=None
[2025-08-17T14:59:48.551+0000] {processor.py:183} INFO - Processing /opt/airflow/dags/ml_pipeline.py took 0.114 seconds
[2025-08-17T15:00:18.697+0000] {processor.py:161} INFO - Started process (PID=2087) to work on /opt/airflow/dags/ml_pipeline.py
[2025-08-17T15:00:18.699+0000] {processor.py:830} INFO - Processing file /opt/airflow/dags/ml_pipeline.py for tasks to queue
[2025-08-17T15:00:18.700+0000] {logging_mixin.py:188} INFO - [2025-08-17T15:00:18.700+0000] {dagbag.py:538} INFO - Filling up the DagBag from /opt/airflow/dags/ml_pipeline.py
[2025-08-17T15:00:18.728+0000] {processor.py:840} INFO - DAG(s) 'ml_pipeline' retrieved from /opt/airflow/dags/ml_pipeline.py
[2025-08-17T15:00:18.762+0000] {logging_mixin.py:188} INFO - [2025-08-17T15:00:18.762+0000] {dag.py:3036} INFO - Sync 1 DAGs
[2025-08-17T15:00:18.777+0000] {logging_mixin.py:188} INFO - [2025-08-17T15:00:18.776+0000] {dag.py:3823} INFO - Setting next_dagrun for ml_pipeline to None, run_after=None
[2025-08-17T15:00:18.803+0000] {processor.py:183} INFO - Processing /opt/airflow/dags/ml_pipeline.py took 0.110 seconds
[2025-08-17T15:00:49.019+0000] {processor.py:161} INFO - Started process (PID=2092) to work on /opt/airflow/dags/ml_pipeline.py
[2025-08-17T15:00:49.022+0000] {processor.py:830} INFO - Processing file /opt/airflow/dags/ml_pipeline.py for tasks to queue
[2025-08-17T15:00:49.025+0000] {logging_mixin.py:188} INFO - [2025-08-17T15:00:49.025+0000] {dagbag.py:538} INFO - Filling up the DagBag from /opt/airflow/dags/ml_pipeline.py
[2025-08-17T15:00:49.077+0000] {processor.py:840} INFO - DAG(s) 'ml_pipeline' retrieved from /opt/airflow/dags/ml_pipeline.py
[2025-08-17T15:00:49.153+0000] {logging_mixin.py:188} INFO - [2025-08-17T15:00:49.152+0000] {dag.py:3036} INFO - Sync 1 DAGs
[2025-08-17T15:00:49.183+0000] {logging_mixin.py:188} INFO - [2025-08-17T15:00:49.182+0000] {dag.py:3823} INFO - Setting next_dagrun for ml_pipeline to None, run_after=None
[2025-08-17T15:00:49.226+0000] {processor.py:183} INFO - Processing /opt/airflow/dags/ml_pipeline.py took 0.217 seconds
[2025-08-17T15:01:19.449+0000] {processor.py:161} INFO - Started process (PID=2097) to work on /opt/airflow/dags/ml_pipeline.py
[2025-08-17T15:01:19.451+0000] {processor.py:830} INFO - Processing file /opt/airflow/dags/ml_pipeline.py for tasks to queue
[2025-08-17T15:01:19.453+0000] {logging_mixin.py:188} INFO - [2025-08-17T15:01:19.452+0000] {dagbag.py:538} INFO - Filling up the DagBag from /opt/airflow/dags/ml_pipeline.py
[2025-08-17T15:01:19.484+0000] {processor.py:840} INFO - DAG(s) 'ml_pipeline' retrieved from /opt/airflow/dags/ml_pipeline.py
[2025-08-17T15:01:19.522+0000] {logging_mixin.py:188} INFO - [2025-08-17T15:01:19.521+0000] {dag.py:3036} INFO - Sync 1 DAGs
[2025-08-17T15:01:19.537+0000] {logging_mixin.py:188} INFO - [2025-08-17T15:01:19.537+0000] {dag.py:3823} INFO - Setting next_dagrun for ml_pipeline to None, run_after=None
[2025-08-17T15:01:19.569+0000] {processor.py:183} INFO - Processing /opt/airflow/dags/ml_pipeline.py took 0.124 seconds
[2025-08-17T15:01:49.645+0000] {processor.py:161} INFO - Started process (PID=2102) to work on /opt/airflow/dags/ml_pipeline.py
[2025-08-17T15:01:49.647+0000] {processor.py:830} INFO - Processing file /opt/airflow/dags/ml_pipeline.py for tasks to queue
[2025-08-17T15:01:49.648+0000] {logging_mixin.py:188} INFO - [2025-08-17T15:01:49.648+0000] {dagbag.py:538} INFO - Filling up the DagBag from /opt/airflow/dags/ml_pipeline.py
[2025-08-17T15:01:49.673+0000] {processor.py:840} INFO - DAG(s) 'ml_pipeline' retrieved from /opt/airflow/dags/ml_pipeline.py
[2025-08-17T15:01:49.707+0000] {logging_mixin.py:188} INFO - [2025-08-17T15:01:49.707+0000] {dag.py:3036} INFO - Sync 1 DAGs
[2025-08-17T15:01:49.722+0000] {logging_mixin.py:188} INFO - [2025-08-17T15:01:49.721+0000] {dag.py:3823} INFO - Setting next_dagrun for ml_pipeline to None, run_after=None
[2025-08-17T15:01:49.746+0000] {processor.py:183} INFO - Processing /opt/airflow/dags/ml_pipeline.py took 0.105 seconds
[2025-08-17T15:02:20.030+0000] {processor.py:161} INFO - Started process (PID=2107) to work on /opt/airflow/dags/ml_pipeline.py
[2025-08-17T15:02:20.032+0000] {processor.py:830} INFO - Processing file /opt/airflow/dags/ml_pipeline.py for tasks to queue
[2025-08-17T15:02:20.033+0000] {logging_mixin.py:188} INFO - [2025-08-17T15:02:20.033+0000] {dagbag.py:538} INFO - Filling up the DagBag from /opt/airflow/dags/ml_pipeline.py
[2025-08-17T15:02:20.061+0000] {processor.py:840} INFO - DAG(s) 'ml_pipeline' retrieved from /opt/airflow/dags/ml_pipeline.py
[2025-08-17T15:02:20.094+0000] {logging_mixin.py:188} INFO - [2025-08-17T15:02:20.094+0000] {dag.py:3036} INFO - Sync 1 DAGs
[2025-08-17T15:02:20.108+0000] {logging_mixin.py:188} INFO - [2025-08-17T15:02:20.108+0000] {dag.py:3823} INFO - Setting next_dagrun for ml_pipeline to None, run_after=None
[2025-08-17T15:02:20.135+0000] {processor.py:183} INFO - Processing /opt/airflow/dags/ml_pipeline.py took 0.108 seconds
[2025-08-17T15:02:50.246+0000] {processor.py:161} INFO - Started process (PID=2112) to work on /opt/airflow/dags/ml_pipeline.py
[2025-08-17T15:02:50.248+0000] {processor.py:830} INFO - Processing file /opt/airflow/dags/ml_pipeline.py for tasks to queue
[2025-08-17T15:02:50.249+0000] {logging_mixin.py:188} INFO - [2025-08-17T15:02:50.249+0000] {dagbag.py:538} INFO - Filling up the DagBag from /opt/airflow/dags/ml_pipeline.py
[2025-08-17T15:02:50.278+0000] {processor.py:840} INFO - DAG(s) 'ml_pipeline' retrieved from /opt/airflow/dags/ml_pipeline.py
[2025-08-17T15:02:50.313+0000] {logging_mixin.py:188} INFO - [2025-08-17T15:02:50.312+0000] {dag.py:3036} INFO - Sync 1 DAGs
[2025-08-17T15:02:50.327+0000] {logging_mixin.py:188} INFO - [2025-08-17T15:02:50.326+0000] {dag.py:3823} INFO - Setting next_dagrun for ml_pipeline to None, run_after=None
[2025-08-17T15:02:50.358+0000] {processor.py:183} INFO - Processing /opt/airflow/dags/ml_pipeline.py took 0.116 seconds
[2025-08-17T15:03:20.541+0000] {processor.py:161} INFO - Started process (PID=2117) to work on /opt/airflow/dags/ml_pipeline.py
[2025-08-17T15:03:20.542+0000] {processor.py:830} INFO - Processing file /opt/airflow/dags/ml_pipeline.py for tasks to queue
[2025-08-17T15:03:20.543+0000] {logging_mixin.py:188} INFO - [2025-08-17T15:03:20.543+0000] {dagbag.py:538} INFO - Filling up the DagBag from /opt/airflow/dags/ml_pipeline.py
[2025-08-17T15:03:20.570+0000] {processor.py:840} INFO - DAG(s) 'ml_pipeline' retrieved from /opt/airflow/dags/ml_pipeline.py
[2025-08-17T15:03:20.605+0000] {logging_mixin.py:188} INFO - [2025-08-17T15:03:20.604+0000] {dag.py:3036} INFO - Sync 1 DAGs
[2025-08-17T15:03:20.620+0000] {logging_mixin.py:188} INFO - [2025-08-17T15:03:20.620+0000] {dag.py:3823} INFO - Setting next_dagrun for ml_pipeline to None, run_after=None
[2025-08-17T15:03:20.651+0000] {processor.py:183} INFO - Processing /opt/airflow/dags/ml_pipeline.py took 0.115 seconds
[2025-08-17T15:03:50.764+0000] {processor.py:161} INFO - Started process (PID=2122) to work on /opt/airflow/dags/ml_pipeline.py
[2025-08-17T15:03:50.765+0000] {processor.py:830} INFO - Processing file /opt/airflow/dags/ml_pipeline.py for tasks to queue
[2025-08-17T15:03:50.767+0000] {logging_mixin.py:188} INFO - [2025-08-17T15:03:50.766+0000] {dagbag.py:538} INFO - Filling up the DagBag from /opt/airflow/dags/ml_pipeline.py
[2025-08-17T15:03:50.795+0000] {processor.py:840} INFO - DAG(s) 'ml_pipeline' retrieved from /opt/airflow/dags/ml_pipeline.py
[2025-08-17T15:03:50.830+0000] {logging_mixin.py:188} INFO - [2025-08-17T15:03:50.829+0000] {dag.py:3036} INFO - Sync 1 DAGs
[2025-08-17T15:03:50.845+0000] {logging_mixin.py:188} INFO - [2025-08-17T15:03:50.845+0000] {dag.py:3823} INFO - Setting next_dagrun for ml_pipeline to None, run_after=None
[2025-08-17T15:03:50.877+0000] {processor.py:183} INFO - Processing /opt/airflow/dags/ml_pipeline.py took 0.118 seconds
[2025-08-17T15:04:21.054+0000] {processor.py:161} INFO - Started process (PID=2127) to work on /opt/airflow/dags/ml_pipeline.py
[2025-08-17T15:04:21.055+0000] {processor.py:830} INFO - Processing file /opt/airflow/dags/ml_pipeline.py for tasks to queue
[2025-08-17T15:04:21.057+0000] {logging_mixin.py:188} INFO - [2025-08-17T15:04:21.056+0000] {dagbag.py:538} INFO - Filling up the DagBag from /opt/airflow/dags/ml_pipeline.py
[2025-08-17T15:04:21.086+0000] {processor.py:840} INFO - DAG(s) 'ml_pipeline' retrieved from /opt/airflow/dags/ml_pipeline.py
[2025-08-17T15:04:21.120+0000] {logging_mixin.py:188} INFO - [2025-08-17T15:04:21.120+0000] {dag.py:3036} INFO - Sync 1 DAGs
[2025-08-17T15:04:21.135+0000] {logging_mixin.py:188} INFO - [2025-08-17T15:04:21.134+0000] {dag.py:3823} INFO - Setting next_dagrun for ml_pipeline to None, run_after=None
[2025-08-17T15:04:21.165+0000] {processor.py:183} INFO - Processing /opt/airflow/dags/ml_pipeline.py took 0.115 seconds
[2025-08-17T15:04:51.288+0000] {processor.py:161} INFO - Started process (PID=2132) to work on /opt/airflow/dags/ml_pipeline.py
[2025-08-17T15:04:51.290+0000] {processor.py:830} INFO - Processing file /opt/airflow/dags/ml_pipeline.py for tasks to queue
[2025-08-17T15:04:51.291+0000] {logging_mixin.py:188} INFO - [2025-08-17T15:04:51.291+0000] {dagbag.py:538} INFO - Filling up the DagBag from /opt/airflow/dags/ml_pipeline.py
[2025-08-17T15:04:51.322+0000] {processor.py:840} INFO - DAG(s) 'ml_pipeline' retrieved from /opt/airflow/dags/ml_pipeline.py
[2025-08-17T15:04:51.374+0000] {logging_mixin.py:188} INFO - [2025-08-17T15:04:51.373+0000] {dag.py:3036} INFO - Sync 1 DAGs
[2025-08-17T15:04:51.391+0000] {logging_mixin.py:188} INFO - [2025-08-17T15:04:51.390+0000] {dag.py:3823} INFO - Setting next_dagrun for ml_pipeline to None, run_after=None
[2025-08-17T15:04:51.417+0000] {processor.py:183} INFO - Processing /opt/airflow/dags/ml_pipeline.py took 0.134 seconds
[2025-08-17T15:05:21.626+0000] {processor.py:161} INFO - Started process (PID=2137) to work on /opt/airflow/dags/ml_pipeline.py
[2025-08-17T15:05:21.627+0000] {processor.py:830} INFO - Processing file /opt/airflow/dags/ml_pipeline.py for tasks to queue
[2025-08-17T15:05:21.629+0000] {logging_mixin.py:188} INFO - [2025-08-17T15:05:21.628+0000] {dagbag.py:538} INFO - Filling up the DagBag from /opt/airflow/dags/ml_pipeline.py
[2025-08-17T15:05:21.655+0000] {processor.py:840} INFO - DAG(s) 'ml_pipeline' retrieved from /opt/airflow/dags/ml_pipeline.py
[2025-08-17T15:05:21.689+0000] {logging_mixin.py:188} INFO - [2025-08-17T15:05:21.689+0000] {dag.py:3036} INFO - Sync 1 DAGs
[2025-08-17T15:05:21.704+0000] {logging_mixin.py:188} INFO - [2025-08-17T15:05:21.704+0000] {dag.py:3823} INFO - Setting next_dagrun for ml_pipeline to None, run_after=None
[2025-08-17T15:05:21.730+0000] {processor.py:183} INFO - Processing /opt/airflow/dags/ml_pipeline.py took 0.108 seconds
[2025-08-17T15:05:51.838+0000] {processor.py:161} INFO - Started process (PID=2142) to work on /opt/airflow/dags/ml_pipeline.py
[2025-08-17T15:05:51.840+0000] {processor.py:830} INFO - Processing file /opt/airflow/dags/ml_pipeline.py for tasks to queue
[2025-08-17T15:05:51.842+0000] {logging_mixin.py:188} INFO - [2025-08-17T15:05:51.842+0000] {dagbag.py:538} INFO - Filling up the DagBag from /opt/airflow/dags/ml_pipeline.py
[2025-08-17T15:05:51.869+0000] {processor.py:840} INFO - DAG(s) 'ml_pipeline' retrieved from /opt/airflow/dags/ml_pipeline.py
[2025-08-17T15:05:51.915+0000] {logging_mixin.py:188} INFO - [2025-08-17T15:05:51.914+0000] {dag.py:3036} INFO - Sync 1 DAGs
[2025-08-17T15:05:51.934+0000] {logging_mixin.py:188} INFO - [2025-08-17T15:05:51.934+0000] {dag.py:3823} INFO - Setting next_dagrun for ml_pipeline to None, run_after=None
[2025-08-17T15:05:51.959+0000] {processor.py:183} INFO - Processing /opt/airflow/dags/ml_pipeline.py took 0.125 seconds
[2025-08-17T17:07:39.818+0000] {processor.py:161} INFO - Started process (PID=164) to work on /opt/airflow/dags/ml_pipeline.py
[2025-08-17T17:07:39.825+0000] {processor.py:830} INFO - Processing file /opt/airflow/dags/ml_pipeline.py for tasks to queue
[2025-08-17T17:07:39.828+0000] {logging_mixin.py:188} INFO - [2025-08-17T17:07:39.826+0000] {dagbag.py:538} INFO - Filling up the DagBag from /opt/airflow/dags/ml_pipeline.py
[2025-08-17T17:07:39.889+0000] {processor.py:840} INFO - DAG(s) 'ml_pipeline' retrieved from /opt/airflow/dags/ml_pipeline.py
[2025-08-17T17:07:39.949+0000] {logging_mixin.py:188} INFO - [2025-08-17T17:07:39.948+0000] {dag.py:3036} INFO - Sync 1 DAGs
[2025-08-17T17:07:39.968+0000] {logging_mixin.py:188} INFO - [2025-08-17T17:07:39.968+0000] {dag.py:3823} INFO - Setting next_dagrun for ml_pipeline to None, run_after=None
[2025-08-17T17:07:40.002+0000] {processor.py:183} INFO - Processing /opt/airflow/dags/ml_pipeline.py took 0.192 seconds
[2025-08-17T17:08:10.391+0000] {processor.py:161} INFO - Started process (PID=169) to work on /opt/airflow/dags/ml_pipeline.py
[2025-08-17T17:08:10.407+0000] {processor.py:830} INFO - Processing file /opt/airflow/dags/ml_pipeline.py for tasks to queue
[2025-08-17T17:08:10.412+0000] {logging_mixin.py:188} INFO - [2025-08-17T17:08:10.412+0000] {dagbag.py:538} INFO - Filling up the DagBag from /opt/airflow/dags/ml_pipeline.py
[2025-08-17T17:08:10.553+0000] {processor.py:840} INFO - DAG(s) 'ml_pipeline' retrieved from /opt/airflow/dags/ml_pipeline.py
[2025-08-17T17:08:11.627+0000] {logging_mixin.py:188} INFO - [2025-08-17T17:08:11.627+0000] {dag.py:3036} INFO - Sync 1 DAGs
[2025-08-17T17:08:11.669+0000] {logging_mixin.py:188} INFO - [2025-08-17T17:08:11.668+0000] {dag.py:3823} INFO - Setting next_dagrun for ml_pipeline to None, run_after=None
[2025-08-17T17:08:11.753+0000] {processor.py:183} INFO - Processing /opt/airflow/dags/ml_pipeline.py took 1.373 seconds
[2025-08-17T17:08:42.284+0000] {processor.py:161} INFO - Started process (PID=174) to work on /opt/airflow/dags/ml_pipeline.py
[2025-08-17T17:08:42.290+0000] {processor.py:830} INFO - Processing file /opt/airflow/dags/ml_pipeline.py for tasks to queue
[2025-08-17T17:08:42.300+0000] {logging_mixin.py:188} INFO - [2025-08-17T17:08:42.299+0000] {dagbag.py:538} INFO - Filling up the DagBag from /opt/airflow/dags/ml_pipeline.py
[2025-08-17T17:08:42.504+0000] {processor.py:840} INFO - DAG(s) 'ml_pipeline' retrieved from /opt/airflow/dags/ml_pipeline.py
[2025-08-17T17:08:42.720+0000] {logging_mixin.py:188} INFO - [2025-08-17T17:08:42.719+0000] {dag.py:3036} INFO - Sync 1 DAGs
[2025-08-17T17:08:42.831+0000] {logging_mixin.py:188} INFO - [2025-08-17T17:08:42.831+0000] {dag.py:3823} INFO - Setting next_dagrun for ml_pipeline to None, run_after=None
[2025-08-17T17:08:43.010+0000] {processor.py:183} INFO - Processing /opt/airflow/dags/ml_pipeline.py took 0.766 seconds
[2025-08-17T17:09:13.751+0000] {processor.py:161} INFO - Started process (PID=190) to work on /opt/airflow/dags/ml_pipeline.py
[2025-08-17T17:09:13.776+0000] {processor.py:830} INFO - Processing file /opt/airflow/dags/ml_pipeline.py for tasks to queue
[2025-08-17T17:09:13.780+0000] {logging_mixin.py:188} INFO - [2025-08-17T17:09:13.779+0000] {dagbag.py:538} INFO - Filling up the DagBag from /opt/airflow/dags/ml_pipeline.py
[2025-08-17T17:09:13.881+0000] {processor.py:840} INFO - DAG(s) 'ml_pipeline' retrieved from /opt/airflow/dags/ml_pipeline.py
[2025-08-17T17:09:14.036+0000] {logging_mixin.py:188} INFO - [2025-08-17T17:09:14.035+0000] {dag.py:3036} INFO - Sync 1 DAGs
[2025-08-17T17:09:14.118+0000] {logging_mixin.py:188} INFO - [2025-08-17T17:09:14.117+0000] {dag.py:3823} INFO - Setting next_dagrun for ml_pipeline to None, run_after=None
[2025-08-17T17:09:14.200+0000] {processor.py:183} INFO - Processing /opt/airflow/dags/ml_pipeline.py took 0.455 seconds
[2025-08-17T17:09:44.881+0000] {processor.py:161} INFO - Started process (PID=256) to work on /opt/airflow/dags/ml_pipeline.py
[2025-08-17T17:09:44.889+0000] {processor.py:830} INFO - Processing file /opt/airflow/dags/ml_pipeline.py for tasks to queue
[2025-08-17T17:09:44.895+0000] {logging_mixin.py:188} INFO - [2025-08-17T17:09:44.895+0000] {dagbag.py:538} INFO - Filling up the DagBag from /opt/airflow/dags/ml_pipeline.py
[2025-08-17T17:09:44.995+0000] {processor.py:840} INFO - DAG(s) 'ml_pipeline' retrieved from /opt/airflow/dags/ml_pipeline.py
[2025-08-17T17:09:45.159+0000] {logging_mixin.py:188} INFO - [2025-08-17T17:09:45.158+0000] {dag.py:3036} INFO - Sync 1 DAGs
[2025-08-17T17:09:45.226+0000] {logging_mixin.py:188} INFO - [2025-08-17T17:09:45.221+0000] {dag.py:3823} INFO - Setting next_dagrun for ml_pipeline to None, run_after=None
[2025-08-17T17:09:45.374+0000] {processor.py:183} INFO - Processing /opt/airflow/dags/ml_pipeline.py took 0.522 seconds
[2025-08-17T17:10:15.725+0000] {processor.py:161} INFO - Started process (PID=313) to work on /opt/airflow/dags/ml_pipeline.py
[2025-08-17T17:10:15.728+0000] {processor.py:830} INFO - Processing file /opt/airflow/dags/ml_pipeline.py for tasks to queue
[2025-08-17T17:10:15.731+0000] {logging_mixin.py:188} INFO - [2025-08-17T17:10:15.730+0000] {dagbag.py:538} INFO - Filling up the DagBag from /opt/airflow/dags/ml_pipeline.py
[2025-08-17T17:10:15.852+0000] {processor.py:840} INFO - DAG(s) 'ml_pipeline' retrieved from /opt/airflow/dags/ml_pipeline.py
[2025-08-17T17:10:15.952+0000] {logging_mixin.py:188} INFO - [2025-08-17T17:10:15.951+0000] {dag.py:3036} INFO - Sync 1 DAGs
[2025-08-17T17:10:15.981+0000] {logging_mixin.py:188} INFO - [2025-08-17T17:10:15.981+0000] {dag.py:3823} INFO - Setting next_dagrun for ml_pipeline to None, run_after=None
[2025-08-17T17:10:16.014+0000] {processor.py:183} INFO - Processing /opt/airflow/dags/ml_pipeline.py took 0.299 seconds
[2025-08-17T17:10:46.316+0000] {processor.py:161} INFO - Started process (PID=349) to work on /opt/airflow/dags/ml_pipeline.py
[2025-08-17T17:10:46.318+0000] {processor.py:830} INFO - Processing file /opt/airflow/dags/ml_pipeline.py for tasks to queue
[2025-08-17T17:10:46.320+0000] {logging_mixin.py:188} INFO - [2025-08-17T17:10:46.319+0000] {dagbag.py:538} INFO - Filling up the DagBag from /opt/airflow/dags/ml_pipeline.py
[2025-08-17T17:10:46.355+0000] {processor.py:840} INFO - DAG(s) 'ml_pipeline' retrieved from /opt/airflow/dags/ml_pipeline.py
[2025-08-17T17:10:46.423+0000] {logging_mixin.py:188} INFO - [2025-08-17T17:10:46.423+0000] {dag.py:3036} INFO - Sync 1 DAGs
[2025-08-17T17:10:46.443+0000] {logging_mixin.py:188} INFO - [2025-08-17T17:10:46.443+0000] {dag.py:3823} INFO - Setting next_dagrun for ml_pipeline to None, run_after=None
[2025-08-17T17:10:46.470+0000] {processor.py:183} INFO - Processing /opt/airflow/dags/ml_pipeline.py took 0.161 seconds
[2025-08-17T17:11:16.538+0000] {processor.py:161} INFO - Started process (PID=354) to work on /opt/airflow/dags/ml_pipeline.py
[2025-08-17T17:11:16.540+0000] {processor.py:830} INFO - Processing file /opt/airflow/dags/ml_pipeline.py for tasks to queue
[2025-08-17T17:11:16.542+0000] {logging_mixin.py:188} INFO - [2025-08-17T17:11:16.542+0000] {dagbag.py:538} INFO - Filling up the DagBag from /opt/airflow/dags/ml_pipeline.py
[2025-08-17T17:11:16.576+0000] {processor.py:840} INFO - DAG(s) 'ml_pipeline' retrieved from /opt/airflow/dags/ml_pipeline.py
[2025-08-17T17:11:16.612+0000] {logging_mixin.py:188} INFO - [2025-08-17T17:11:16.612+0000] {dag.py:3036} INFO - Sync 1 DAGs
[2025-08-17T17:11:16.628+0000] {logging_mixin.py:188} INFO - [2025-08-17T17:11:16.628+0000] {dag.py:3823} INFO - Setting next_dagrun for ml_pipeline to None, run_after=None
[2025-08-17T17:11:16.656+0000] {processor.py:183} INFO - Processing /opt/airflow/dags/ml_pipeline.py took 0.122 seconds
[2025-08-17T17:11:46.879+0000] {processor.py:161} INFO - Started process (PID=359) to work on /opt/airflow/dags/ml_pipeline.py
[2025-08-17T17:11:46.880+0000] {processor.py:830} INFO - Processing file /opt/airflow/dags/ml_pipeline.py for tasks to queue
[2025-08-17T17:11:46.882+0000] {logging_mixin.py:188} INFO - [2025-08-17T17:11:46.881+0000] {dagbag.py:538} INFO - Filling up the DagBag from /opt/airflow/dags/ml_pipeline.py
[2025-08-17T17:11:46.911+0000] {processor.py:840} INFO - DAG(s) 'ml_pipeline' retrieved from /opt/airflow/dags/ml_pipeline.py
[2025-08-17T17:11:46.945+0000] {logging_mixin.py:188} INFO - [2025-08-17T17:11:46.944+0000] {dag.py:3036} INFO - Sync 1 DAGs
[2025-08-17T17:11:46.960+0000] {logging_mixin.py:188} INFO - [2025-08-17T17:11:46.959+0000] {dag.py:3823} INFO - Setting next_dagrun for ml_pipeline to None, run_after=None
[2025-08-17T17:11:46.993+0000] {processor.py:183} INFO - Processing /opt/airflow/dags/ml_pipeline.py took 0.119 seconds
[2025-08-17T17:12:17.118+0000] {processor.py:161} INFO - Started process (PID=364) to work on /opt/airflow/dags/ml_pipeline.py
[2025-08-17T17:12:17.120+0000] {processor.py:830} INFO - Processing file /opt/airflow/dags/ml_pipeline.py for tasks to queue
[2025-08-17T17:12:17.121+0000] {logging_mixin.py:188} INFO - [2025-08-17T17:12:17.121+0000] {dagbag.py:538} INFO - Filling up the DagBag from /opt/airflow/dags/ml_pipeline.py
[2025-08-17T17:12:17.147+0000] {processor.py:840} INFO - DAG(s) 'ml_pipeline' retrieved from /opt/airflow/dags/ml_pipeline.py
[2025-08-17T17:12:17.186+0000] {logging_mixin.py:188} INFO - [2025-08-17T17:12:17.186+0000] {dag.py:3036} INFO - Sync 1 DAGs
[2025-08-17T17:12:17.202+0000] {logging_mixin.py:188} INFO - [2025-08-17T17:12:17.201+0000] {dag.py:3823} INFO - Setting next_dagrun for ml_pipeline to None, run_after=None
[2025-08-17T17:12:17.226+0000] {processor.py:183} INFO - Processing /opt/airflow/dags/ml_pipeline.py took 0.112 seconds
[2025-08-17T17:12:47.446+0000] {processor.py:161} INFO - Started process (PID=369) to work on /opt/airflow/dags/ml_pipeline.py
[2025-08-17T17:12:47.448+0000] {processor.py:830} INFO - Processing file /opt/airflow/dags/ml_pipeline.py for tasks to queue
[2025-08-17T17:12:47.449+0000] {logging_mixin.py:188} INFO - [2025-08-17T17:12:47.449+0000] {dagbag.py:538} INFO - Filling up the DagBag from /opt/airflow/dags/ml_pipeline.py
[2025-08-17T17:12:47.480+0000] {processor.py:840} INFO - DAG(s) 'ml_pipeline' retrieved from /opt/airflow/dags/ml_pipeline.py
[2025-08-17T17:12:47.515+0000] {logging_mixin.py:188} INFO - [2025-08-17T17:12:47.515+0000] {dag.py:3036} INFO - Sync 1 DAGs
[2025-08-17T17:12:47.533+0000] {logging_mixin.py:188} INFO - [2025-08-17T17:12:47.532+0000] {dag.py:3823} INFO - Setting next_dagrun for ml_pipeline to None, run_after=None
[2025-08-17T17:12:47.559+0000] {processor.py:183} INFO - Processing /opt/airflow/dags/ml_pipeline.py took 0.118 seconds
[2025-08-17T17:13:17.651+0000] {processor.py:161} INFO - Started process (PID=374) to work on /opt/airflow/dags/ml_pipeline.py
[2025-08-17T17:13:17.653+0000] {processor.py:830} INFO - Processing file /opt/airflow/dags/ml_pipeline.py for tasks to queue
[2025-08-17T17:13:17.654+0000] {logging_mixin.py:188} INFO - [2025-08-17T17:13:17.654+0000] {dagbag.py:538} INFO - Filling up the DagBag from /opt/airflow/dags/ml_pipeline.py
[2025-08-17T17:13:17.680+0000] {processor.py:840} INFO - DAG(s) 'ml_pipeline' retrieved from /opt/airflow/dags/ml_pipeline.py
[2025-08-17T17:13:17.717+0000] {logging_mixin.py:188} INFO - [2025-08-17T17:13:17.717+0000] {dag.py:3036} INFO - Sync 1 DAGs
[2025-08-17T17:13:17.732+0000] {logging_mixin.py:188} INFO - [2025-08-17T17:13:17.732+0000] {dag.py:3823} INFO - Setting next_dagrun for ml_pipeline to None, run_after=None
[2025-08-17T17:13:17.762+0000] {processor.py:183} INFO - Processing /opt/airflow/dags/ml_pipeline.py took 0.116 seconds
[2025-08-17T17:13:47.982+0000] {processor.py:161} INFO - Started process (PID=379) to work on /opt/airflow/dags/ml_pipeline.py
[2025-08-17T17:13:47.985+0000] {processor.py:830} INFO - Processing file /opt/airflow/dags/ml_pipeline.py for tasks to queue
[2025-08-17T17:13:47.987+0000] {logging_mixin.py:188} INFO - [2025-08-17T17:13:47.987+0000] {dagbag.py:538} INFO - Filling up the DagBag from /opt/airflow/dags/ml_pipeline.py
[2025-08-17T17:13:48.025+0000] {processor.py:840} INFO - DAG(s) 'ml_pipeline' retrieved from /opt/airflow/dags/ml_pipeline.py
[2025-08-17T17:13:48.062+0000] {logging_mixin.py:188} INFO - [2025-08-17T17:13:48.062+0000] {dag.py:3036} INFO - Sync 1 DAGs
[2025-08-17T17:13:48.076+0000] {logging_mixin.py:188} INFO - [2025-08-17T17:13:48.076+0000] {dag.py:3823} INFO - Setting next_dagrun for ml_pipeline to None, run_after=None
[2025-08-17T17:13:48.107+0000] {processor.py:183} INFO - Processing /opt/airflow/dags/ml_pipeline.py took 0.131 seconds
[2025-08-17T17:14:18.378+0000] {processor.py:161} INFO - Started process (PID=384) to work on /opt/airflow/dags/ml_pipeline.py
[2025-08-17T17:14:18.381+0000] {processor.py:830} INFO - Processing file /opt/airflow/dags/ml_pipeline.py for tasks to queue
[2025-08-17T17:14:18.383+0000] {logging_mixin.py:188} INFO - [2025-08-17T17:14:18.382+0000] {dagbag.py:538} INFO - Filling up the DagBag from /opt/airflow/dags/ml_pipeline.py
[2025-08-17T17:14:18.436+0000] {processor.py:840} INFO - DAG(s) 'ml_pipeline' retrieved from /opt/airflow/dags/ml_pipeline.py
[2025-08-17T17:14:18.475+0000] {logging_mixin.py:188} INFO - [2025-08-17T17:14:18.474+0000] {dag.py:3036} INFO - Sync 1 DAGs
[2025-08-17T17:14:18.494+0000] {logging_mixin.py:188} INFO - [2025-08-17T17:14:18.493+0000] {dag.py:3823} INFO - Setting next_dagrun for ml_pipeline to None, run_after=None
[2025-08-17T17:14:18.523+0000] {processor.py:183} INFO - Processing /opt/airflow/dags/ml_pipeline.py took 0.161 seconds
[2025-08-17T17:14:48.637+0000] {processor.py:161} INFO - Started process (PID=389) to work on /opt/airflow/dags/ml_pipeline.py
[2025-08-17T17:14:48.639+0000] {processor.py:830} INFO - Processing file /opt/airflow/dags/ml_pipeline.py for tasks to queue
[2025-08-17T17:14:48.640+0000] {logging_mixin.py:188} INFO - [2025-08-17T17:14:48.640+0000] {dagbag.py:538} INFO - Filling up the DagBag from /opt/airflow/dags/ml_pipeline.py
[2025-08-17T17:14:48.666+0000] {processor.py:840} INFO - DAG(s) 'ml_pipeline' retrieved from /opt/airflow/dags/ml_pipeline.py
[2025-08-17T17:14:48.701+0000] {logging_mixin.py:188} INFO - [2025-08-17T17:14:48.701+0000] {dag.py:3036} INFO - Sync 1 DAGs
[2025-08-17T17:14:48.718+0000] {logging_mixin.py:188} INFO - [2025-08-17T17:14:48.717+0000] {dag.py:3823} INFO - Setting next_dagrun for ml_pipeline to None, run_after=None
[2025-08-17T17:14:48.744+0000] {processor.py:183} INFO - Processing /opt/airflow/dags/ml_pipeline.py took 0.112 seconds
[2025-08-17T17:15:18.980+0000] {processor.py:161} INFO - Started process (PID=394) to work on /opt/airflow/dags/ml_pipeline.py
[2025-08-17T17:15:18.982+0000] {processor.py:830} INFO - Processing file /opt/airflow/dags/ml_pipeline.py for tasks to queue
[2025-08-17T17:15:18.984+0000] {logging_mixin.py:188} INFO - [2025-08-17T17:15:18.983+0000] {dagbag.py:538} INFO - Filling up the DagBag from /opt/airflow/dags/ml_pipeline.py
[2025-08-17T17:15:19.019+0000] {processor.py:840} INFO - DAG(s) 'ml_pipeline' retrieved from /opt/airflow/dags/ml_pipeline.py
[2025-08-17T17:15:19.065+0000] {logging_mixin.py:188} INFO - [2025-08-17T17:15:19.065+0000] {dag.py:3036} INFO - Sync 1 DAGs
[2025-08-17T17:15:19.093+0000] {logging_mixin.py:188} INFO - [2025-08-17T17:15:19.092+0000] {dag.py:3823} INFO - Setting next_dagrun for ml_pipeline to None, run_after=None
[2025-08-17T17:15:19.136+0000] {processor.py:183} INFO - Processing /opt/airflow/dags/ml_pipeline.py took 0.161 seconds
[2025-08-17T17:15:49.199+0000] {processor.py:161} INFO - Started process (PID=399) to work on /opt/airflow/dags/ml_pipeline.py
[2025-08-17T17:15:49.201+0000] {processor.py:830} INFO - Processing file /opt/airflow/dags/ml_pipeline.py for tasks to queue
[2025-08-17T17:15:49.203+0000] {logging_mixin.py:188} INFO - [2025-08-17T17:15:49.202+0000] {dagbag.py:538} INFO - Filling up the DagBag from /opt/airflow/dags/ml_pipeline.py
[2025-08-17T17:15:49.238+0000] {processor.py:840} INFO - DAG(s) 'ml_pipeline' retrieved from /opt/airflow/dags/ml_pipeline.py
[2025-08-17T17:15:49.293+0000] {logging_mixin.py:188} INFO - [2025-08-17T17:15:49.292+0000] {dag.py:3036} INFO - Sync 1 DAGs
[2025-08-17T17:15:49.309+0000] {logging_mixin.py:188} INFO - [2025-08-17T17:15:49.309+0000] {dag.py:3823} INFO - Setting next_dagrun for ml_pipeline to None, run_after=None
[2025-08-17T17:15:49.334+0000] {processor.py:183} INFO - Processing /opt/airflow/dags/ml_pipeline.py took 0.141 seconds
[2025-08-17T17:16:19.645+0000] {processor.py:161} INFO - Started process (PID=404) to work on /opt/airflow/dags/ml_pipeline.py
[2025-08-17T17:16:19.646+0000] {processor.py:830} INFO - Processing file /opt/airflow/dags/ml_pipeline.py for tasks to queue
[2025-08-17T17:16:19.647+0000] {logging_mixin.py:188} INFO - [2025-08-17T17:16:19.647+0000] {dagbag.py:538} INFO - Filling up the DagBag from /opt/airflow/dags/ml_pipeline.py
[2025-08-17T17:16:19.671+0000] {processor.py:840} INFO - DAG(s) 'ml_pipeline' retrieved from /opt/airflow/dags/ml_pipeline.py
[2025-08-17T17:16:19.704+0000] {logging_mixin.py:188} INFO - [2025-08-17T17:16:19.704+0000] {dag.py:3036} INFO - Sync 1 DAGs
[2025-08-17T17:16:19.719+0000] {logging_mixin.py:188} INFO - [2025-08-17T17:16:19.719+0000] {dag.py:3823} INFO - Setting next_dagrun for ml_pipeline to None, run_after=None
[2025-08-17T17:16:19.746+0000] {processor.py:183} INFO - Processing /opt/airflow/dags/ml_pipeline.py took 0.105 seconds
[2025-08-17T17:16:49.873+0000] {processor.py:161} INFO - Started process (PID=409) to work on /opt/airflow/dags/ml_pipeline.py
[2025-08-17T17:16:49.874+0000] {processor.py:830} INFO - Processing file /opt/airflow/dags/ml_pipeline.py for tasks to queue
[2025-08-17T17:16:49.876+0000] {logging_mixin.py:188} INFO - [2025-08-17T17:16:49.875+0000] {dagbag.py:538} INFO - Filling up the DagBag from /opt/airflow/dags/ml_pipeline.py
[2025-08-17T17:16:49.903+0000] {processor.py:840} INFO - DAG(s) 'ml_pipeline' retrieved from /opt/airflow/dags/ml_pipeline.py
[2025-08-17T17:16:49.940+0000] {logging_mixin.py:188} INFO - [2025-08-17T17:16:49.939+0000] {dag.py:3036} INFO - Sync 1 DAGs
[2025-08-17T17:16:49.955+0000] {logging_mixin.py:188} INFO - [2025-08-17T17:16:49.955+0000] {dag.py:3823} INFO - Setting next_dagrun for ml_pipeline to None, run_after=None
[2025-08-17T17:16:49.982+0000] {processor.py:183} INFO - Processing /opt/airflow/dags/ml_pipeline.py took 0.113 seconds
[2025-08-17T17:17:20.215+0000] {processor.py:161} INFO - Started process (PID=414) to work on /opt/airflow/dags/ml_pipeline.py
[2025-08-17T17:17:20.217+0000] {processor.py:830} INFO - Processing file /opt/airflow/dags/ml_pipeline.py for tasks to queue
[2025-08-17T17:17:20.218+0000] {logging_mixin.py:188} INFO - [2025-08-17T17:17:20.218+0000] {dagbag.py:538} INFO - Filling up the DagBag from /opt/airflow/dags/ml_pipeline.py
[2025-08-17T17:17:20.247+0000] {processor.py:840} INFO - DAG(s) 'ml_pipeline' retrieved from /opt/airflow/dags/ml_pipeline.py
[2025-08-17T17:17:20.300+0000] {logging_mixin.py:188} INFO - [2025-08-17T17:17:20.299+0000] {dag.py:3036} INFO - Sync 1 DAGs
[2025-08-17T17:17:20.317+0000] {logging_mixin.py:188} INFO - [2025-08-17T17:17:20.317+0000] {dag.py:3823} INFO - Setting next_dagrun for ml_pipeline to None, run_after=None
[2025-08-17T17:17:20.341+0000] {processor.py:183} INFO - Processing /opt/airflow/dags/ml_pipeline.py took 0.130 seconds
[2025-08-17T17:17:50.467+0000] {processor.py:161} INFO - Started process (PID=419) to work on /opt/airflow/dags/ml_pipeline.py
[2025-08-17T17:17:50.469+0000] {processor.py:830} INFO - Processing file /opt/airflow/dags/ml_pipeline.py for tasks to queue
[2025-08-17T17:17:50.470+0000] {logging_mixin.py:188} INFO - [2025-08-17T17:17:50.470+0000] {dagbag.py:538} INFO - Filling up the DagBag from /opt/airflow/dags/ml_pipeline.py
[2025-08-17T17:17:50.496+0000] {processor.py:840} INFO - DAG(s) 'ml_pipeline' retrieved from /opt/airflow/dags/ml_pipeline.py
[2025-08-17T17:17:50.534+0000] {logging_mixin.py:188} INFO - [2025-08-17T17:17:50.534+0000] {dag.py:3036} INFO - Sync 1 DAGs
[2025-08-17T17:17:50.549+0000] {logging_mixin.py:188} INFO - [2025-08-17T17:17:50.548+0000] {dag.py:3823} INFO - Setting next_dagrun for ml_pipeline to None, run_after=None
[2025-08-17T17:17:50.580+0000] {processor.py:183} INFO - Processing /opt/airflow/dags/ml_pipeline.py took 0.118 seconds
[2025-08-17T17:18:20.739+0000] {processor.py:161} INFO - Started process (PID=424) to work on /opt/airflow/dags/ml_pipeline.py
[2025-08-17T17:18:20.741+0000] {processor.py:830} INFO - Processing file /opt/airflow/dags/ml_pipeline.py for tasks to queue
[2025-08-17T17:18:20.743+0000] {logging_mixin.py:188} INFO - [2025-08-17T17:18:20.743+0000] {dagbag.py:538} INFO - Filling up the DagBag from /opt/airflow/dags/ml_pipeline.py
[2025-08-17T17:18:20.770+0000] {processor.py:840} INFO - DAG(s) 'ml_pipeline' retrieved from /opt/airflow/dags/ml_pipeline.py
[2025-08-17T17:18:20.805+0000] {logging_mixin.py:188} INFO - [2025-08-17T17:18:20.805+0000] {dag.py:3036} INFO - Sync 1 DAGs
[2025-08-17T17:18:20.822+0000] {logging_mixin.py:188} INFO - [2025-08-17T17:18:20.822+0000] {dag.py:3823} INFO - Setting next_dagrun for ml_pipeline to None, run_after=None
[2025-08-17T17:18:20.848+0000] {processor.py:183} INFO - Processing /opt/airflow/dags/ml_pipeline.py took 0.120 seconds
[2025-08-17T17:18:50.998+0000] {processor.py:161} INFO - Started process (PID=429) to work on /opt/airflow/dags/ml_pipeline.py
[2025-08-17T17:18:51.000+0000] {processor.py:830} INFO - Processing file /opt/airflow/dags/ml_pipeline.py for tasks to queue
[2025-08-17T17:18:51.001+0000] {logging_mixin.py:188} INFO - [2025-08-17T17:18:51.001+0000] {dagbag.py:538} INFO - Filling up the DagBag from /opt/airflow/dags/ml_pipeline.py
[2025-08-17T17:18:51.027+0000] {processor.py:840} INFO - DAG(s) 'ml_pipeline' retrieved from /opt/airflow/dags/ml_pipeline.py
[2025-08-17T17:18:51.066+0000] {logging_mixin.py:188} INFO - [2025-08-17T17:18:51.066+0000] {dag.py:3036} INFO - Sync 1 DAGs
[2025-08-17T17:18:51.085+0000] {logging_mixin.py:188} INFO - [2025-08-17T17:18:51.085+0000] {dag.py:3823} INFO - Setting next_dagrun for ml_pipeline to None, run_after=None
[2025-08-17T17:18:51.116+0000] {processor.py:183} INFO - Processing /opt/airflow/dags/ml_pipeline.py took 0.122 seconds
[2025-08-17T17:19:21.233+0000] {processor.py:161} INFO - Started process (PID=434) to work on /opt/airflow/dags/ml_pipeline.py
[2025-08-17T17:19:21.234+0000] {processor.py:830} INFO - Processing file /opt/airflow/dags/ml_pipeline.py for tasks to queue
[2025-08-17T17:19:21.235+0000] {logging_mixin.py:188} INFO - [2025-08-17T17:19:21.235+0000] {dagbag.py:538} INFO - Filling up the DagBag from /opt/airflow/dags/ml_pipeline.py
[2025-08-17T17:19:21.261+0000] {processor.py:840} INFO - DAG(s) 'ml_pipeline' retrieved from /opt/airflow/dags/ml_pipeline.py
[2025-08-17T17:19:21.295+0000] {logging_mixin.py:188} INFO - [2025-08-17T17:19:21.295+0000] {dag.py:3036} INFO - Sync 1 DAGs
[2025-08-17T17:19:21.311+0000] {logging_mixin.py:188} INFO - [2025-08-17T17:19:21.310+0000] {dag.py:3823} INFO - Setting next_dagrun for ml_pipeline to None, run_after=None
[2025-08-17T17:19:21.338+0000] {processor.py:183} INFO - Processing /opt/airflow/dags/ml_pipeline.py took 0.110 seconds
[2025-08-17T17:19:51.568+0000] {processor.py:161} INFO - Started process (PID=439) to work on /opt/airflow/dags/ml_pipeline.py
[2025-08-17T17:19:51.570+0000] {processor.py:830} INFO - Processing file /opt/airflow/dags/ml_pipeline.py for tasks to queue
[2025-08-17T17:19:51.571+0000] {logging_mixin.py:188} INFO - [2025-08-17T17:19:51.571+0000] {dagbag.py:538} INFO - Filling up the DagBag from /opt/airflow/dags/ml_pipeline.py
[2025-08-17T17:19:51.606+0000] {processor.py:840} INFO - DAG(s) 'ml_pipeline' retrieved from /opt/airflow/dags/ml_pipeline.py
[2025-08-17T17:19:51.680+0000] {logging_mixin.py:188} INFO - [2025-08-17T17:19:51.680+0000] {dag.py:3036} INFO - Sync 1 DAGs
[2025-08-17T17:19:51.750+0000] {logging_mixin.py:188} INFO - [2025-08-17T17:19:51.749+0000] {dag.py:3823} INFO - Setting next_dagrun for ml_pipeline to None, run_after=None
[2025-08-17T17:19:51.807+0000] {processor.py:183} INFO - Processing /opt/airflow/dags/ml_pipeline.py took 0.243 seconds
[2025-08-17T17:20:22.017+0000] {processor.py:161} INFO - Started process (PID=444) to work on /opt/airflow/dags/ml_pipeline.py
[2025-08-17T17:20:22.019+0000] {processor.py:830} INFO - Processing file /opt/airflow/dags/ml_pipeline.py for tasks to queue
[2025-08-17T17:20:22.021+0000] {logging_mixin.py:188} INFO - [2025-08-17T17:20:22.020+0000] {dagbag.py:538} INFO - Filling up the DagBag from /opt/airflow/dags/ml_pipeline.py
[2025-08-17T17:20:22.047+0000] {processor.py:840} INFO - DAG(s) 'ml_pipeline' retrieved from /opt/airflow/dags/ml_pipeline.py
[2025-08-17T17:20:22.086+0000] {logging_mixin.py:188} INFO - [2025-08-17T17:20:22.085+0000] {dag.py:3036} INFO - Sync 1 DAGs
[2025-08-17T17:20:22.101+0000] {logging_mixin.py:188} INFO - [2025-08-17T17:20:22.100+0000] {dag.py:3823} INFO - Setting next_dagrun for ml_pipeline to None, run_after=None
[2025-08-17T17:20:22.146+0000] {processor.py:183} INFO - Processing /opt/airflow/dags/ml_pipeline.py took 0.134 seconds
[2025-08-17T17:20:52.218+0000] {processor.py:161} INFO - Started process (PID=449) to work on /opt/airflow/dags/ml_pipeline.py
[2025-08-17T17:20:52.220+0000] {processor.py:830} INFO - Processing file /opt/airflow/dags/ml_pipeline.py for tasks to queue
[2025-08-17T17:20:52.221+0000] {logging_mixin.py:188} INFO - [2025-08-17T17:20:52.221+0000] {dagbag.py:538} INFO - Filling up the DagBag from /opt/airflow/dags/ml_pipeline.py
[2025-08-17T17:20:52.250+0000] {processor.py:840} INFO - DAG(s) 'ml_pipeline' retrieved from /opt/airflow/dags/ml_pipeline.py
[2025-08-17T17:20:52.284+0000] {logging_mixin.py:188} INFO - [2025-08-17T17:20:52.284+0000] {dag.py:3036} INFO - Sync 1 DAGs
[2025-08-17T17:20:52.299+0000] {logging_mixin.py:188} INFO - [2025-08-17T17:20:52.298+0000] {dag.py:3823} INFO - Setting next_dagrun for ml_pipeline to None, run_after=None
[2025-08-17T17:20:52.330+0000] {processor.py:183} INFO - Processing /opt/airflow/dags/ml_pipeline.py took 0.117 seconds
[2025-08-17T17:21:22.560+0000] {processor.py:161} INFO - Started process (PID=454) to work on /opt/airflow/dags/ml_pipeline.py
[2025-08-17T17:21:22.562+0000] {processor.py:830} INFO - Processing file /opt/airflow/dags/ml_pipeline.py for tasks to queue
[2025-08-17T17:21:22.563+0000] {logging_mixin.py:188} INFO - [2025-08-17T17:21:22.563+0000] {dagbag.py:538} INFO - Filling up the DagBag from /opt/airflow/dags/ml_pipeline.py
[2025-08-17T17:21:22.590+0000] {processor.py:840} INFO - DAG(s) 'ml_pipeline' retrieved from /opt/airflow/dags/ml_pipeline.py
[2025-08-17T17:21:22.625+0000] {logging_mixin.py:188} INFO - [2025-08-17T17:21:22.625+0000] {dag.py:3036} INFO - Sync 1 DAGs
[2025-08-17T17:21:22.639+0000] {logging_mixin.py:188} INFO - [2025-08-17T17:21:22.639+0000] {dag.py:3823} INFO - Setting next_dagrun for ml_pipeline to None, run_after=None
[2025-08-17T17:21:22.664+0000] {processor.py:183} INFO - Processing /opt/airflow/dags/ml_pipeline.py took 0.107 seconds
[2025-08-17T17:21:52.782+0000] {processor.py:161} INFO - Started process (PID=459) to work on /opt/airflow/dags/ml_pipeline.py
[2025-08-17T17:21:52.784+0000] {processor.py:830} INFO - Processing file /opt/airflow/dags/ml_pipeline.py for tasks to queue
[2025-08-17T17:21:52.785+0000] {logging_mixin.py:188} INFO - [2025-08-17T17:21:52.785+0000] {dagbag.py:538} INFO - Filling up the DagBag from /opt/airflow/dags/ml_pipeline.py
[2025-08-17T17:21:52.811+0000] {processor.py:840} INFO - DAG(s) 'ml_pipeline' retrieved from /opt/airflow/dags/ml_pipeline.py
[2025-08-17T17:21:52.843+0000] {logging_mixin.py:188} INFO - [2025-08-17T17:21:52.842+0000] {dag.py:3036} INFO - Sync 1 DAGs
[2025-08-17T17:21:52.860+0000] {logging_mixin.py:188} INFO - [2025-08-17T17:21:52.859+0000] {dag.py:3823} INFO - Setting next_dagrun for ml_pipeline to None, run_after=None
[2025-08-17T17:21:52.885+0000] {processor.py:183} INFO - Processing /opt/airflow/dags/ml_pipeline.py took 0.107 seconds
[2025-08-17T17:22:23.107+0000] {processor.py:161} INFO - Started process (PID=464) to work on /opt/airflow/dags/ml_pipeline.py
[2025-08-17T17:22:23.110+0000] {processor.py:830} INFO - Processing file /opt/airflow/dags/ml_pipeline.py for tasks to queue
[2025-08-17T17:22:23.112+0000] {logging_mixin.py:188} INFO - [2025-08-17T17:22:23.111+0000] {dagbag.py:538} INFO - Filling up the DagBag from /opt/airflow/dags/ml_pipeline.py
[2025-08-17T17:22:23.146+0000] {processor.py:840} INFO - DAG(s) 'ml_pipeline' retrieved from /opt/airflow/dags/ml_pipeline.py
[2025-08-17T17:22:23.188+0000] {logging_mixin.py:188} INFO - [2025-08-17T17:22:23.188+0000] {dag.py:3036} INFO - Sync 1 DAGs
[2025-08-17T17:22:23.209+0000] {logging_mixin.py:188} INFO - [2025-08-17T17:22:23.209+0000] {dag.py:3823} INFO - Setting next_dagrun for ml_pipeline to None, run_after=None
[2025-08-17T17:22:23.245+0000] {processor.py:183} INFO - Processing /opt/airflow/dags/ml_pipeline.py took 0.144 seconds
[2025-08-17T17:22:53.385+0000] {processor.py:161} INFO - Started process (PID=469) to work on /opt/airflow/dags/ml_pipeline.py
[2025-08-17T17:22:53.387+0000] {processor.py:830} INFO - Processing file /opt/airflow/dags/ml_pipeline.py for tasks to queue
[2025-08-17T17:22:53.389+0000] {logging_mixin.py:188} INFO - [2025-08-17T17:22:53.388+0000] {dagbag.py:538} INFO - Filling up the DagBag from /opt/airflow/dags/ml_pipeline.py
[2025-08-17T17:22:53.417+0000] {processor.py:840} INFO - DAG(s) 'ml_pipeline' retrieved from /opt/airflow/dags/ml_pipeline.py
[2025-08-17T17:22:53.457+0000] {logging_mixin.py:188} INFO - [2025-08-17T17:22:53.457+0000] {dag.py:3036} INFO - Sync 1 DAGs
[2025-08-17T17:22:53.474+0000] {logging_mixin.py:188} INFO - [2025-08-17T17:22:53.473+0000] {dag.py:3823} INFO - Setting next_dagrun for ml_pipeline to None, run_after=None
[2025-08-17T17:22:53.499+0000] {processor.py:183} INFO - Processing /opt/airflow/dags/ml_pipeline.py took 0.120 seconds
[2025-08-17T17:23:23.698+0000] {processor.py:161} INFO - Started process (PID=474) to work on /opt/airflow/dags/ml_pipeline.py
[2025-08-17T17:23:23.699+0000] {processor.py:830} INFO - Processing file /opt/airflow/dags/ml_pipeline.py for tasks to queue
[2025-08-17T17:23:23.700+0000] {logging_mixin.py:188} INFO - [2025-08-17T17:23:23.700+0000] {dagbag.py:538} INFO - Filling up the DagBag from /opt/airflow/dags/ml_pipeline.py
[2025-08-17T17:23:23.738+0000] {processor.py:840} INFO - DAG(s) 'ml_pipeline' retrieved from /opt/airflow/dags/ml_pipeline.py
[2025-08-17T17:23:23.788+0000] {logging_mixin.py:188} INFO - [2025-08-17T17:23:23.787+0000] {dag.py:3036} INFO - Sync 1 DAGs
[2025-08-17T17:23:23.810+0000] {logging_mixin.py:188} INFO - [2025-08-17T17:23:23.810+0000] {dag.py:3823} INFO - Setting next_dagrun for ml_pipeline to None, run_after=None
[2025-08-17T17:23:23.853+0000] {processor.py:183} INFO - Processing /opt/airflow/dags/ml_pipeline.py took 0.159 seconds
[2025-08-17T17:23:54.080+0000] {processor.py:161} INFO - Started process (PID=479) to work on /opt/airflow/dags/ml_pipeline.py
[2025-08-17T17:23:54.082+0000] {processor.py:830} INFO - Processing file /opt/airflow/dags/ml_pipeline.py for tasks to queue
[2025-08-17T17:23:54.084+0000] {logging_mixin.py:188} INFO - [2025-08-17T17:23:54.083+0000] {dagbag.py:538} INFO - Filling up the DagBag from /opt/airflow/dags/ml_pipeline.py
[2025-08-17T17:23:54.122+0000] {processor.py:840} INFO - DAG(s) 'ml_pipeline' retrieved from /opt/airflow/dags/ml_pipeline.py
[2025-08-17T17:23:54.171+0000] {logging_mixin.py:188} INFO - [2025-08-17T17:23:54.171+0000] {dag.py:3036} INFO - Sync 1 DAGs
[2025-08-17T17:23:54.197+0000] {logging_mixin.py:188} INFO - [2025-08-17T17:23:54.196+0000] {dag.py:3823} INFO - Setting next_dagrun for ml_pipeline to None, run_after=None
[2025-08-17T17:23:54.233+0000] {processor.py:183} INFO - Processing /opt/airflow/dags/ml_pipeline.py took 0.159 seconds
[2025-08-17T17:24:24.504+0000] {processor.py:161} INFO - Started process (PID=484) to work on /opt/airflow/dags/ml_pipeline.py
[2025-08-17T17:24:24.507+0000] {processor.py:830} INFO - Processing file /opt/airflow/dags/ml_pipeline.py for tasks to queue
[2025-08-17T17:24:24.519+0000] {logging_mixin.py:188} INFO - [2025-08-17T17:24:24.518+0000] {dagbag.py:538} INFO - Filling up the DagBag from /opt/airflow/dags/ml_pipeline.py
[2025-08-17T17:24:24.565+0000] {processor.py:840} INFO - DAG(s) 'ml_pipeline' retrieved from /opt/airflow/dags/ml_pipeline.py
[2025-08-17T17:24:24.606+0000] {logging_mixin.py:188} INFO - [2025-08-17T17:24:24.605+0000] {dag.py:3036} INFO - Sync 1 DAGs
[2025-08-17T17:24:24.628+0000] {logging_mixin.py:188} INFO - [2025-08-17T17:24:24.627+0000] {dag.py:3823} INFO - Setting next_dagrun for ml_pipeline to None, run_after=None
[2025-08-17T17:24:24.656+0000] {processor.py:183} INFO - Processing /opt/airflow/dags/ml_pipeline.py took 0.166 seconds
[2025-08-17T17:24:54.873+0000] {processor.py:161} INFO - Started process (PID=489) to work on /opt/airflow/dags/ml_pipeline.py
[2025-08-17T17:24:54.874+0000] {processor.py:830} INFO - Processing file /opt/airflow/dags/ml_pipeline.py for tasks to queue
[2025-08-17T17:24:54.876+0000] {logging_mixin.py:188} INFO - [2025-08-17T17:24:54.876+0000] {dagbag.py:538} INFO - Filling up the DagBag from /opt/airflow/dags/ml_pipeline.py
[2025-08-17T17:24:54.903+0000] {processor.py:840} INFO - DAG(s) 'ml_pipeline' retrieved from /opt/airflow/dags/ml_pipeline.py
[2025-08-17T17:24:54.945+0000] {logging_mixin.py:188} INFO - [2025-08-17T17:24:54.944+0000] {dag.py:3036} INFO - Sync 1 DAGs
[2025-08-17T17:24:54.967+0000] {logging_mixin.py:188} INFO - [2025-08-17T17:24:54.967+0000] {dag.py:3823} INFO - Setting next_dagrun for ml_pipeline to None, run_after=None
[2025-08-17T17:24:55.000+0000] {processor.py:183} INFO - Processing /opt/airflow/dags/ml_pipeline.py took 0.132 seconds
[2025-08-17T17:25:25.081+0000] {processor.py:161} INFO - Started process (PID=494) to work on /opt/airflow/dags/ml_pipeline.py
[2025-08-17T17:25:25.082+0000] {processor.py:830} INFO - Processing file /opt/airflow/dags/ml_pipeline.py for tasks to queue
[2025-08-17T17:25:25.084+0000] {logging_mixin.py:188} INFO - [2025-08-17T17:25:25.084+0000] {dagbag.py:538} INFO - Filling up the DagBag from /opt/airflow/dags/ml_pipeline.py
[2025-08-17T17:25:25.112+0000] {processor.py:840} INFO - DAG(s) 'ml_pipeline' retrieved from /opt/airflow/dags/ml_pipeline.py
[2025-08-17T17:25:25.147+0000] {logging_mixin.py:188} INFO - [2025-08-17T17:25:25.146+0000] {dag.py:3036} INFO - Sync 1 DAGs
[2025-08-17T17:25:25.161+0000] {logging_mixin.py:188} INFO - [2025-08-17T17:25:25.161+0000] {dag.py:3823} INFO - Setting next_dagrun for ml_pipeline to None, run_after=None
[2025-08-17T17:25:25.186+0000] {processor.py:183} INFO - Processing /opt/airflow/dags/ml_pipeline.py took 0.110 seconds
[2025-08-17T17:25:55.412+0000] {processor.py:161} INFO - Started process (PID=499) to work on /opt/airflow/dags/ml_pipeline.py
[2025-08-17T17:25:55.413+0000] {processor.py:830} INFO - Processing file /opt/airflow/dags/ml_pipeline.py for tasks to queue
[2025-08-17T17:25:55.415+0000] {logging_mixin.py:188} INFO - [2025-08-17T17:25:55.415+0000] {dagbag.py:538} INFO - Filling up the DagBag from /opt/airflow/dags/ml_pipeline.py
[2025-08-17T17:25:55.442+0000] {processor.py:840} INFO - DAG(s) 'ml_pipeline' retrieved from /opt/airflow/dags/ml_pipeline.py
[2025-08-17T17:25:55.473+0000] {logging_mixin.py:188} INFO - [2025-08-17T17:25:55.472+0000] {dag.py:3036} INFO - Sync 1 DAGs
[2025-08-17T17:25:55.491+0000] {logging_mixin.py:188} INFO - [2025-08-17T17:25:55.490+0000] {dag.py:3823} INFO - Setting next_dagrun for ml_pipeline to None, run_after=None
[2025-08-17T17:25:55.517+0000] {processor.py:183} INFO - Processing /opt/airflow/dags/ml_pipeline.py took 0.110 seconds
[2025-08-17T17:26:25.617+0000] {processor.py:161} INFO - Started process (PID=504) to work on /opt/airflow/dags/ml_pipeline.py
[2025-08-17T17:26:25.619+0000] {processor.py:830} INFO - Processing file /opt/airflow/dags/ml_pipeline.py for tasks to queue
[2025-08-17T17:26:25.620+0000] {logging_mixin.py:188} INFO - [2025-08-17T17:26:25.620+0000] {dagbag.py:538} INFO - Filling up the DagBag from /opt/airflow/dags/ml_pipeline.py
[2025-08-17T17:26:25.647+0000] {processor.py:840} INFO - DAG(s) 'ml_pipeline' retrieved from /opt/airflow/dags/ml_pipeline.py
[2025-08-17T17:26:25.681+0000] {logging_mixin.py:188} INFO - [2025-08-17T17:26:25.681+0000] {dag.py:3036} INFO - Sync 1 DAGs
[2025-08-17T17:26:25.696+0000] {logging_mixin.py:188} INFO - [2025-08-17T17:26:25.696+0000] {dag.py:3823} INFO - Setting next_dagrun for ml_pipeline to None, run_after=None
[2025-08-17T17:26:25.721+0000] {processor.py:183} INFO - Processing /opt/airflow/dags/ml_pipeline.py took 0.109 seconds
[2025-08-17T17:26:55.824+0000] {processor.py:161} INFO - Started process (PID=509) to work on /opt/airflow/dags/ml_pipeline.py
[2025-08-17T17:26:55.826+0000] {processor.py:830} INFO - Processing file /opt/airflow/dags/ml_pipeline.py for tasks to queue
[2025-08-17T17:26:55.827+0000] {logging_mixin.py:188} INFO - [2025-08-17T17:26:55.826+0000] {dagbag.py:538} INFO - Filling up the DagBag from /opt/airflow/dags/ml_pipeline.py
[2025-08-17T17:26:55.855+0000] {processor.py:840} INFO - DAG(s) 'ml_pipeline' retrieved from /opt/airflow/dags/ml_pipeline.py
[2025-08-17T17:26:55.890+0000] {logging_mixin.py:188} INFO - [2025-08-17T17:26:55.890+0000] {dag.py:3036} INFO - Sync 1 DAGs
[2025-08-17T17:26:55.906+0000] {logging_mixin.py:188} INFO - [2025-08-17T17:26:55.906+0000] {dag.py:3823} INFO - Setting next_dagrun for ml_pipeline to None, run_after=None
[2025-08-17T17:26:55.935+0000] {processor.py:183} INFO - Processing /opt/airflow/dags/ml_pipeline.py took 0.115 seconds
[2025-08-17T17:27:26.152+0000] {processor.py:161} INFO - Started process (PID=514) to work on /opt/airflow/dags/ml_pipeline.py
[2025-08-17T17:27:26.154+0000] {processor.py:830} INFO - Processing file /opt/airflow/dags/ml_pipeline.py for tasks to queue
[2025-08-17T17:27:26.157+0000] {logging_mixin.py:188} INFO - [2025-08-17T17:27:26.156+0000] {dagbag.py:538} INFO - Filling up the DagBag from /opt/airflow/dags/ml_pipeline.py
[2025-08-17T17:27:26.281+0000] {processor.py:840} INFO - DAG(s) 'ml_pipeline' retrieved from /opt/airflow/dags/ml_pipeline.py
[2025-08-17T17:27:26.335+0000] {logging_mixin.py:188} INFO - [2025-08-17T17:27:26.335+0000] {dag.py:3036} INFO - Sync 1 DAGs
[2025-08-17T17:27:26.357+0000] {logging_mixin.py:188} INFO - [2025-08-17T17:27:26.357+0000] {dag.py:3823} INFO - Setting next_dagrun for ml_pipeline to None, run_after=None
[2025-08-17T17:27:26.407+0000] {processor.py:183} INFO - Processing /opt/airflow/dags/ml_pipeline.py took 0.260 seconds
[2025-08-17T17:27:56.682+0000] {processor.py:161} INFO - Started process (PID=519) to work on /opt/airflow/dags/ml_pipeline.py
[2025-08-17T17:27:56.683+0000] {processor.py:830} INFO - Processing file /opt/airflow/dags/ml_pipeline.py for tasks to queue
[2025-08-17T17:27:56.685+0000] {logging_mixin.py:188} INFO - [2025-08-17T17:27:56.685+0000] {dagbag.py:538} INFO - Filling up the DagBag from /opt/airflow/dags/ml_pipeline.py
[2025-08-17T17:27:56.712+0000] {processor.py:840} INFO - DAG(s) 'ml_pipeline' retrieved from /opt/airflow/dags/ml_pipeline.py
[2025-08-17T17:27:56.746+0000] {logging_mixin.py:188} INFO - [2025-08-17T17:27:56.746+0000] {dag.py:3036} INFO - Sync 1 DAGs
[2025-08-17T17:27:56.761+0000] {logging_mixin.py:188} INFO - [2025-08-17T17:27:56.761+0000] {dag.py:3823} INFO - Setting next_dagrun for ml_pipeline to None, run_after=None
[2025-08-17T17:27:56.788+0000] {processor.py:183} INFO - Processing /opt/airflow/dags/ml_pipeline.py took 0.112 seconds
[2025-08-17T17:28:26.874+0000] {processor.py:161} INFO - Started process (PID=524) to work on /opt/airflow/dags/ml_pipeline.py
[2025-08-17T17:28:26.876+0000] {processor.py:830} INFO - Processing file /opt/airflow/dags/ml_pipeline.py for tasks to queue
[2025-08-17T17:28:26.878+0000] {logging_mixin.py:188} INFO - [2025-08-17T17:28:26.878+0000] {dagbag.py:538} INFO - Filling up the DagBag from /opt/airflow/dags/ml_pipeline.py
[2025-08-17T17:28:26.909+0000] {processor.py:840} INFO - DAG(s) 'ml_pipeline' retrieved from /opt/airflow/dags/ml_pipeline.py
[2025-08-17T17:28:26.946+0000] {logging_mixin.py:188} INFO - [2025-08-17T17:28:26.945+0000] {dag.py:3036} INFO - Sync 1 DAGs
[2025-08-17T17:28:26.963+0000] {logging_mixin.py:188} INFO - [2025-08-17T17:28:26.962+0000] {dag.py:3823} INFO - Setting next_dagrun for ml_pipeline to None, run_after=None
[2025-08-17T17:28:26.991+0000] {processor.py:183} INFO - Processing /opt/airflow/dags/ml_pipeline.py took 0.123 seconds
[2025-08-17T17:28:57.205+0000] {processor.py:161} INFO - Started process (PID=529) to work on /opt/airflow/dags/ml_pipeline.py
[2025-08-17T17:28:57.206+0000] {processor.py:830} INFO - Processing file /opt/airflow/dags/ml_pipeline.py for tasks to queue
[2025-08-17T17:28:57.207+0000] {logging_mixin.py:188} INFO - [2025-08-17T17:28:57.207+0000] {dagbag.py:538} INFO - Filling up the DagBag from /opt/airflow/dags/ml_pipeline.py
[2025-08-17T17:28:57.235+0000] {processor.py:840} INFO - DAG(s) 'ml_pipeline' retrieved from /opt/airflow/dags/ml_pipeline.py
[2025-08-17T17:28:57.272+0000] {logging_mixin.py:188} INFO - [2025-08-17T17:28:57.271+0000] {dag.py:3036} INFO - Sync 1 DAGs
[2025-08-17T17:28:57.288+0000] {logging_mixin.py:188} INFO - [2025-08-17T17:28:57.288+0000] {dag.py:3823} INFO - Setting next_dagrun for ml_pipeline to None, run_after=None
[2025-08-17T17:28:57.320+0000] {processor.py:183} INFO - Processing /opt/airflow/dags/ml_pipeline.py took 0.120 seconds
[2025-08-17T17:29:27.414+0000] {processor.py:161} INFO - Started process (PID=534) to work on /opt/airflow/dags/ml_pipeline.py
[2025-08-17T17:29:27.415+0000] {processor.py:830} INFO - Processing file /opt/airflow/dags/ml_pipeline.py for tasks to queue
[2025-08-17T17:29:27.417+0000] {logging_mixin.py:188} INFO - [2025-08-17T17:29:27.417+0000] {dagbag.py:538} INFO - Filling up the DagBag from /opt/airflow/dags/ml_pipeline.py
[2025-08-17T17:29:27.444+0000] {processor.py:840} INFO - DAG(s) 'ml_pipeline' retrieved from /opt/airflow/dags/ml_pipeline.py
[2025-08-17T17:29:27.478+0000] {logging_mixin.py:188} INFO - [2025-08-17T17:29:27.478+0000] {dag.py:3036} INFO - Sync 1 DAGs
[2025-08-17T17:29:27.496+0000] {logging_mixin.py:188} INFO - [2025-08-17T17:29:27.496+0000] {dag.py:3823} INFO - Setting next_dagrun for ml_pipeline to None, run_after=None
[2025-08-17T17:29:27.529+0000] {processor.py:183} INFO - Processing /opt/airflow/dags/ml_pipeline.py took 0.119 seconds
[2025-08-17T17:29:57.711+0000] {processor.py:161} INFO - Started process (PID=539) to work on /opt/airflow/dags/ml_pipeline.py
[2025-08-17T17:29:57.713+0000] {processor.py:830} INFO - Processing file /opt/airflow/dags/ml_pipeline.py for tasks to queue
[2025-08-17T17:29:57.715+0000] {logging_mixin.py:188} INFO - [2025-08-17T17:29:57.714+0000] {dagbag.py:538} INFO - Filling up the DagBag from /opt/airflow/dags/ml_pipeline.py
[2025-08-17T17:29:57.742+0000] {processor.py:840} INFO - DAG(s) 'ml_pipeline' retrieved from /opt/airflow/dags/ml_pipeline.py
[2025-08-17T17:29:57.775+0000] {logging_mixin.py:188} INFO - [2025-08-17T17:29:57.775+0000] {dag.py:3036} INFO - Sync 1 DAGs
[2025-08-17T17:29:57.790+0000] {logging_mixin.py:188} INFO - [2025-08-17T17:29:57.790+0000] {dag.py:3823} INFO - Setting next_dagrun for ml_pipeline to None, run_after=None
[2025-08-17T17:29:57.823+0000] {processor.py:183} INFO - Processing /opt/airflow/dags/ml_pipeline.py took 0.116 seconds
[2025-08-17T17:30:27.934+0000] {processor.py:161} INFO - Started process (PID=544) to work on /opt/airflow/dags/ml_pipeline.py
[2025-08-17T17:30:27.936+0000] {processor.py:830} INFO - Processing file /opt/airflow/dags/ml_pipeline.py for tasks to queue
[2025-08-17T17:30:27.937+0000] {logging_mixin.py:188} INFO - [2025-08-17T17:30:27.937+0000] {dagbag.py:538} INFO - Filling up the DagBag from /opt/airflow/dags/ml_pipeline.py
[2025-08-17T17:30:27.964+0000] {processor.py:840} INFO - DAG(s) 'ml_pipeline' retrieved from /opt/airflow/dags/ml_pipeline.py
[2025-08-17T17:30:28.001+0000] {logging_mixin.py:188} INFO - [2025-08-17T17:30:28.000+0000] {dag.py:3036} INFO - Sync 1 DAGs
[2025-08-17T17:30:28.019+0000] {logging_mixin.py:188} INFO - [2025-08-17T17:30:28.019+0000] {dag.py:3823} INFO - Setting next_dagrun for ml_pipeline to None, run_after=None
[2025-08-17T17:30:28.047+0000] {processor.py:183} INFO - Processing /opt/airflow/dags/ml_pipeline.py took 0.118 seconds
[2025-08-17T17:30:58.218+0000] {processor.py:161} INFO - Started process (PID=549) to work on /opt/airflow/dags/ml_pipeline.py
[2025-08-17T17:30:58.220+0000] {processor.py:830} INFO - Processing file /opt/airflow/dags/ml_pipeline.py for tasks to queue
[2025-08-17T17:30:58.221+0000] {logging_mixin.py:188} INFO - [2025-08-17T17:30:58.221+0000] {dagbag.py:538} INFO - Filling up the DagBag from /opt/airflow/dags/ml_pipeline.py
[2025-08-17T17:30:58.249+0000] {processor.py:840} INFO - DAG(s) 'ml_pipeline' retrieved from /opt/airflow/dags/ml_pipeline.py
[2025-08-17T17:30:58.283+0000] {logging_mixin.py:188} INFO - [2025-08-17T17:30:58.283+0000] {dag.py:3036} INFO - Sync 1 DAGs
[2025-08-17T17:30:58.300+0000] {logging_mixin.py:188} INFO - [2025-08-17T17:30:58.300+0000] {dag.py:3823} INFO - Setting next_dagrun for ml_pipeline to None, run_after=None
[2025-08-17T17:30:58.332+0000] {processor.py:183} INFO - Processing /opt/airflow/dags/ml_pipeline.py took 0.119 seconds
[2025-08-17T17:31:28.442+0000] {processor.py:161} INFO - Started process (PID=554) to work on /opt/airflow/dags/ml_pipeline.py
[2025-08-17T17:31:28.443+0000] {processor.py:830} INFO - Processing file /opt/airflow/dags/ml_pipeline.py for tasks to queue
[2025-08-17T17:31:28.445+0000] {logging_mixin.py:188} INFO - [2025-08-17T17:31:28.444+0000] {dagbag.py:538} INFO - Filling up the DagBag from /opt/airflow/dags/ml_pipeline.py
[2025-08-17T17:31:28.470+0000] {processor.py:840} INFO - DAG(s) 'ml_pipeline' retrieved from /opt/airflow/dags/ml_pipeline.py
[2025-08-17T17:31:28.512+0000] {logging_mixin.py:188} INFO - [2025-08-17T17:31:28.512+0000] {dag.py:3036} INFO - Sync 1 DAGs
[2025-08-17T17:31:28.530+0000] {logging_mixin.py:188} INFO - [2025-08-17T17:31:28.530+0000] {dag.py:3823} INFO - Setting next_dagrun for ml_pipeline to None, run_after=None
[2025-08-17T17:31:28.561+0000] {processor.py:183} INFO - Processing /opt/airflow/dags/ml_pipeline.py took 0.124 seconds
[2025-08-17T17:31:58.720+0000] {processor.py:161} INFO - Started process (PID=559) to work on /opt/airflow/dags/ml_pipeline.py
[2025-08-17T17:31:58.722+0000] {processor.py:830} INFO - Processing file /opt/airflow/dags/ml_pipeline.py for tasks to queue
[2025-08-17T17:31:58.725+0000] {logging_mixin.py:188} INFO - [2025-08-17T17:31:58.724+0000] {dagbag.py:538} INFO - Filling up the DagBag from /opt/airflow/dags/ml_pipeline.py
[2025-08-17T17:31:58.771+0000] {processor.py:840} INFO - DAG(s) 'ml_pipeline' retrieved from /opt/airflow/dags/ml_pipeline.py
[2025-08-17T17:31:58.832+0000] {logging_mixin.py:188} INFO - [2025-08-17T17:31:58.832+0000] {dag.py:3036} INFO - Sync 1 DAGs
[2025-08-17T17:31:58.862+0000] {logging_mixin.py:188} INFO - [2025-08-17T17:31:58.861+0000] {dag.py:3823} INFO - Setting next_dagrun for ml_pipeline to None, run_after=None
[2025-08-17T17:31:58.909+0000] {processor.py:183} INFO - Processing /opt/airflow/dags/ml_pipeline.py took 0.198 seconds
[2025-08-17T17:32:29.171+0000] {processor.py:161} INFO - Started process (PID=564) to work on /opt/airflow/dags/ml_pipeline.py
[2025-08-17T17:32:29.180+0000] {processor.py:830} INFO - Processing file /opt/airflow/dags/ml_pipeline.py for tasks to queue
[2025-08-17T17:32:29.186+0000] {logging_mixin.py:188} INFO - [2025-08-17T17:32:29.185+0000] {dagbag.py:538} INFO - Filling up the DagBag from /opt/airflow/dags/ml_pipeline.py
[2025-08-17T17:32:29.222+0000] {processor.py:840} INFO - DAG(s) 'ml_pipeline' retrieved from /opt/airflow/dags/ml_pipeline.py
[2025-08-17T17:32:29.259+0000] {logging_mixin.py:188} INFO - [2025-08-17T17:32:29.259+0000] {dag.py:3036} INFO - Sync 1 DAGs
[2025-08-17T17:32:29.279+0000] {logging_mixin.py:188} INFO - [2025-08-17T17:32:29.279+0000] {dag.py:3823} INFO - Setting next_dagrun for ml_pipeline to None, run_after=None
[2025-08-17T17:32:29.310+0000] {processor.py:183} INFO - Processing /opt/airflow/dags/ml_pipeline.py took 0.154 seconds
[2025-08-17T17:32:59.401+0000] {processor.py:161} INFO - Started process (PID=569) to work on /opt/airflow/dags/ml_pipeline.py
[2025-08-17T17:32:59.403+0000] {processor.py:830} INFO - Processing file /opt/airflow/dags/ml_pipeline.py for tasks to queue
[2025-08-17T17:32:59.404+0000] {logging_mixin.py:188} INFO - [2025-08-17T17:32:59.404+0000] {dagbag.py:538} INFO - Filling up the DagBag from /opt/airflow/dags/ml_pipeline.py
[2025-08-17T17:32:59.435+0000] {processor.py:840} INFO - DAG(s) 'ml_pipeline' retrieved from /opt/airflow/dags/ml_pipeline.py
[2025-08-17T17:32:59.475+0000] {logging_mixin.py:188} INFO - [2025-08-17T17:32:59.475+0000] {dag.py:3036} INFO - Sync 1 DAGs
[2025-08-17T17:32:59.497+0000] {logging_mixin.py:188} INFO - [2025-08-17T17:32:59.497+0000] {dag.py:3823} INFO - Setting next_dagrun for ml_pipeline to None, run_after=None
[2025-08-17T17:32:59.524+0000] {processor.py:183} INFO - Processing /opt/airflow/dags/ml_pipeline.py took 0.127 seconds
[2025-08-17T17:33:29.732+0000] {processor.py:161} INFO - Started process (PID=574) to work on /opt/airflow/dags/ml_pipeline.py
[2025-08-17T17:33:29.733+0000] {processor.py:830} INFO - Processing file /opt/airflow/dags/ml_pipeline.py for tasks to queue
[2025-08-17T17:33:29.734+0000] {logging_mixin.py:188} INFO - [2025-08-17T17:33:29.734+0000] {dagbag.py:538} INFO - Filling up the DagBag from /opt/airflow/dags/ml_pipeline.py
[2025-08-17T17:33:29.762+0000] {processor.py:840} INFO - DAG(s) 'ml_pipeline' retrieved from /opt/airflow/dags/ml_pipeline.py
[2025-08-17T17:33:29.797+0000] {logging_mixin.py:188} INFO - [2025-08-17T17:33:29.796+0000] {dag.py:3036} INFO - Sync 1 DAGs
[2025-08-17T17:33:29.811+0000] {logging_mixin.py:188} INFO - [2025-08-17T17:33:29.811+0000] {dag.py:3823} INFO - Setting next_dagrun for ml_pipeline to None, run_after=None
[2025-08-17T17:33:29.836+0000] {processor.py:183} INFO - Processing /opt/airflow/dags/ml_pipeline.py took 0.108 seconds
[2025-08-17T17:33:59.939+0000] {processor.py:161} INFO - Started process (PID=579) to work on /opt/airflow/dags/ml_pipeline.py
[2025-08-17T17:33:59.941+0000] {processor.py:830} INFO - Processing file /opt/airflow/dags/ml_pipeline.py for tasks to queue
[2025-08-17T17:33:59.942+0000] {logging_mixin.py:188} INFO - [2025-08-17T17:33:59.942+0000] {dagbag.py:538} INFO - Filling up the DagBag from /opt/airflow/dags/ml_pipeline.py
[2025-08-17T17:33:59.968+0000] {processor.py:840} INFO - DAG(s) 'ml_pipeline' retrieved from /opt/airflow/dags/ml_pipeline.py
[2025-08-17T17:34:00.003+0000] {logging_mixin.py:188} INFO - [2025-08-17T17:34:00.003+0000] {dag.py:3036} INFO - Sync 1 DAGs
[2025-08-17T17:34:00.036+0000] {logging_mixin.py:188} INFO - [2025-08-17T17:34:00.036+0000] {dag.py:3823} INFO - Setting next_dagrun for ml_pipeline to None, run_after=None
[2025-08-17T17:34:00.067+0000] {processor.py:183} INFO - Processing /opt/airflow/dags/ml_pipeline.py took 0.134 seconds
[2025-08-17T17:34:30.222+0000] {processor.py:161} INFO - Started process (PID=584) to work on /opt/airflow/dags/ml_pipeline.py
[2025-08-17T17:34:30.224+0000] {processor.py:830} INFO - Processing file /opt/airflow/dags/ml_pipeline.py for tasks to queue
[2025-08-17T17:34:30.225+0000] {logging_mixin.py:188} INFO - [2025-08-17T17:34:30.225+0000] {dagbag.py:538} INFO - Filling up the DagBag from /opt/airflow/dags/ml_pipeline.py
[2025-08-17T17:34:30.262+0000] {processor.py:840} INFO - DAG(s) 'ml_pipeline' retrieved from /opt/airflow/dags/ml_pipeline.py
[2025-08-17T17:34:30.302+0000] {logging_mixin.py:188} INFO - [2025-08-17T17:34:30.301+0000] {dag.py:3036} INFO - Sync 1 DAGs
[2025-08-17T17:34:30.321+0000] {logging_mixin.py:188} INFO - [2025-08-17T17:34:30.320+0000] {dag.py:3823} INFO - Setting next_dagrun for ml_pipeline to None, run_after=None
[2025-08-17T17:34:30.347+0000] {processor.py:183} INFO - Processing /opt/airflow/dags/ml_pipeline.py took 0.130 seconds
[2025-08-17T17:35:00.473+0000] {processor.py:161} INFO - Started process (PID=589) to work on /opt/airflow/dags/ml_pipeline.py
[2025-08-17T17:35:00.474+0000] {processor.py:830} INFO - Processing file /opt/airflow/dags/ml_pipeline.py for tasks to queue
[2025-08-17T17:35:00.476+0000] {logging_mixin.py:188} INFO - [2025-08-17T17:35:00.475+0000] {dagbag.py:538} INFO - Filling up the DagBag from /opt/airflow/dags/ml_pipeline.py
[2025-08-17T17:35:00.502+0000] {processor.py:840} INFO - DAG(s) 'ml_pipeline' retrieved from /opt/airflow/dags/ml_pipeline.py
[2025-08-17T17:35:00.540+0000] {logging_mixin.py:188} INFO - [2025-08-17T17:35:00.539+0000] {dag.py:3036} INFO - Sync 1 DAGs
[2025-08-17T17:35:00.558+0000] {logging_mixin.py:188} INFO - [2025-08-17T17:35:00.557+0000] {dag.py:3823} INFO - Setting next_dagrun for ml_pipeline to None, run_after=None
[2025-08-17T17:35:00.586+0000] {processor.py:183} INFO - Processing /opt/airflow/dags/ml_pipeline.py took 0.120 seconds
[2025-08-17T17:35:30.757+0000] {processor.py:161} INFO - Started process (PID=594) to work on /opt/airflow/dags/ml_pipeline.py
[2025-08-17T17:35:30.759+0000] {processor.py:830} INFO - Processing file /opt/airflow/dags/ml_pipeline.py for tasks to queue
[2025-08-17T17:35:30.760+0000] {logging_mixin.py:188} INFO - [2025-08-17T17:35:30.760+0000] {dagbag.py:538} INFO - Filling up the DagBag from /opt/airflow/dags/ml_pipeline.py
[2025-08-17T17:35:30.789+0000] {processor.py:840} INFO - DAG(s) 'ml_pipeline' retrieved from /opt/airflow/dags/ml_pipeline.py
[2025-08-17T17:35:30.828+0000] {logging_mixin.py:188} INFO - [2025-08-17T17:35:30.828+0000] {dag.py:3036} INFO - Sync 1 DAGs
[2025-08-17T17:35:30.846+0000] {logging_mixin.py:188} INFO - [2025-08-17T17:35:30.846+0000] {dag.py:3823} INFO - Setting next_dagrun for ml_pipeline to None, run_after=None
[2025-08-17T17:35:30.882+0000] {processor.py:183} INFO - Processing /opt/airflow/dags/ml_pipeline.py took 0.130 seconds
[2025-08-17T17:36:00.980+0000] {processor.py:161} INFO - Started process (PID=599) to work on /opt/airflow/dags/ml_pipeline.py
[2025-08-17T17:36:00.982+0000] {processor.py:830} INFO - Processing file /opt/airflow/dags/ml_pipeline.py for tasks to queue
[2025-08-17T17:36:00.983+0000] {logging_mixin.py:188} INFO - [2025-08-17T17:36:00.983+0000] {dagbag.py:538} INFO - Filling up the DagBag from /opt/airflow/dags/ml_pipeline.py
[2025-08-17T17:36:01.009+0000] {processor.py:840} INFO - DAG(s) 'ml_pipeline' retrieved from /opt/airflow/dags/ml_pipeline.py
[2025-08-17T17:36:01.048+0000] {logging_mixin.py:188} INFO - [2025-08-17T17:36:01.047+0000] {dag.py:3036} INFO - Sync 1 DAGs
[2025-08-17T17:36:01.063+0000] {logging_mixin.py:188} INFO - [2025-08-17T17:36:01.063+0000] {dag.py:3823} INFO - Setting next_dagrun for ml_pipeline to None, run_after=None
[2025-08-17T17:36:01.094+0000] {processor.py:183} INFO - Processing /opt/airflow/dags/ml_pipeline.py took 0.118 seconds
[2025-08-17T17:36:31.291+0000] {processor.py:161} INFO - Started process (PID=604) to work on /opt/airflow/dags/ml_pipeline.py
[2025-08-17T17:36:31.293+0000] {processor.py:830} INFO - Processing file /opt/airflow/dags/ml_pipeline.py for tasks to queue
[2025-08-17T17:36:31.294+0000] {logging_mixin.py:188} INFO - [2025-08-17T17:36:31.294+0000] {dagbag.py:538} INFO - Filling up the DagBag from /opt/airflow/dags/ml_pipeline.py
[2025-08-17T17:36:31.322+0000] {processor.py:840} INFO - DAG(s) 'ml_pipeline' retrieved from /opt/airflow/dags/ml_pipeline.py
[2025-08-17T17:36:31.363+0000] {logging_mixin.py:188} INFO - [2025-08-17T17:36:31.362+0000] {dag.py:3036} INFO - Sync 1 DAGs
[2025-08-17T17:36:31.387+0000] {logging_mixin.py:188} INFO - [2025-08-17T17:36:31.387+0000] {dag.py:3823} INFO - Setting next_dagrun for ml_pipeline to None, run_after=None
[2025-08-17T17:36:31.417+0000] {processor.py:183} INFO - Processing /opt/airflow/dags/ml_pipeline.py took 0.129 seconds
[2025-08-17T17:37:01.496+0000] {processor.py:161} INFO - Started process (PID=609) to work on /opt/airflow/dags/ml_pipeline.py
[2025-08-17T17:37:01.497+0000] {processor.py:830} INFO - Processing file /opt/airflow/dags/ml_pipeline.py for tasks to queue
[2025-08-17T17:37:01.499+0000] {logging_mixin.py:188} INFO - [2025-08-17T17:37:01.498+0000] {dagbag.py:538} INFO - Filling up the DagBag from /opt/airflow/dags/ml_pipeline.py
[2025-08-17T17:37:01.526+0000] {processor.py:840} INFO - DAG(s) 'ml_pipeline' retrieved from /opt/airflow/dags/ml_pipeline.py
[2025-08-17T17:37:01.561+0000] {logging_mixin.py:188} INFO - [2025-08-17T17:37:01.561+0000] {dag.py:3036} INFO - Sync 1 DAGs
[2025-08-17T17:37:01.577+0000] {logging_mixin.py:188} INFO - [2025-08-17T17:37:01.577+0000] {dag.py:3823} INFO - Setting next_dagrun for ml_pipeline to None, run_after=None
[2025-08-17T17:37:01.605+0000] {processor.py:183} INFO - Processing /opt/airflow/dags/ml_pipeline.py took 0.116 seconds
[2025-08-17T17:37:31.821+0000] {processor.py:161} INFO - Started process (PID=614) to work on /opt/airflow/dags/ml_pipeline.py
[2025-08-17T17:37:31.822+0000] {processor.py:830} INFO - Processing file /opt/airflow/dags/ml_pipeline.py for tasks to queue
[2025-08-17T17:37:31.824+0000] {logging_mixin.py:188} INFO - [2025-08-17T17:37:31.823+0000] {dagbag.py:538} INFO - Filling up the DagBag from /opt/airflow/dags/ml_pipeline.py
[2025-08-17T17:37:31.850+0000] {processor.py:840} INFO - DAG(s) 'ml_pipeline' retrieved from /opt/airflow/dags/ml_pipeline.py
[2025-08-17T17:37:31.883+0000] {logging_mixin.py:188} INFO - [2025-08-17T17:37:31.883+0000] {dag.py:3036} INFO - Sync 1 DAGs
[2025-08-17T17:37:31.899+0000] {logging_mixin.py:188} INFO - [2025-08-17T17:37:31.898+0000] {dag.py:3823} INFO - Setting next_dagrun for ml_pipeline to None, run_after=None
[2025-08-17T17:37:31.927+0000] {processor.py:183} INFO - Processing /opt/airflow/dags/ml_pipeline.py took 0.111 seconds
[2025-08-17T17:38:02.098+0000] {processor.py:161} INFO - Started process (PID=619) to work on /opt/airflow/dags/ml_pipeline.py
[2025-08-17T17:38:02.100+0000] {processor.py:830} INFO - Processing file /opt/airflow/dags/ml_pipeline.py for tasks to queue
[2025-08-17T17:38:02.103+0000] {logging_mixin.py:188} INFO - [2025-08-17T17:38:02.103+0000] {dagbag.py:538} INFO - Filling up the DagBag from /opt/airflow/dags/ml_pipeline.py
[2025-08-17T17:38:02.142+0000] {processor.py:840} INFO - DAG(s) 'ml_pipeline' retrieved from /opt/airflow/dags/ml_pipeline.py
[2025-08-17T17:38:02.191+0000] {logging_mixin.py:188} INFO - [2025-08-17T17:38:02.191+0000] {dag.py:3036} INFO - Sync 1 DAGs
[2025-08-17T17:38:02.215+0000] {logging_mixin.py:188} INFO - [2025-08-17T17:38:02.214+0000] {dag.py:3823} INFO - Setting next_dagrun for ml_pipeline to None, run_after=None
[2025-08-17T17:38:02.249+0000] {processor.py:183} INFO - Processing /opt/airflow/dags/ml_pipeline.py took 0.156 seconds
[2025-08-17T17:38:32.330+0000] {processor.py:161} INFO - Started process (PID=624) to work on /opt/airflow/dags/ml_pipeline.py
[2025-08-17T17:38:32.332+0000] {processor.py:830} INFO - Processing file /opt/airflow/dags/ml_pipeline.py for tasks to queue
[2025-08-17T17:38:32.333+0000] {logging_mixin.py:188} INFO - [2025-08-17T17:38:32.333+0000] {dagbag.py:538} INFO - Filling up the DagBag from /opt/airflow/dags/ml_pipeline.py
[2025-08-17T17:38:32.359+0000] {processor.py:840} INFO - DAG(s) 'ml_pipeline' retrieved from /opt/airflow/dags/ml_pipeline.py
[2025-08-17T17:38:32.394+0000] {logging_mixin.py:188} INFO - [2025-08-17T17:38:32.393+0000] {dag.py:3036} INFO - Sync 1 DAGs
[2025-08-17T17:38:32.409+0000] {logging_mixin.py:188} INFO - [2025-08-17T17:38:32.409+0000] {dag.py:3823} INFO - Setting next_dagrun for ml_pipeline to None, run_after=None
[2025-08-17T17:38:32.435+0000] {processor.py:183} INFO - Processing /opt/airflow/dags/ml_pipeline.py took 0.110 seconds
[2025-08-17T17:39:02.637+0000] {processor.py:161} INFO - Started process (PID=629) to work on /opt/airflow/dags/ml_pipeline.py
[2025-08-17T17:39:02.638+0000] {processor.py:830} INFO - Processing file /opt/airflow/dags/ml_pipeline.py for tasks to queue
[2025-08-17T17:39:02.640+0000] {logging_mixin.py:188} INFO - [2025-08-17T17:39:02.639+0000] {dagbag.py:538} INFO - Filling up the DagBag from /opt/airflow/dags/ml_pipeline.py
[2025-08-17T17:39:02.667+0000] {processor.py:840} INFO - DAG(s) 'ml_pipeline' retrieved from /opt/airflow/dags/ml_pipeline.py
[2025-08-17T17:39:02.703+0000] {logging_mixin.py:188} INFO - [2025-08-17T17:39:02.702+0000] {dag.py:3036} INFO - Sync 1 DAGs
[2025-08-17T17:39:02.718+0000] {logging_mixin.py:188} INFO - [2025-08-17T17:39:02.717+0000] {dag.py:3823} INFO - Setting next_dagrun for ml_pipeline to None, run_after=None
[2025-08-17T17:39:02.742+0000] {processor.py:183} INFO - Processing /opt/airflow/dags/ml_pipeline.py took 0.109 seconds
[2025-08-17T17:39:32.851+0000] {processor.py:161} INFO - Started process (PID=634) to work on /opt/airflow/dags/ml_pipeline.py
[2025-08-17T17:39:32.852+0000] {processor.py:830} INFO - Processing file /opt/airflow/dags/ml_pipeline.py for tasks to queue
[2025-08-17T17:39:32.853+0000] {logging_mixin.py:188} INFO - [2025-08-17T17:39:32.853+0000] {dagbag.py:538} INFO - Filling up the DagBag from /opt/airflow/dags/ml_pipeline.py
[2025-08-17T17:39:32.881+0000] {processor.py:840} INFO - DAG(s) 'ml_pipeline' retrieved from /opt/airflow/dags/ml_pipeline.py
[2025-08-17T17:39:32.917+0000] {logging_mixin.py:188} INFO - [2025-08-17T17:39:32.916+0000] {dag.py:3036} INFO - Sync 1 DAGs
[2025-08-17T17:39:32.932+0000] {logging_mixin.py:188} INFO - [2025-08-17T17:39:32.931+0000] {dag.py:3823} INFO - Setting next_dagrun for ml_pipeline to None, run_after=None
[2025-08-17T17:39:32.955+0000] {processor.py:183} INFO - Processing /opt/airflow/dags/ml_pipeline.py took 0.110 seconds
[2025-08-17T17:40:03.177+0000] {processor.py:161} INFO - Started process (PID=639) to work on /opt/airflow/dags/ml_pipeline.py
[2025-08-17T17:40:03.178+0000] {processor.py:830} INFO - Processing file /opt/airflow/dags/ml_pipeline.py for tasks to queue
[2025-08-17T17:40:03.180+0000] {logging_mixin.py:188} INFO - [2025-08-17T17:40:03.179+0000] {dagbag.py:538} INFO - Filling up the DagBag from /opt/airflow/dags/ml_pipeline.py
[2025-08-17T17:40:03.208+0000] {processor.py:840} INFO - DAG(s) 'ml_pipeline' retrieved from /opt/airflow/dags/ml_pipeline.py
[2025-08-17T17:40:03.243+0000] {logging_mixin.py:188} INFO - [2025-08-17T17:40:03.242+0000] {dag.py:3036} INFO - Sync 1 DAGs
[2025-08-17T17:40:03.258+0000] {logging_mixin.py:188} INFO - [2025-08-17T17:40:03.258+0000] {dag.py:3823} INFO - Setting next_dagrun for ml_pipeline to None, run_after=None
[2025-08-17T17:40:03.285+0000] {processor.py:183} INFO - Processing /opt/airflow/dags/ml_pipeline.py took 0.112 seconds
[2025-08-17T17:40:33.383+0000] {processor.py:161} INFO - Started process (PID=644) to work on /opt/airflow/dags/ml_pipeline.py
[2025-08-17T17:40:33.385+0000] {processor.py:830} INFO - Processing file /opt/airflow/dags/ml_pipeline.py for tasks to queue
[2025-08-17T17:40:33.386+0000] {logging_mixin.py:188} INFO - [2025-08-17T17:40:33.386+0000] {dagbag.py:538} INFO - Filling up the DagBag from /opt/airflow/dags/ml_pipeline.py
[2025-08-17T17:40:33.412+0000] {processor.py:840} INFO - DAG(s) 'ml_pipeline' retrieved from /opt/airflow/dags/ml_pipeline.py
[2025-08-17T17:40:33.447+0000] {logging_mixin.py:188} INFO - [2025-08-17T17:40:33.447+0000] {dag.py:3036} INFO - Sync 1 DAGs
[2025-08-17T17:40:33.462+0000] {logging_mixin.py:188} INFO - [2025-08-17T17:40:33.462+0000] {dag.py:3823} INFO - Setting next_dagrun for ml_pipeline to None, run_after=None
[2025-08-17T17:40:33.487+0000] {processor.py:183} INFO - Processing /opt/airflow/dags/ml_pipeline.py took 0.108 seconds
[2025-08-17T17:41:03.687+0000] {processor.py:161} INFO - Started process (PID=649) to work on /opt/airflow/dags/ml_pipeline.py
[2025-08-17T17:41:03.688+0000] {processor.py:830} INFO - Processing file /opt/airflow/dags/ml_pipeline.py for tasks to queue
[2025-08-17T17:41:03.690+0000] {logging_mixin.py:188} INFO - [2025-08-17T17:41:03.689+0000] {dagbag.py:538} INFO - Filling up the DagBag from /opt/airflow/dags/ml_pipeline.py
[2025-08-17T17:41:03.720+0000] {processor.py:840} INFO - DAG(s) 'ml_pipeline' retrieved from /opt/airflow/dags/ml_pipeline.py
[2025-08-17T17:41:03.754+0000] {logging_mixin.py:188} INFO - [2025-08-17T17:41:03.754+0000] {dag.py:3036} INFO - Sync 1 DAGs
[2025-08-17T17:41:03.768+0000] {logging_mixin.py:188} INFO - [2025-08-17T17:41:03.768+0000] {dag.py:3823} INFO - Setting next_dagrun for ml_pipeline to None, run_after=None
[2025-08-17T17:41:03.794+0000] {processor.py:183} INFO - Processing /opt/airflow/dags/ml_pipeline.py took 0.111 seconds
[2025-08-17T17:41:33.896+0000] {processor.py:161} INFO - Started process (PID=654) to work on /opt/airflow/dags/ml_pipeline.py
[2025-08-17T17:41:33.898+0000] {processor.py:830} INFO - Processing file /opt/airflow/dags/ml_pipeline.py for tasks to queue
[2025-08-17T17:41:33.899+0000] {logging_mixin.py:188} INFO - [2025-08-17T17:41:33.899+0000] {dagbag.py:538} INFO - Filling up the DagBag from /opt/airflow/dags/ml_pipeline.py
[2025-08-17T17:41:33.928+0000] {processor.py:840} INFO - DAG(s) 'ml_pipeline' retrieved from /opt/airflow/dags/ml_pipeline.py
[2025-08-17T17:41:33.964+0000] {logging_mixin.py:188} INFO - [2025-08-17T17:41:33.963+0000] {dag.py:3036} INFO - Sync 1 DAGs
[2025-08-17T17:41:33.979+0000] {logging_mixin.py:188} INFO - [2025-08-17T17:41:33.979+0000] {dag.py:3823} INFO - Setting next_dagrun for ml_pipeline to None, run_after=None
[2025-08-17T17:41:34.011+0000] {processor.py:183} INFO - Processing /opt/airflow/dags/ml_pipeline.py took 0.120 seconds
[2025-08-17T17:42:04.185+0000] {processor.py:161} INFO - Started process (PID=659) to work on /opt/airflow/dags/ml_pipeline.py
[2025-08-17T17:42:04.187+0000] {processor.py:830} INFO - Processing file /opt/airflow/dags/ml_pipeline.py for tasks to queue
[2025-08-17T17:42:04.188+0000] {logging_mixin.py:188} INFO - [2025-08-17T17:42:04.188+0000] {dagbag.py:538} INFO - Filling up the DagBag from /opt/airflow/dags/ml_pipeline.py
[2025-08-17T17:42:04.220+0000] {processor.py:840} INFO - DAG(s) 'ml_pipeline' retrieved from /opt/airflow/dags/ml_pipeline.py
[2025-08-17T17:42:04.253+0000] {logging_mixin.py:188} INFO - [2025-08-17T17:42:04.253+0000] {dag.py:3036} INFO - Sync 1 DAGs
[2025-08-17T17:42:04.268+0000] {logging_mixin.py:188} INFO - [2025-08-17T17:42:04.267+0000] {dag.py:3823} INFO - Setting next_dagrun for ml_pipeline to None, run_after=None
[2025-08-17T17:42:04.294+0000] {processor.py:183} INFO - Processing /opt/airflow/dags/ml_pipeline.py took 0.113 seconds
[2025-08-17T17:42:34.396+0000] {processor.py:161} INFO - Started process (PID=664) to work on /opt/airflow/dags/ml_pipeline.py
[2025-08-17T17:42:34.398+0000] {processor.py:830} INFO - Processing file /opt/airflow/dags/ml_pipeline.py for tasks to queue
[2025-08-17T17:42:34.399+0000] {logging_mixin.py:188} INFO - [2025-08-17T17:42:34.399+0000] {dagbag.py:538} INFO - Filling up the DagBag from /opt/airflow/dags/ml_pipeline.py
[2025-08-17T17:42:34.427+0000] {processor.py:840} INFO - DAG(s) 'ml_pipeline' retrieved from /opt/airflow/dags/ml_pipeline.py
[2025-08-17T17:42:34.460+0000] {logging_mixin.py:188} INFO - [2025-08-17T17:42:34.460+0000] {dag.py:3036} INFO - Sync 1 DAGs
[2025-08-17T17:42:34.475+0000] {logging_mixin.py:188} INFO - [2025-08-17T17:42:34.475+0000] {dag.py:3823} INFO - Setting next_dagrun for ml_pipeline to None, run_after=None
[2025-08-17T17:42:34.501+0000] {processor.py:183} INFO - Processing /opt/airflow/dags/ml_pipeline.py took 0.109 seconds
[2025-08-17T17:43:04.766+0000] {processor.py:161} INFO - Started process (PID=669) to work on /opt/airflow/dags/ml_pipeline.py
[2025-08-17T17:43:04.768+0000] {processor.py:830} INFO - Processing file /opt/airflow/dags/ml_pipeline.py for tasks to queue
[2025-08-17T17:43:04.771+0000] {logging_mixin.py:188} INFO - [2025-08-17T17:43:04.770+0000] {dagbag.py:538} INFO - Filling up the DagBag from /opt/airflow/dags/ml_pipeline.py
[2025-08-17T17:43:04.817+0000] {processor.py:840} INFO - DAG(s) 'ml_pipeline' retrieved from /opt/airflow/dags/ml_pipeline.py
[2025-08-17T17:43:04.865+0000] {logging_mixin.py:188} INFO - [2025-08-17T17:43:04.864+0000] {dag.py:3036} INFO - Sync 1 DAGs
[2025-08-17T17:43:04.881+0000] {logging_mixin.py:188} INFO - [2025-08-17T17:43:04.880+0000] {dag.py:3823} INFO - Setting next_dagrun for ml_pipeline to None, run_after=None
[2025-08-17T17:43:04.910+0000] {processor.py:183} INFO - Processing /opt/airflow/dags/ml_pipeline.py took 0.150 seconds
[2025-08-17T17:43:34.968+0000] {processor.py:161} INFO - Started process (PID=674) to work on /opt/airflow/dags/ml_pipeline.py
[2025-08-17T17:43:34.969+0000] {processor.py:830} INFO - Processing file /opt/airflow/dags/ml_pipeline.py for tasks to queue
[2025-08-17T17:43:34.971+0000] {logging_mixin.py:188} INFO - [2025-08-17T17:43:34.970+0000] {dagbag.py:538} INFO - Filling up the DagBag from /opt/airflow/dags/ml_pipeline.py
[2025-08-17T17:43:34.997+0000] {processor.py:840} INFO - DAG(s) 'ml_pipeline' retrieved from /opt/airflow/dags/ml_pipeline.py
[2025-08-17T17:43:35.032+0000] {logging_mixin.py:188} INFO - [2025-08-17T17:43:35.032+0000] {dag.py:3036} INFO - Sync 1 DAGs
[2025-08-17T17:43:35.048+0000] {logging_mixin.py:188} INFO - [2025-08-17T17:43:35.047+0000] {dag.py:3823} INFO - Setting next_dagrun for ml_pipeline to None, run_after=None
[2025-08-17T17:43:35.096+0000] {processor.py:183} INFO - Processing /opt/airflow/dags/ml_pipeline.py took 0.133 seconds
[2025-08-17T17:44:05.316+0000] {processor.py:161} INFO - Started process (PID=679) to work on /opt/airflow/dags/ml_pipeline.py
[2025-08-17T17:44:05.317+0000] {processor.py:830} INFO - Processing file /opt/airflow/dags/ml_pipeline.py for tasks to queue
[2025-08-17T17:44:05.319+0000] {logging_mixin.py:188} INFO - [2025-08-17T17:44:05.318+0000] {dagbag.py:538} INFO - Filling up the DagBag from /opt/airflow/dags/ml_pipeline.py
[2025-08-17T17:44:05.347+0000] {processor.py:840} INFO - DAG(s) 'ml_pipeline' retrieved from /opt/airflow/dags/ml_pipeline.py
[2025-08-17T17:44:05.381+0000] {logging_mixin.py:188} INFO - [2025-08-17T17:44:05.381+0000] {dag.py:3036} INFO - Sync 1 DAGs
[2025-08-17T17:44:05.396+0000] {logging_mixin.py:188} INFO - [2025-08-17T17:44:05.396+0000] {dag.py:3823} INFO - Setting next_dagrun for ml_pipeline to None, run_after=None
[2025-08-17T17:44:05.422+0000] {processor.py:183} INFO - Processing /opt/airflow/dags/ml_pipeline.py took 0.110 seconds
[2025-08-17T17:44:35.556+0000] {processor.py:161} INFO - Started process (PID=684) to work on /opt/airflow/dags/ml_pipeline.py
[2025-08-17T17:44:35.559+0000] {processor.py:830} INFO - Processing file /opt/airflow/dags/ml_pipeline.py for tasks to queue
[2025-08-17T17:44:35.562+0000] {logging_mixin.py:188} INFO - [2025-08-17T17:44:35.561+0000] {dagbag.py:538} INFO - Filling up the DagBag from /opt/airflow/dags/ml_pipeline.py
[2025-08-17T17:44:35.608+0000] {processor.py:840} INFO - DAG(s) 'ml_pipeline' retrieved from /opt/airflow/dags/ml_pipeline.py
[2025-08-17T17:44:35.639+0000] {logging_mixin.py:188} INFO - [2025-08-17T17:44:35.639+0000] {dag.py:3036} INFO - Sync 1 DAGs
[2025-08-17T17:44:35.654+0000] {logging_mixin.py:188} INFO - [2025-08-17T17:44:35.654+0000] {dag.py:3823} INFO - Setting next_dagrun for ml_pipeline to None, run_after=None
[2025-08-17T17:44:35.681+0000] {processor.py:183} INFO - Processing /opt/airflow/dags/ml_pipeline.py took 0.137 seconds
[2025-08-17T17:45:05.827+0000] {processor.py:161} INFO - Started process (PID=689) to work on /opt/airflow/dags/ml_pipeline.py
[2025-08-17T17:45:05.829+0000] {processor.py:830} INFO - Processing file /opt/airflow/dags/ml_pipeline.py for tasks to queue
[2025-08-17T17:45:05.830+0000] {logging_mixin.py:188} INFO - [2025-08-17T17:45:05.830+0000] {dagbag.py:538} INFO - Filling up the DagBag from /opt/airflow/dags/ml_pipeline.py
[2025-08-17T17:45:05.858+0000] {processor.py:840} INFO - DAG(s) 'ml_pipeline' retrieved from /opt/airflow/dags/ml_pipeline.py
[2025-08-17T17:45:05.898+0000] {logging_mixin.py:188} INFO - [2025-08-17T17:45:05.898+0000] {dag.py:3036} INFO - Sync 1 DAGs
[2025-08-17T17:45:05.916+0000] {logging_mixin.py:188} INFO - [2025-08-17T17:45:05.916+0000] {dag.py:3823} INFO - Setting next_dagrun for ml_pipeline to None, run_after=None
[2025-08-17T17:45:05.945+0000] {processor.py:183} INFO - Processing /opt/airflow/dags/ml_pipeline.py took 0.122 seconds
[2025-08-17T17:45:36.087+0000] {processor.py:161} INFO - Started process (PID=694) to work on /opt/airflow/dags/ml_pipeline.py
[2025-08-17T17:45:36.088+0000] {processor.py:830} INFO - Processing file /opt/airflow/dags/ml_pipeline.py for tasks to queue
[2025-08-17T17:45:36.090+0000] {logging_mixin.py:188} INFO - [2025-08-17T17:45:36.090+0000] {dagbag.py:538} INFO - Filling up the DagBag from /opt/airflow/dags/ml_pipeline.py
[2025-08-17T17:45:36.119+0000] {processor.py:840} INFO - DAG(s) 'ml_pipeline' retrieved from /opt/airflow/dags/ml_pipeline.py
[2025-08-17T17:45:36.150+0000] {logging_mixin.py:188} INFO - [2025-08-17T17:45:36.150+0000] {dag.py:3036} INFO - Sync 1 DAGs
[2025-08-17T17:45:36.166+0000] {logging_mixin.py:188} INFO - [2025-08-17T17:45:36.166+0000] {dag.py:3823} INFO - Setting next_dagrun for ml_pipeline to None, run_after=None
[2025-08-17T17:45:36.192+0000] {processor.py:183} INFO - Processing /opt/airflow/dags/ml_pipeline.py took 0.110 seconds
[2025-08-17T17:46:06.335+0000] {processor.py:161} INFO - Started process (PID=699) to work on /opt/airflow/dags/ml_pipeline.py
[2025-08-17T17:46:06.337+0000] {processor.py:830} INFO - Processing file /opt/airflow/dags/ml_pipeline.py for tasks to queue
[2025-08-17T17:46:06.339+0000] {logging_mixin.py:188} INFO - [2025-08-17T17:46:06.338+0000] {dagbag.py:538} INFO - Filling up the DagBag from /opt/airflow/dags/ml_pipeline.py
[2025-08-17T17:46:06.366+0000] {processor.py:840} INFO - DAG(s) 'ml_pipeline' retrieved from /opt/airflow/dags/ml_pipeline.py
[2025-08-17T17:46:06.399+0000] {logging_mixin.py:188} INFO - [2025-08-17T17:46:06.399+0000] {dag.py:3036} INFO - Sync 1 DAGs
[2025-08-17T17:46:06.414+0000] {logging_mixin.py:188} INFO - [2025-08-17T17:46:06.413+0000] {dag.py:3823} INFO - Setting next_dagrun for ml_pipeline to None, run_after=None
[2025-08-17T17:46:06.440+0000] {processor.py:183} INFO - Processing /opt/airflow/dags/ml_pipeline.py took 0.110 seconds
[2025-08-17T17:46:36.578+0000] {processor.py:161} INFO - Started process (PID=704) to work on /opt/airflow/dags/ml_pipeline.py
[2025-08-17T17:46:36.580+0000] {processor.py:830} INFO - Processing file /opt/airflow/dags/ml_pipeline.py for tasks to queue
[2025-08-17T17:46:36.581+0000] {logging_mixin.py:188} INFO - [2025-08-17T17:46:36.581+0000] {dagbag.py:538} INFO - Filling up the DagBag from /opt/airflow/dags/ml_pipeline.py
[2025-08-17T17:46:36.614+0000] {processor.py:840} INFO - DAG(s) 'ml_pipeline' retrieved from /opt/airflow/dags/ml_pipeline.py
[2025-08-17T17:46:36.649+0000] {logging_mixin.py:188} INFO - [2025-08-17T17:46:36.649+0000] {dag.py:3036} INFO - Sync 1 DAGs
[2025-08-17T17:46:36.664+0000] {logging_mixin.py:188} INFO - [2025-08-17T17:46:36.664+0000] {dag.py:3823} INFO - Setting next_dagrun for ml_pipeline to None, run_after=None
[2025-08-17T17:46:36.689+0000] {processor.py:183} INFO - Processing /opt/airflow/dags/ml_pipeline.py took 0.116 seconds
[2025-08-17T17:47:06.840+0000] {processor.py:161} INFO - Started process (PID=709) to work on /opt/airflow/dags/ml_pipeline.py
[2025-08-17T17:47:06.841+0000] {processor.py:830} INFO - Processing file /opt/airflow/dags/ml_pipeline.py for tasks to queue
[2025-08-17T17:47:06.843+0000] {logging_mixin.py:188} INFO - [2025-08-17T17:47:06.842+0000] {dagbag.py:538} INFO - Filling up the DagBag from /opt/airflow/dags/ml_pipeline.py
[2025-08-17T17:47:06.869+0000] {processor.py:840} INFO - DAG(s) 'ml_pipeline' retrieved from /opt/airflow/dags/ml_pipeline.py
[2025-08-17T17:47:06.903+0000] {logging_mixin.py:188} INFO - [2025-08-17T17:47:06.903+0000] {dag.py:3036} INFO - Sync 1 DAGs
[2025-08-17T17:47:06.919+0000] {logging_mixin.py:188} INFO - [2025-08-17T17:47:06.918+0000] {dag.py:3823} INFO - Setting next_dagrun for ml_pipeline to None, run_after=None
[2025-08-17T17:47:06.945+0000] {processor.py:183} INFO - Processing /opt/airflow/dags/ml_pipeline.py took 0.110 seconds
[2025-08-17T17:47:37.109+0000] {processor.py:161} INFO - Started process (PID=714) to work on /opt/airflow/dags/ml_pipeline.py
[2025-08-17T17:47:37.112+0000] {processor.py:830} INFO - Processing file /opt/airflow/dags/ml_pipeline.py for tasks to queue
[2025-08-17T17:47:37.114+0000] {logging_mixin.py:188} INFO - [2025-08-17T17:47:37.113+0000] {dagbag.py:538} INFO - Filling up the DagBag from /opt/airflow/dags/ml_pipeline.py
[2025-08-17T17:47:37.141+0000] {processor.py:840} INFO - DAG(s) 'ml_pipeline' retrieved from /opt/airflow/dags/ml_pipeline.py
[2025-08-17T17:47:37.172+0000] {logging_mixin.py:188} INFO - [2025-08-17T17:47:37.172+0000] {dag.py:3036} INFO - Sync 1 DAGs
[2025-08-17T17:47:37.186+0000] {logging_mixin.py:188} INFO - [2025-08-17T17:47:37.186+0000] {dag.py:3823} INFO - Setting next_dagrun for ml_pipeline to None, run_after=None
[2025-08-17T17:47:37.210+0000] {processor.py:183} INFO - Processing /opt/airflow/dags/ml_pipeline.py took 0.106 seconds
[2025-08-17T17:48:07.402+0000] {processor.py:161} INFO - Started process (PID=719) to work on /opt/airflow/dags/ml_pipeline.py
[2025-08-17T17:48:07.403+0000] {processor.py:830} INFO - Processing file /opt/airflow/dags/ml_pipeline.py for tasks to queue
[2025-08-17T17:48:07.405+0000] {logging_mixin.py:188} INFO - [2025-08-17T17:48:07.404+0000] {dagbag.py:538} INFO - Filling up the DagBag from /opt/airflow/dags/ml_pipeline.py
[2025-08-17T17:48:07.431+0000] {processor.py:840} INFO - DAG(s) 'ml_pipeline' retrieved from /opt/airflow/dags/ml_pipeline.py
[2025-08-17T17:48:07.464+0000] {logging_mixin.py:188} INFO - [2025-08-17T17:48:07.464+0000] {dag.py:3036} INFO - Sync 1 DAGs
[2025-08-17T17:48:07.479+0000] {logging_mixin.py:188} INFO - [2025-08-17T17:48:07.478+0000] {dag.py:3823} INFO - Setting next_dagrun for ml_pipeline to None, run_after=None
[2025-08-17T17:48:07.509+0000] {processor.py:183} INFO - Processing /opt/airflow/dags/ml_pipeline.py took 0.111 seconds
[2025-08-17T17:48:37.620+0000] {processor.py:161} INFO - Started process (PID=724) to work on /opt/airflow/dags/ml_pipeline.py
[2025-08-17T17:48:37.622+0000] {processor.py:830} INFO - Processing file /opt/airflow/dags/ml_pipeline.py for tasks to queue
[2025-08-17T17:48:37.624+0000] {logging_mixin.py:188} INFO - [2025-08-17T17:48:37.624+0000] {dagbag.py:538} INFO - Filling up the DagBag from /opt/airflow/dags/ml_pipeline.py
[2025-08-17T17:48:37.651+0000] {processor.py:840} INFO - DAG(s) 'ml_pipeline' retrieved from /opt/airflow/dags/ml_pipeline.py
[2025-08-17T17:48:37.695+0000] {logging_mixin.py:188} INFO - [2025-08-17T17:48:37.694+0000] {dag.py:3036} INFO - Sync 1 DAGs
[2025-08-17T17:48:37.717+0000] {logging_mixin.py:188} INFO - [2025-08-17T17:48:37.717+0000] {dag.py:3823} INFO - Setting next_dagrun for ml_pipeline to None, run_after=None
[2025-08-17T17:48:37.743+0000] {processor.py:183} INFO - Processing /opt/airflow/dags/ml_pipeline.py took 0.130 seconds
[2025-08-17T17:49:07.905+0000] {processor.py:161} INFO - Started process (PID=729) to work on /opt/airflow/dags/ml_pipeline.py
[2025-08-17T17:49:07.907+0000] {processor.py:830} INFO - Processing file /opt/airflow/dags/ml_pipeline.py for tasks to queue
[2025-08-17T17:49:07.908+0000] {logging_mixin.py:188} INFO - [2025-08-17T17:49:07.908+0000] {dagbag.py:538} INFO - Filling up the DagBag from /opt/airflow/dags/ml_pipeline.py
[2025-08-17T17:49:07.936+0000] {processor.py:840} INFO - DAG(s) 'ml_pipeline' retrieved from /opt/airflow/dags/ml_pipeline.py
[2025-08-17T17:49:07.968+0000] {logging_mixin.py:188} INFO - [2025-08-17T17:49:07.968+0000] {dag.py:3036} INFO - Sync 1 DAGs
[2025-08-17T17:49:07.983+0000] {logging_mixin.py:188} INFO - [2025-08-17T17:49:07.983+0000] {dag.py:3823} INFO - Setting next_dagrun for ml_pipeline to None, run_after=None
[2025-08-17T17:49:08.008+0000] {processor.py:183} INFO - Processing /opt/airflow/dags/ml_pipeline.py took 0.108 seconds
[2025-08-17T17:49:38.138+0000] {processor.py:161} INFO - Started process (PID=734) to work on /opt/airflow/dags/ml_pipeline.py
[2025-08-17T17:49:38.140+0000] {processor.py:830} INFO - Processing file /opt/airflow/dags/ml_pipeline.py for tasks to queue
[2025-08-17T17:49:38.141+0000] {logging_mixin.py:188} INFO - [2025-08-17T17:49:38.141+0000] {dagbag.py:538} INFO - Filling up the DagBag from /opt/airflow/dags/ml_pipeline.py
[2025-08-17T17:49:38.170+0000] {processor.py:840} INFO - DAG(s) 'ml_pipeline' retrieved from /opt/airflow/dags/ml_pipeline.py
[2025-08-17T17:49:38.203+0000] {logging_mixin.py:188} INFO - [2025-08-17T17:49:38.203+0000] {dag.py:3036} INFO - Sync 1 DAGs
[2025-08-17T17:49:38.218+0000] {logging_mixin.py:188} INFO - [2025-08-17T17:49:38.218+0000] {dag.py:3823} INFO - Setting next_dagrun for ml_pipeline to None, run_after=None
[2025-08-17T17:49:38.242+0000] {processor.py:183} INFO - Processing /opt/airflow/dags/ml_pipeline.py took 0.109 seconds
[2025-08-17T17:50:08.457+0000] {processor.py:161} INFO - Started process (PID=739) to work on /opt/airflow/dags/ml_pipeline.py
[2025-08-17T17:50:08.460+0000] {processor.py:830} INFO - Processing file /opt/airflow/dags/ml_pipeline.py for tasks to queue
[2025-08-17T17:50:08.463+0000] {logging_mixin.py:188} INFO - [2025-08-17T17:50:08.462+0000] {dagbag.py:538} INFO - Filling up the DagBag from /opt/airflow/dags/ml_pipeline.py
[2025-08-17T17:50:08.493+0000] {processor.py:840} INFO - DAG(s) 'ml_pipeline' retrieved from /opt/airflow/dags/ml_pipeline.py
[2025-08-17T17:50:08.527+0000] {logging_mixin.py:188} INFO - [2025-08-17T17:50:08.527+0000] {dag.py:3036} INFO - Sync 1 DAGs
[2025-08-17T17:50:08.542+0000] {logging_mixin.py:188} INFO - [2025-08-17T17:50:08.541+0000] {dag.py:3823} INFO - Setting next_dagrun for ml_pipeline to None, run_after=None
[2025-08-17T17:50:08.567+0000] {processor.py:183} INFO - Processing /opt/airflow/dags/ml_pipeline.py took 0.122 seconds
[2025-08-17T17:50:38.665+0000] {processor.py:161} INFO - Started process (PID=744) to work on /opt/airflow/dags/ml_pipeline.py
[2025-08-17T17:50:38.667+0000] {processor.py:830} INFO - Processing file /opt/airflow/dags/ml_pipeline.py for tasks to queue
[2025-08-17T17:50:38.668+0000] {logging_mixin.py:188} INFO - [2025-08-17T17:50:38.668+0000] {dagbag.py:538} INFO - Filling up the DagBag from /opt/airflow/dags/ml_pipeline.py
[2025-08-17T17:50:38.698+0000] {processor.py:840} INFO - DAG(s) 'ml_pipeline' retrieved from /opt/airflow/dags/ml_pipeline.py
[2025-08-17T17:50:38.738+0000] {logging_mixin.py:188} INFO - [2025-08-17T17:50:38.737+0000] {dag.py:3036} INFO - Sync 1 DAGs
[2025-08-17T17:50:38.758+0000] {logging_mixin.py:188} INFO - [2025-08-17T17:50:38.758+0000] {dag.py:3823} INFO - Setting next_dagrun for ml_pipeline to None, run_after=None
[2025-08-17T17:50:38.798+0000] {processor.py:183} INFO - Processing /opt/airflow/dags/ml_pipeline.py took 0.137 seconds
[2025-08-17T17:51:08.971+0000] {processor.py:161} INFO - Started process (PID=749) to work on /opt/airflow/dags/ml_pipeline.py
[2025-08-17T17:51:08.973+0000] {processor.py:830} INFO - Processing file /opt/airflow/dags/ml_pipeline.py for tasks to queue
[2025-08-17T17:51:08.975+0000] {logging_mixin.py:188} INFO - [2025-08-17T17:51:08.974+0000] {dagbag.py:538} INFO - Filling up the DagBag from /opt/airflow/dags/ml_pipeline.py
[2025-08-17T17:51:09.003+0000] {processor.py:840} INFO - DAG(s) 'ml_pipeline' retrieved from /opt/airflow/dags/ml_pipeline.py
[2025-08-17T17:51:09.047+0000] {logging_mixin.py:188} INFO - [2025-08-17T17:51:09.047+0000] {dag.py:3036} INFO - Sync 1 DAGs
[2025-08-17T17:51:09.070+0000] {logging_mixin.py:188} INFO - [2025-08-17T17:51:09.070+0000] {dag.py:3823} INFO - Setting next_dagrun for ml_pipeline to None, run_after=None
[2025-08-17T17:51:09.105+0000] {processor.py:183} INFO - Processing /opt/airflow/dags/ml_pipeline.py took 0.138 seconds
[2025-08-17T17:51:39.238+0000] {processor.py:161} INFO - Started process (PID=754) to work on /opt/airflow/dags/ml_pipeline.py
[2025-08-17T17:51:39.240+0000] {processor.py:830} INFO - Processing file /opt/airflow/dags/ml_pipeline.py for tasks to queue
[2025-08-17T17:51:39.241+0000] {logging_mixin.py:188} INFO - [2025-08-17T17:51:39.241+0000] {dagbag.py:538} INFO - Filling up the DagBag from /opt/airflow/dags/ml_pipeline.py
[2025-08-17T17:51:39.266+0000] {processor.py:840} INFO - DAG(s) 'ml_pipeline' retrieved from /opt/airflow/dags/ml_pipeline.py
[2025-08-17T17:51:39.300+0000] {logging_mixin.py:188} INFO - [2025-08-17T17:51:39.299+0000] {dag.py:3036} INFO - Sync 1 DAGs
[2025-08-17T17:51:39.314+0000] {logging_mixin.py:188} INFO - [2025-08-17T17:51:39.314+0000] {dag.py:3823} INFO - Setting next_dagrun for ml_pipeline to None, run_after=None
[2025-08-17T17:51:39.338+0000] {processor.py:183} INFO - Processing /opt/airflow/dags/ml_pipeline.py took 0.104 seconds
[2025-08-17T17:52:09.557+0000] {processor.py:161} INFO - Started process (PID=759) to work on /opt/airflow/dags/ml_pipeline.py
[2025-08-17T17:52:09.558+0000] {processor.py:830} INFO - Processing file /opt/airflow/dags/ml_pipeline.py for tasks to queue
[2025-08-17T17:52:09.559+0000] {logging_mixin.py:188} INFO - [2025-08-17T17:52:09.559+0000] {dagbag.py:538} INFO - Filling up the DagBag from /opt/airflow/dags/ml_pipeline.py
[2025-08-17T17:52:09.587+0000] {processor.py:840} INFO - DAG(s) 'ml_pipeline' retrieved from /opt/airflow/dags/ml_pipeline.py
[2025-08-17T17:52:09.621+0000] {logging_mixin.py:188} INFO - [2025-08-17T17:52:09.620+0000] {dag.py:3036} INFO - Sync 1 DAGs
[2025-08-17T17:52:09.634+0000] {logging_mixin.py:188} INFO - [2025-08-17T17:52:09.634+0000] {dag.py:3823} INFO - Setting next_dagrun for ml_pipeline to None, run_after=None
[2025-08-17T17:52:09.660+0000] {processor.py:183} INFO - Processing /opt/airflow/dags/ml_pipeline.py took 0.107 seconds
